{"components": ["FE", "N", "VA"], "reference": ["Bell1967"], "phases": ["BCC_A2"], "output": "MS", "conditions": {"P": 101325, "N": 1, "T": [607.15, 536.15, 428.15, 406.15]}, "solver": {"mode": "manual", "sublattice_site_ratios": [1, 3], "sublattice_configurations": [["FE", ["N", "VA"]], ["FE", ["N", "VA"]], ["FE", ["N", "VA"]], ["FE", ["N", "VA"]]], "sublattice_occupancies": [[0.9635455744, [0.012611209602168248, 0.9873887903978318]], [0.9530686073, [0.01641413582069903, 0.9835858641793009]], [0.937666408, [0.02215912164787714, 0.9778408783521229]], [0.9283149785, [0.02574019349044325, 0.9742598065095568]]]}, "values": [[[1309.6902668889, 1309.6902668889, 1309.6902668889, 1309.6902668889], [1312.3272418252, 1312.3272418252, 1312.3272418252, 1312.3272418252], [1216.7288748521, 1216.7288748521, 1216.7288748521, 1216.7288748521], [876.7466678748, 876.7466678748, 876.7466678748, 876.7466678748]]]}