{"components": ["FE", "N", "VA"], "reference": ["Bell1967"], "phases": ["BCT_LATH"], "output": "MS", "conditions": {"P": 101325, "N": 1, "T": [788.15, 690.15, 685.15, 662.15, 626.15, 623.15, 597.15]}, "solver": {"mode": "manual", "sublattice_site_ratios": [1, 3], "sublattice_configurations": [["FE", ["N", "VA"]], ["FE", ["N", "VA"]], ["FE", ["N", "VA"]], ["FE", ["N", "VA"]], ["FE", ["N", "VA"]], ["FE", ["N", "VA"]], ["FE", ["N", "VA"]]], "sublattice_occupancies": [[0.9932563092000001, [0.0022631589777102556, 0.9977368410222898]], [0.9826846831, [0.005873473352400521, 0.9941265266475995]], [0.9784258211, [0.007349962369739699, 0.9926500376302603]], [0.9757299429, [0.008291248098104598, 0.9917087519018954]], [0.9738110825, [0.00896440728961068, 0.9910355927103893]], [0.9707525664000001, [0.010042872788364264, 0.9899571272116358]], [0.9680880690000001, [0.01098795726748424, 0.9890120427325158]]]}, "values": [[[1222.6188277556, 1222.6188277556, 1222.6188277556, 1222.6188277556, 1222.6188277556, 1222.6188277556, 1222.6188277556], [1497.8878213827, 1497.8878213827, 1497.8878213827, 1497.8878213827, 1497.8878213827, 1497.8878213827, 1497.8878213827], [1375.4148306774, 1375.4148306774, 1375.4148306774, 1375.4148306774, 1375.4148306774, 1375.4148306774, 1375.4148306774], [1426.0076829915, 1426.0076829915, 1426.0076829915, 1426.0076829915, 1426.0076829915, 1426.0076829915, 1426.0076829915], [1589.7916823188, 1589.7916823188, 1589.7916823188, 1589.7916823188, 1589.7916823188, 1589.7916823188, 1589.7916823188], [1490.1963497273, 1490.1963497273, 1490.1963497273, 1490.1963497273, 1490.1963497273, 1490.1963497273, 1490.1963497273], [1553.4646209607, 1553.4646209607, 1553.4646209607, 1553.4646209607, 1553.4646209607, 1553.4646209607, 1553.4646209607]]]}