{"components": ["FE", "NI", "W", "VA"], "reference": ["Ishida1974"], "phases": ["BCC_A2"], "output": "MS", "conditions": {"P": 101325, "N": 1, "T": [503.15, 518.15, 452.15]}, "solver": {"mode": "manual", "sublattice_site_ratios": [1, 3], "sublattice_configurations": [[["FE", "NI", "W"], "VA"], [["FE", "NI", "W"], "VA"], [["FE", "NI", "W"], "VA"]], "sublattice_occupancies": [[[0.8039225886, 0.18197827760000002, 0.0140991338], 1.0], [[0.8057226493, 0.1849779219, 0.0092994288], 1.0], [[0.801876275, 0.1919337699, 0.0061899551], 1.0]]}, "values": [[[1574.2899730649, 1574.2899730649, 1574.2899730649], [1390.4666093137, 1390.4666093137, 1390.4666093137], [1698.7628009116, 1698.7628009116, 1698.7628009116]]]}