{"index":{"94":333},"Al":{"94":0.0003472983},"B":{"94":0.0000509864},"C":{"94":0.0073429761},"Ce":{"94":0.0},"Co":{"94":0.0001496513},"Cr":{"94":0.1070708012},"Cu":{"94":0.000372993},"Fe":{"94":0.8579478061},"Ge":{"94":0.0},"H":{"94":0.0},"Hf":{"94":0.0},"Mn":{"94":0.00792637},"Mo":{"94":0.0071243036},"N":{"94":0.0031482891},"Nb":{"94":0.0004153105},"Ni":{"94":0.0005634851},"O":{"94":0.0},"P":{"94":0.0001779617},"PAGS":{"94":null},"Pb":{"94":0.0},"S":{"94":0.0000343811},"Si":{"94":0.0045140475},"Ta":{"94":0.0},"Ti":{"94":0.0},"V":{"94":0.002813339},"W":{"94":0.0},"Zr":{"94":0.0},"alloy_system":{"94":"Fe-C-Cr-Mn-Mo-N"},"austenitization_temperature":{"94":1348.15},"components":{"94":["B","C","CR","CU","FE","MN","MO","N","NI","P","VA"]},"conditions":{"94":{"N":1,"P":101325,"T":1348.15,"X_B":0.0000509864,"X_C":0.0073429761,"X_CR":0.1070708012,"X_CU":0.000372993,"X_MN":0.00792637,"X_MO":0.0071243036,"X_N":0.0031482891,"X_NI":0.0005634851,"X_P":0.0001779617}},"ignore":{"94":false},"martensite_start":{"94":558.15},"parent":{"94":"gamma"},"reference":{"94":"Finkler1996"},"type":{"94":"plate"},"original_components":{"94":["FE","C","SI","MN","P","S","CR","NI","MO","V","NB","B","N","AL","CO","CU","VA"]},"original_conditions":{"94":{"X_FE":0.8579478061}},"predicted_type":{"94":false},"calc_error":{"94":true},"error_message":{"94":["Removed 5 components while calculating martensite equilibrium.","Removed 6 components while calculating martensite equilibrium.","Removed 7 components while calculating martensite equilibrium.","Removed 8 components while calculating martensite equilibrium.","Removed 9 components while calculating martensite equilibrium."]},"solutionizing_components":{"94":["B","C","CR","CU","FE","MN","MO","N","NI","P","VA"]},"solutionizing_conditions":{"94":{"N":1,"P":101325,"T":1348.15,"X_B":0.0000509864,"X_C":0.0073429761,"X_CR":0.1070708012,"X_CU":0.000372993,"X_MN":0.00792637,"X_MO":0.0071243036,"X_N":0.0031482891,"X_NI":0.0005634851,"X_P":0.0001779617}},"solutionizing_phases":{"94":["FCC_A1","CHI_A12","HCP_A3","","","","","","","",""]},"austenite_composition":{"94":{"B":0.000052788,"C":0.0075276461,"CR":0.0990574092,"CU":0.0003859168,"FE":0.8791865575,"MN":0.0081966903,"MO":0.0027139533,"N":0.0021227604,"NI":0.0005719814,"P":0.000184297}},"austenite_components":{"94":["B","C","CR","CU","FE","MN","MO","N","NI","P","VA"]},"austenite_conditions":{"94":{"P":101325,"N":1,"X_B":0.000052788,"X_C":0.0075276461,"X_CR":0.0990574092,"X_CU":0.0003859168,"X_MN":0.0081966903,"X_MO":0.0027139533,"X_N":0.0021227604,"X_NI":0.0005719814,"X_P":0.000184297}},"non_FCC_solution_phases":{"94":2},"martensite_components":{"94":["C","CR","FE","MN","N","VA"]},"martensite_conditions":{"94":{"P":101325,"N":1,"X_C":0.0075276461,"X_CR":0.0990574092,"X_MN":0.0081966903,"X_N":0.0021227604,"T":558.15}},"DG_no_PAGS":{"94":null},"PAGS_energy":{"94":0.0},"DG":{"94":null},"new_DG":{"94":true},"DG_version":{"94":1723327183.5277383327}}