{"components": ["FE", "MN", "VA"], "reference": ["Gumlich1918", "Shteynberg1977"], "phases": ["BCC_A2"], "output": "MS", "conditions": {"P": 101325, "N": 1, "T": [602.0090604027, 692.8858110188, 712.9874491296, 742.9125542902, 777.9767449814]}, "solver": {"mode": "manual", "sublattice_site_ratios": [1, 3], "sublattice_configurations": [[["FE", "MN"], "VA"], [["FE", "MN"], "VA"], [["FE", "MN"], "VA"], [["FE", "MN"], "VA"], [["FE", "MN"], "VA"]], "sublattice_occupancies": [[[0.9574377269000001, 0.0425622731], 1.0], [[0.9798, 0.020200000000000003], 1.0], [[0.9837, 0.016300000000000002], 1.0], [[0.9879, 0.012100000000000001], 1.0], [[0.994, 0.006], 1.0]]}, "values": [[[2074.6718734131, 2074.6718734131, 2074.6718734131, 2074.6718734131, 2074.6718734131], [1782.5678020476, 1782.5678020476, 1782.5678020476, 1782.5678020476, 1782.5678020476], [1703.1503345417, 1703.1503345417, 1703.1503345417, 1703.1503345417, 1703.1503345417], [1562.0948634216, 1562.0948634216, 1562.0948634216, 1562.0948634216, 1562.0948634216], [1420.6377598623, 1420.6377598623, 1420.6377598623, 1420.6377598623, 1420.6377598623]]]}