{"components": ["FE", "MN", "VA"], "reference": ["Esser1925", "Gumlich1918", "Ishiwara1930", "Shteynberg1977"], "phases": ["BCT_PLATE"], "output": "MS", "conditions": {"P": 101325, "N": 1, "T": [506.7070469799, 465.0963087248, 482.5459731544, 472.8435416025, 487.7234704695, 587.7058240142, 627.3887349954, 638.1331007831, 657.7663554598, 688.1521835779]}, "solver": {"mode": "manual", "sublattice_site_ratios": [1, 3], "sublattice_configurations": [[["FE", "MN"], "VA"], [["FE", "MN"], "VA"], [["FE", "MN"], "VA"], [["FE", "MN"], "VA"], [["FE", "MN"], "VA"], [["FE", "MN"], "VA"], [["FE", "MN"], "VA"], [["FE", "MN"], "VA"], [["FE", "MN"], "VA"], [["FE", "MN"], "VA"]], "sublattice_occupancies": [[[0.9044948966, 0.0955051034], 1.0], [[0.9415047228000001, 0.0584952772], 1.0], [[0.9292307755, 0.0707692245], 1.0], [[0.9006000000000001, 0.0994], 1.0], [[0.9239, 0.0761], 1.0], [[0.9585, 0.0415], 1.0], [[0.9798, 0.020200000000000003], 1.0], [[0.9839, 0.0161], 1.0], [[0.9879, 0.012100000000000001], 1.0], [[0.994, 0.006], 1.0]]}, "values": [[[1890.2023650402, 1890.2023650402, 1890.2023650402, 1890.2023650402, 1890.2023650402, 1890.2023650402, 1890.2023650402, 1890.2023650402, 1890.2023650402, 1890.2023650402], [2851.9139953292, 2851.9139953292, 2851.9139953292, 2851.9139953292, 2851.9139953292, 2851.9139953292, 2851.9139953292, 2851.9139953292, 2851.9139953292, 2851.9139953292], [2493.6818043648, 2493.6818043648, 2493.6818043648, 2493.6818043648, 2493.6818043648, 2493.6818043648, 2493.6818043648, 2493.6818043648, 2493.6818043648, 2493.6818043648], [2084.3495991444, 2084.3495991444, 2084.3495991444, 2084.3495991444, 2084.3495991444, 2084.3495991444, 2084.3495991444, 2084.3495991444, 2084.3495991444, 2084.3495991444], [2359.735240925, 2359.735240925, 2359.735240925, 2359.735240925, 2359.735240925, 2359.735240925, 2359.735240925, 2359.735240925, 2359.735240925, 2359.735240925], [2200.5902209824, 2200.5902209824, 2200.5902209824, 2200.5902209824, 2200.5902209824, 2200.5902209824, 2200.5902209824, 2200.5902209824, 2200.5902209824, 2200.5902209824], [2267.1307463612, 2267.1307463612, 2267.1307463612, 2267.1307463612, 2267.1307463612, 2267.1307463612, 2267.1307463612, 2267.1307463612, 2267.1307463612, 2267.1307463612], [2256.1598881455, 2256.1598881455, 2256.1598881455, 2256.1598881455, 2256.1598881455, 2256.1598881455, 2256.1598881455, 2256.1598881455, 2256.1598881455, 2256.1598881455], [2176.1822080382, 2176.1822080382, 2176.1822080382, 2176.1822080382, 2176.1822080382, 2176.1822080382, 2176.1822080382, 2176.1822080382, 2176.1822080382, 2176.1822080382], [2052.5484209715, 2052.5484209715, 2052.5484209715, 2052.5484209715, 2052.5484209715, 2052.5484209715, 2052.5484209715, 2052.5484209715, 2052.5484209715, 2052.5484209715]]]}