{
    "FE": {
        "einstein": {
            "theta": [
                236.968375689724,
                "fit",
                0
            ]
        },
        "xiong": {
            "beta": [
                2.397714673372799,
                "fit",
                1
            ],
            "p": [
                0.3180115340611137,
                "fit",
                2
            ],
            "Tc": [
                0.6660477988856389,
                "fit",
                3
            ]
        },
        "bcm": {
            "beta_1": [
                0.007540227144283125,
                "fit",
                4
            ],
            "beta_2": [
                0.05373403393962477,
                "fit",
                5
            ],
            "tau": [
                2467.417063615982,
                "fit",
                6
            ],
            "gamma": [
                75.90377904939291,
                "fit",
                7
            ]
        }
    }
}