{
    "FE": {
        "BCC_A2": {
            "einstein": {
                "theta": [
                    309,
                    "fix"
                ]
            },
            "xiong": {
                "beta": [
                    2.22,
                    "fix"
                ],
                "p": [
                    0.37,
                    "fix"
                ],
                "Tc": [
                    1043,
                    "fix"
                ]
            },
            "symbolic_LT": {
                "expression": "a*T + b*T**4",
                "temp_bounds": [
                    0,
                    1811
                ],
                "a": [
                    0.006430966255710053,
                    [
                        0.005,
                        0.007
                    ],
                    "fit",
                    4
                ],
                "b": [
                    6.514180748071203e-13,
                    [
                        6.5e-13,
                        6.7e-13
                    ],
                    "fit",
                    3
                ],
                "variable_values": [
                    0.006430966255710053,
                    6.514180748071203e-13,
                    0.006430966255710053
                ]
            },
            "melt": {
                "T_melt": [
                    1811,
                    "fix"
                ],
                "liquid_Cp": [
                    46,
                    "fix"
                ],
                "a": [
                    19.175765446723425,
                    "fit",
                    0
                ],
                "b": [
                    3.484325484608571e+20,
                    "fit",
                    1
                ],
                "c": [
                    -1.4088007012491596e+40,
                    "fit",
                    2
                ],
                "solid_enthalpy": [
                    -19929.86261
                ],
                "solid_entropy": [
                    -129.748586
                ]
            },
            "offset": {
                "enthalpy": [
                    477.094,
                    "fix"
                ],
                "entropy": [
                    9.77906,
                    "fix"
                ]
            }
        },
        "FCC_A1": {
            "einstein": {
                "theta": [
                    309,
                    "fix"
                ]
            },
            "xiong": {
                "beta": [
                    0.7,
                    "fix"
                ],
                "p": [
                    0.25,
                    "fix"
                ],
                "Tn": [
                    67,
                    "fix"
                ]
            },
            "symbolic": {
                "expression": "a*T + b*T**4",
                "a": [
                    0.005676435058841739,
                    [
                        0.003,
                        0.007
                    ],
                    "fit",
                    6
                ],
                "b": [
                    2e-13,
                    [
                        2e-13,
                        6e-13
                    ],
                    "fit",
                    5
                ],
                "temp_bounds": [
                    0,
                    1811
                ],
                "variable_values": [
                    0.005676435058841739,
                    2e-13
                ]
            },
            "melt": {
                "T_melt": [
                    1811,
                    "fix"
                ],
                "liquid_Cp": [
                    46,
                    "fix"
                ],
                "a": [
                    14.390052521935212,
                    [
                        10,
                        18
                    ],
                    "fit",
                    2
                ],
                "b": [
                    1.2037201870112917e+21,
                    [
                        5e+18,
                        5e+21
                    ],
                    "fit",
                    3
                ],
                "c": [
                    -4.6228531423746115e+40,
                    [
                        -1e+41,
                        -1e+39
                    ],
                    "fit",
                    4
                ],
                "solid_enthalpy": [
                    -9729.52,
                    "fix"
                ],
                "solid_entropy": [
                    -94.5397,
                    "fix"
                ]
            },
            "offset": {
                "enthalpy": [
                    -2235.742,
                    "fix"
                ],
                "entropy": [
                    4.49242,
                    "fix"
                ]
            },
            "two-state": {
                "expression": "9023.52375 - 2.4952226*T",
                "a": [
                    50000.0,
                    [
                        -50000.0,
                        50000.0
                    ],
                    "fit",
                    1
                ],
                "b": [
                    10.0,
                    [
                        -10,
                        10
                    ],
                    "fit",
                    0
                ],
                "symbols": [
                    "b",
                    "a"
                ]
            }
        },
        "LIQUID": {
            "einstein": {
                "theta": [
                    245,
                    "fix"
                ]
            },
            "xiong": {
                "beta": [
                    1.7,
                    "fix"
                ],
                "p": [
                    0.25,
                    "fix"
                ],
                "Tc": [
                    200,
                    "fix"
                ]
            },
            "two-state": {
                "dE": [
                    [
                        42754.9478,
                        -7.624,
                        -1.08230446
                    ],
                    "[1, T, T*log(T)]",
                    "fix"
                ]
            }
        }
    }
}