{
    "FE": {
        "BCC_A2": {
            "einstein": {
                "theta": [
                    40.136096506260984,
                    "fit",
                    0
                ]
            },
            "xiong": {
                "beta": [
                    2.22,
                    "fix"
                ],
                "p": [
                    0.37,
                    "fix"
                ],
                "Tc": [
                    1043,
                    "fix"
                ]
            },
            "symbolic": {
                "expression": "T*a + T**4*b",
                "temp_bounds": [
                    0,
                    1811
                ],
                "a": [
                    0.008308581660705552,
                    "fit",
                    4
                ],
                "b": [
                    4.1145424193008553e-13,
                    "fit",
                    5
                ]
            },
            "melt": {
                "T_melt": [
                    1811,
                    "fix"
                ],
                "liquid_Cp": [
                    46,
                    "fix"
                ],
                "a": [
                    1.6635050492216399,
                    "fit",
                    1
                ],
                "b": [
                    1.6865853427066167e+19,
                    "fit",
                    2
                ],
                "c": [
                    -4.285486697966534e+37,
                    "fit",
                    3
                ],
                "solid_enthalpy": [
                    -27442.8,
                    "fix"
                ],
                "solid_entropy": [
                    -153.941,
                    "fix"
                ]
            },
            "offset": {
                "enthalpy": [
                    -1130.419885,
                    "fix"
                ],
                "entropy": [
                    8.055879,
                    "fix"
                ]
            }
        }
    }
}