{
    "FE": {
        "BCC_A2": {
            "einstein": {
                "theta": [
                    326.76317717924553,
                    "fit",
                    0
                ]
            },
            "xiong": {
                "beta": [
                    2.22,
                    "fix"
                ],
                "p": [
                    0.37,
                    "fix"
                ],
                "Tc": [
                    1043,
                    "fix"
                ]
            },
            "symbolic_LT": {
                "expression": "T*b",
                "temp_bounds": [
                    0,
                    1811
                ],
                "b": [
                    0.009673132083788338,
                    "fit",
                    4
                ]
            },
            "melt": {
                "T_melt": [
                    1811,
                    "fix"
                ],
                "liquid_Cp": [
                    46,
                    "fix"
                ],
                "a": [
                    19.73273241951111,
                    "fit",
                    1
                ],
                "b": [
                    3.262150974430403e+19,
                    "fit",
                    2
                ],
                "c": [
                    -5.815398717853073e+36,
                    "fit",
                    3
                ],
                "solid_enthalpy": [
                    -27442.8,
                    "fix"
                ],
                "solid_entropy": [
                    -153.941,
                    "fix"
                ]
            },
            "offset": {
                "enthalpy": [
                    -1130.419885,
                    "fix"
                ],
                "entropy": [
                    8.055879,
                    "fix"
                ]
            }
        }
    }
}