{
    "FE": {
        "einstein": {
            "theta": [
                293.11537795419855,
                "fit",
                0
            ]
        },
        "xiong": {
            "beta": [
                2.22,
                "fix"
            ],
            "p": [
                0.37,
                "fix"
            ],
            "Tc": [
                1043,
                "fix"
            ]
        },
        "bcm": {
            "beta_1": [
                0.006427177605701419,
                "fit",
                1
            ],
            "beta_2": [
                0.009579188958012162,
                "fit",
                2
            ],
            "tau": [
                1200.000000011633,
                "fit",
                [
                    1200,
                    1600
                ],
                3
            ],
            "gamma": [
                25.75893752277542,
                "fit",
                4
            ]
        },
        "BCC_A2": {
            "einstein": {
                "theta": [
                    326.7825347587683,
                    "fit",
                    0
                ]
            },
            "xiong": {
                "beta": [
                    2.22,
                    "fix"
                ],
                "p": [
                    0.37,
                    "fix"
                ],
                "Tc": [
                    1043,
                    "fix"
                ]
            },
            "linear": {
                "alpha": [
                    0.009673196998093003,
                    "fit",
                    1
                ],
                "T_melt": [
                    1811,
                    "fix"
                ]
            },
            "melt": {
                "T_melt": [
                    1811,
                    "fix"
                ],
                "liquid_Cp": [
                    46,
                    "fix"
                ],
                "a": [
                    21.90101482009802,
                    "fit",
                    2
                ],
                "b": [
                    -1.7756373892553094e+20,
                    "fit",
                    3
                ],
                "c": [
                    2.9256256094167576e+38,
                    "fit",
                    4
                ],
                "solid_enthalpy": [
                    -27442.8,
                    "fix"
                ],
                "solid_entropy": [
                    -153.941,
                    "fix"
                ]
            },
            "offset": {
                "enthalpy": [
                    -1130.419885,
                    "fix"
                ],
                "entropy": [
                    8.055879,
                    "fix"
                ]
            }
        }
    }
}