{
    "FE": {
        "BCC_A2": {
            "einstein": {
                "theta": [
                    309,
                    "fix"
                ]
            },
            "xiong": {
                "beta": [
                    2.22,
                    "fix"
                ],
                "p": [
                    0.37,
                    "fix"
                ],
                "Tc": [
                    1043,
                    "fix"
                ]
            },
            "symbolic_LT": {
                "expression": "a*T + b*T**4",
                "temp_bounds": [
                    0,
                    1811
                ],
                "a": [
                    0.006422198048315196,
                    [
                        0.005,
                        0.007
                    ],
                    "fit",
                    4
                ],
                "b": [
                    6.699999999998832e-13,
                    [
                        6.5e-13,
                        6.7e-13
                    ],
                    "fit",
                    3
                ],
                "variable_values": [
                    0.006422198048315196,
                    6.699999999998832e-13,
                    0.006430966255710053
                ]
            },
            "melt": {
                "T_melt": [
                    1811,
                    "fix"
                ],
                "liquid_Cp": [
                    46,
                    "fix"
                ],
                "a": [
                    20.558852529627334,
                    "fit",
                    0
                ],
                "b": [
                    8.177142365671788e+19,
                    "fit",
                    1
                ],
                "c": [
                    -3.8983584800809214e+39,
                    "fit",
                    2
                ],
                "solid_enthalpy": [
                    -23766.4732
                ],
                "solid_entropy": [
                    -140.668
                ]
            },
            "offset": {
                "enthalpy": [
                    490,
                    "fix"
                ],
                "entropy": [
                    9.775,
                    "fix"
                ]
            }
        },
        "FCC_A1": {
            "einstein": {
                "theta": [
                    309,
                    "fix"
                ]
            },
            "xiong": {
                "beta": [
                    0.7,
                    "fix"
                ],
                "p": [
                    0.25,
                    "fix"
                ],
                "Tn": [
                    67,
                    "fix"
                ]
            },
            "symbolic": {
                "expression": "a*T + b*T**4",
                "a": [
                    0.004782389358464808,
                    [
                        0.003,
                        0.007
                    ],
                    "fit",
                    6
                ],
                "b": [
                    5.580390914792763e-13,
                    [
                        2e-13,
                        6e-13
                    ],
                    "fit",
                    5
                ],
                "temp_bounds": [
                    0,
                    1811
                ],
                "variable_values": [
                    0.004782389358464808,
                    5.580390914792763e-13
                ]
            },
            "melt": {
                "T_melt": [
                    1811,
                    "fix"
                ],
                "liquid_Cp": [
                    46,
                    "fix"
                ],
                "a": [
                    16.692923186885874,
                    [
                        10,
                        18
                    ],
                    "fit",
                    2
                ],
                "b": [
                    7.302910070617638e+20,
                    [
                        5e+18,
                        5e+21
                    ],
                    "fit",
                    3
                ],
                "c": [
                    -2.860637084893506e+40,
                    [
                        -1e+41,
                        -1e+39
                    ],
                    "fit",
                    4
                ],
                "solid_enthalpy": [
                    -16500.7186,
                    "fix"
                ],
                "solid_entropy": [
                    -113.528,
                    "fix"
                ]
            },
            "offset": {
                "enthalpy": [
                    -2565.371,
                    "fix"
                ],
                "entropy": [
                    4.60647,
                    "fix"
                ]
            },
            "two-state": {
                "expression": "T*b + a",
                "a": [
                    10604.944859938627,
                    [
                        -50000.0,
                        50000.0
                    ],
                    "fit",
                    1
                ],
                "b": [
                    -4.274442592895452,
                    [
                        -10,
                        10
                    ],
                    "fit",
                    0
                ],
                "symbols": [
                    "b",
                    "a"
                ]
            }
        },
        "LIQUID": {
            "einstein": {
                "theta": [
                    245,
                    "fix"
                ]
            },
            "offset": {
                "enthalpy": [
                    5196.399,
                    "fix"
                ],
                "entropy": [
                    3.95265,
                    "fix"
                ]
            },
            "symbolic": {
                "expression": "a*T",
                "a": [
                    0.005671449001676153,
                    "fit",
                    3
                ],
                "temp_bounds": [
                    0,
                    Infinity
                ],
                "variable_values": [
                    0.005671449001676153
                ]
            },
            "two-state": {
                "expression": "T*b + T*c*log(T) + a",
                "a": [
                    35147.984220064754,
                    "fit",
                    0
                ],
                "b": [
                    -10.86832197919638,
                    "fit",
                    1
                ],
                "c": [
                    -0.4852300499699973,
                    "fit",
                    2
                ],
                "symbols": [
                    "a",
                    "b",
                    "c"
                ]
            },
            "xiong": {
                "beta": [
                    1.7,
                    "fix"
                ],
                "p": [
                    0.25,
                    "fix"
                ],
                "Tc": [
                    200,
                    "fix"
                ]
            }
        },
        "GAS": {
            "einstein": {
                "theta": [
                    1500.0,
                    [
                        1500,
                        3500
                    ],
                    "fit",
                    0
                ]
            },
            "offset": {
                "enthalpy": [
                    394844.1823,
                    "fix"
                ],