{
    "FE": {
        "BCC_A2": {
            "einstein": {
                "theta": [
                    293.0529253884723,
                    "fit",
                    0
                ]
            },
            "xiong": {
                "beta": [
                    2.22,
                    "fix"
                ],
                "p": [
                    0.37,
                    "fix"
                ],
                "Tc": [
                    1043,
                    "fix"
                ]
            },
            "symbolic_LT": {
                "expression": "T*a + T**4*b",
                "param_bounds": {
                    "a": [
                        0.005,
                        0.007
                    ],
                    "b": [
                        6.5e-13,
                        6.7e-13
                    ]
                },
                "temp_bounds": [
                    0,
                    1811
                ],
                "a": [
                    0.006390567073111069,
                    "fit",
                    4
                ],
                "b": [
                    6.590755625116976e-13,
                    "fit",
                    5
                ],
                "variable_values": [
                    0.006390567073111069,
                    6.590755625116976e-13
                ]
            },
            "melt": {
                "T_melt": [
                    1811,
                    "fix"
                ],
                "liquid_Cp": [
                    46,
                    "fix"
                ],
                "a": [
                    18.83259045170168,
                    "fit",
                    1
                ],
                "b": [
                    3.8805334970078056e+20,
                    "fit",
                    2
                ],
                "c": [
                    -1.5115781446123897e+40,
                    "fit",
                    3
                ],
                "solid_enthalpy": [
                    -19073.96376
                ],
                "solid_entropy": [
                    -127.108
                ]
            },
            "offset": {
                "enthalpy": [
                    521.731,
                    "fix"
                ],
                "entropy": [
                    8.51916,
                    "fix"
                ]
            }
        },
        "FCC_A1": {
            "einstein": {
                "theta": [
                    338.5005224485904,
                    "fit",
                    0
                ]
            },
            "xiong": {
                "beta": [
                    0.7,
                    "fix"
                ],
                "p": [
                    0.28,
                    "fix"
                ],
                "Tn": [
                    67,
                    "fix"
                ]
            },
            "symbolic": {
                "expression": "T*a + T**4*b",
                "param_bounds": {
                    "a": [
                        0.003,
                        0.007
                    ],
                    "b": [
                        2e-13,
                        6e-13
                    ]
                },
                "temp_bounds": [
                    0,
                    1811
                ],
                "a": [
                    0.005399845022154262,
                    "fit",
                    6
                ],
                "b": [
                    2.3521120993089047e-13,
                    "fit",
                    7
                ],
                "variable_values": [
                    0.005399845022154262,
                    2.3521120993089047e-13
                ]
            },
            "melt": {
                "T_melt": [
                    1811,
                    "fix"
                ],
                "liquid_Cp": [
                    46,
                    "fix"
                ],
                "a": [
                    24.41866357359376,
                    "fit",
                    3
                ],
                "b": [
                    -3.6972842977236904e+20,
                    "fit",
                    4
                ],
                "c": [
                    5.615675532765414e+36,
                    "fit",
                    5
                ],
                "solid_enthalpy": [
                    -38246.0995,
                    "fix"
                ],
                "solid_entropy": [
                    -174.515,
                    "fix"
                ]
            },
            "offset": {
                "enthalpy": [
                    -2539.33,
                    "fix"
                ],
                "entropy": [
                    6.39016,
                    "fix"
                ]
            },
            "two-state": {
                "dE": [
                    [
                        9781.990725205324,
                        -3.8988716165381305
                    ],
                    "[1, T]",
                    "fit",
                    [
                        1,
                        2
                    ]
                ]
            }
        },
        "LIQUID": {
            "einstein": {
                "theta": [
                    245,
                    "fix"
                ]
            },
            "xiong": {
                "beta": [
                    1.7,
                    "fix"
                ],
                "p": [
                    0.25,
                    "fix"
                ],
                "Tc": [
                    200,
                    "fix"
                ]
            },
            "two-state": {
                "dE": [
                    [
                        42754.9478,
                        -7.624,
                        -1.08230446
                    ],
                    "[1, T, T*log(T)]",
                    "fix"
                ]
            }
        },
        "GAS": {
            "einstein": {
                "theta": [
                    134.00259017944336,
                    "fit",
                    0
                ]
            }
        }
    }
}