{
    "FE": {
        "BCC_A2": {
            "einstein": {
                "theta": [
                    293.0529242332826,
                    "fit",
                    0
                ]
            },
            "xiong": {
                "beta": [
                    2.22,
                    "fix"
                ],
                "p": [
                    0.37,
                    "fix"
                ],
                "Tc": [
                    1043,
                    "fix"
                ]
            },
            "symbolic_LT": {
                "expression": "T*a + T**4*b",
                "param_bounds": {
                    "a": [
                        0.005,
                        0.007
                    ],
                    "b": [
                        6.5e-13,
                        6.7e-13
                    ]
                },
                "temp_bounds": [
                    0,
                    1811
                ],
                "a": [
                    0.006390567080610006,
                    "fit",
                    4
                ],
                "b": [
                    6.590755965819657e-13,
                    "fit",
                    5
                ],
                "variable_values": [
                    0.006390567080610006,
                    6.590755965819657e-13
                ]
            },
            "melt": {
                "T_melt": [
                    1811,
                    "fix"
                ],
                "liquid_Cp": [
                    46,
                    "fix"
                ],
                "a": [
                    21.156312505002408,
                    "fit",
                    1
                ],
                "b": [
                    -1.7753434731217414e+19,
                    "fit",
                    2
                ],
                "c": [
                    -5.944969053306448e+39,
                    "fit",
                    3
                ],
                "solid_enthalpy": [
                    -26235.4414026
                ],
                "solid_entropy": [
                    -145.843236
                ]
            },
            "offset": {
                "enthalpy": [
                    534.107,
                    "fix"
                ],
                "entropy": [
                    8.51916,
                    "fix"
                ]
            }
        },
        "FCC_A1": {
            "einstein": {
                "theta": [
                    362.2942037292898,
                    "fit",
                    0
                ]
            },
            "xiong": {
                "beta": [
                    0.7,
                    "fix"
                ],
                "p": [
                    0.28,
                    "fix"
                ],
                "Tn": [
                    67,
                    "fix"
                ]
            },
            "symbolic": {
                "expression": "T*a",
                "param_bounds": {
                    "a": [
                        -Infinity,
                        Infinity
                    ]
                },
                "temp_bounds": [
                    0,
                    1811
                ],
                "a": [
                    0.006417876400595063,
                    "fit",
                    6
                ],
                "variable_values": [
                    0.006417876400595063
                ]
            },
            "melt": {
                "T_melt": [
                    1811,
                    "fix"
                ],
                "liquid_Cp": [
                    46,
                    "fix"
                ],
                "a": [
                    20.711201658504468,
                    "fit",
                    3
                ],
                "b": [
                    1.7733945469648146e+19,
                    "fit",
                    4
                ],
                "c": [
                    -2.2875540009839048e+38,
                    "fit",
                    5
                ],
                "solid_enthalpy": [
                    -27190.7,
                    "fix"
                ],
                "solid_entropy": [
                    -144.759,
                    "fix"
                ]
            },
            "offset": {
                "enthalpy": [
                    -2905.15,
                    "fix"
                ],
                "entropy": [
                    8.529,
                    "fix"
                ]
            },
            "two-state": {
                "dE": [
                    [
                        8478.168554768672,
                        -2.922235672614198
                    ],
                    "[1, T]",
                    "fit",
                    [
                        1,
                        2
                    ]
                ]
            }
        }
    }
}