{
    "FE": {
        "BCC_A2": {
            "einstein": {
                "theta": [
                    309,
                    "fix"
                ]
            },
            "xiong": {
                "beta": [
                    2.22,
                    "fix"
                ],
                "p": [
                    0.37,
                    "fix"
                ],
                "Tc": [
                    1043,
                    "fix"
                ]
            },
            "symbolic_LT": {
                "expression": "a*T + b*T**4",
                "temp_bounds": [
                    0,
                    1811
                ],
                "a": [
                    0.006430966255710053,
                    [
                        0.005,
                        0.007
                    ],
                    "fit",
                    4
                ],
                "b": [
                    6.514180748071203e-13,
                    [
                        6.5e-13,
                        6.7e-13
                    ],
                    "fit",
                    3
                ],
                "variable_values": [
                    0.006430966255710053,
                    6.514180748071203e-13,
                    0.006430966255710053
                ]
            },
            "melt": {
                "T_melt": [
                    1811,
                    "fix"
                ],
                "liquid_Cp": [
                    46,
                    "fix"
                ],
                "a": [
                    19.175765446723425,
                    "fit",
                    0
                ],
                "b": [
                    3.484325484608571e+20,
                    "fit",
                    1
                ],
                "c": [
                    -1.4088007012491596e+40,
                    "fit",
                    2
                ],
                "solid_enthalpy": [
                    -19929.86261
                ],
                "solid_entropy": [
                    -129.748586
                ]
            },
            "offset": {
                "enthalpy": [
                    477.094,
                    "fix"
                ],
                "entropy": [
                    9.77906,
                    "fix"
                ]
            }
        },
        "FCC_A1": {
            "einstein": {
                "theta": [
                    309,
                    "fix"
                ]
            },
            "xiong": {
                "beta": [
                    0.7,
                    "fix"
                ],
                "p": [
                    0.25,
                    "fix"
                ],
                "Tn": [
                    67,
                    "fix"
                ]
            },
            "symbolic": {
                "expression": "a*T + b*T**4",
                "a": [
                    0.004684038582865042,
                    [
                        0.003,
                        0.007
                    ],
                    "fit",
                    5
                ],
                "b": [
                    3.6231092152113545e-13,
                    [
                        2e-13,
                        6e-13
                    ],
                    "fit",
                    6
                ],
                "temp_bounds": [
                    0,
                    1811
                ],
                "variable_values": [
                    0.004684038582865042,
                    3.6231092152113545e-13
                ]
            },
            "melt": {
                "T_melt": [
                    1811,
                    "fix"
                ],
                "liquid_Cp": [
                    46,
                    "fix"
                ],
                "a": [
                    16.528155368579988,
                    [
                        10,
                        18
                    ],
                    "fit",
                    2
                ],
                "b": [
                    2.6540955090535816e+20,
                    [
                        5e+18,
                        5e+21
                    ],
                    "fit",
                    3
                ],
                "c": [
                    -1.2960408406560699e+40,
                    [
                        -1e+41,
                        -1e+39
                    ],
                    "fit",
                    4
                ],
                "solid_enthalpy": [
                    -9729.52,
                    "fix"
                ],
                "solid_entropy": [
                    -94.5397,
                    "fix"
                ]
            },
            "offset": {
                "enthalpy": [
                    -2235.742,
                    "fix"
                ],
                "entropy": [
                    4.52596506,
                    "fix"
                ]
            },
            "two-state": {
                "expression": "T*b + a",
                "a": [
                    11089.341515673128,
                    [
                        -50000.0,
                        50000.0
                    ],
                    "fit",
                    1
                ],
                "b": [
                    -4.571846845258934,
                    [
                        -10,
                        10
                    ],
                    "fit",
                    0
                ],
                "symbols": [
                    "b",
                    "a"
                ]
            }
        },
        "LIQUID": {
            "einstein": {
                "theta": [
                    245,
                    "fix"
                ]
            },
            "xiong": {
                "beta": [
                    1.7,
                    "fix"
                ],
                "p": [
                    0.25,
                    "fix"
                ],
                "Tc": [
                    200,
                    "fix"
                ]
            },
            "two-state": {
                "dE": [
                    [
                        42754.9478,
                        -7.624,
                        -1.08230446
                    ],
                    "[1, T, T*log(T)]",
                    "fix"
                ]
            }
        },
        "GAS": {
            "einstein": {
                "theta": [
                    134.00259017944336,
                    "fit",
                    0
                ]
            }
        }
    }
}