{
    "FE": {
        "einstein": {
            "theta": [
                293.11537795419855,
                "fit",
                0
            ]
        },
        "xiong": {
            "beta": [
                2.22,
                "fix"
            ],
            "p": [
                0.37,
                "fix"
            ],
            "Tc": [
                1043,
                "fix"
            ]
        },
        "bcm": {
            "beta_1": [
                0.006427177605701419,
                "fit",
                1
            ],
            "beta_2": [
                0.009579188958012162,
                "fit",
                2
            ],
            "tau": [
                1200.000000011633,
                "fit",
                [
                    1200,
                    1600
                ],
                3
            ],
            "gamma": [
                25.75893752277542,
                "fit",
                4
            ]
        }
    }
}