{
    "BCC_A2": {
        "einstein": {
            "theta": [
                309,
                "fix"
            ]
        },
        "xiong": {
            "beta": [
                2.22,
                "fix"
            ],
            "p": [
                0.37,
                "fix"
            ],
            "Tc": [
                1043,
                "fix"
            ]
        },
        "symbolic_LT": {
            "expression": "a*T + b*T**4",
            "temp_bounds": [
                0,
                1811
            ],
            "a": [
                0.006430966255710053,
                [
                    0.005,
                    0.007
                ],
                "fit"
            ],
            "b": [
                6.514180748071203e-13,
                [
                    6.5e-13,
                    6.7e-13
                ],
                "fit"
            ],
            "variable_values": [
                0.006430966255710053,
                6.514180748071203e-13,
                -1.2754407260268534e-13
            ]
        },
        "melt": {
            "T_melt": [
                1811,
                "fix"
            ],
            "liquid_Cp": [
                46,
                "fix"
            ],
            "a": [
                19.175765446723425,
                "fit"
            ],
            "b": [
                3.484325484608571e+20,
                "fit"
            ],
            "c": [
                -1.4088007012491596e+40,
                "fit"
            ],
            "solid_enthalpy": [
                -19929.86261
            ],
            "solid_entropy": [
                -129.748586
            ]
        },
        "offset": {
            "enthalpy": [
                477.094,
                "fix"
            ],
            "entropy": [
                9.77906,
                "fix"
            ]
        }
    },
    "FCC_A1": {
        "einstein": {
            "theta": [
                309,
                "fix"
            ]
        },
        "xiong": {
            "beta": [
                0.7,
                "fix"
            ],
            "p": [
                0.25,
                "fix"
            ],
            "Tn": [
                67,
                "fix"
            ]
        },
        "symbolic": {
            "expression": "a*T + b*T**4",
            "a": [
                0.005,
                [
                    0.003,
                    0.007
                ],
                "fit"
            ],
            "b": [
                4e-13,
                [
                    2e-13,
                    6e-13
                ],
                "fit"
            ],
            "temp_bounds": [
                0,
                1811
            ]
        },
        "melt": {
            "T_melt": [
                1811,
                "fix"
            ],
            "liquid_Cp": [
                46,
                "fix"
            ],
            "a": [
                21,
                [
                    10,
                    18
                ],
                "fit"
            ],
            "b": [
                1e+20,
                [
                    5e+18,
                    5e+21
                ],
                "fit"
            ],
            "c": [
                -1.5e+37,
                [
                    -1e+41,
                    -1e+39
                ],
                "fit"
            ],
            "solid_enthalpy": [
                -9729.52,
                "fix"
            ],
            "solid_entropy": [
                -94.5397,
                "fix"
            ]
        },
        "offset": {
            "enthalpy": [
		-2235.742,
                "fix"
            ],
            "entropy": [
		4.52596506,
                "fix"
            ]
        },
        "two-state": {
            "expression": "a + b*T",
            "a": [
                15000,
                [
                    -50000.0,
                    50000.0
                ],
                "fit"
            ],
            "b": [
                -2.4952226,
                [
                    -10,
                    10
                ],
                "fit"
            ]
        }
    },
    "LIQUID": {
        "einstein": {
            "theta": [
                245,
                "fix"
            ]
        },
        "xiong": {
            "beta": [
                1.7,
                "fix"
            ],
            "p": [
                0.25,
                "fix"
            ],
            "Tc": [
                200,
                "fix"
            ]
        },
        "two-state": {
            "expression": "a + b*T + c*T*log(T)",
            "a": [
                42754.9478,
                "fix"
            ],
            "b": [
                -7.624,
                "fix"
            ],
            "c": [
                -1.08230446,
                "fix"
            ]
        }
    }
}
