{"components": ["CO", "FE", "NI", "VA"], "reference": ["Davies1970", "Shibata2006"], "phases": ["BCT_PLATE"], "output": "MS", "conditions": {"P": 101325, "N": 1, "T": [393.15, 413.15, 346.15, 363.15, 371.15, 423.15, 497.0]}, "solver": {"mode": "manual", "sublattice_site_ratios": [1, 3], "sublattice_configurations": [[["CO", "FE", "NI"], "VA"], [["CO", "FE", "NI"], "VA"], [["CO", "FE", "NI"], "VA"], [["CO", "FE", "NI"], "VA"], [["CO", "FE", "NI"], "VA"], [["CO", "FE", "NI"], "VA"], [["CO", "FE", "NI"], "VA"]], "sublattice_occupancies": [[[0.09653052670000001, 0.6417722236, 0.2616972497], 1.0], [[0.0964828285, 0.6516369346, 0.2518802369], 1.0], [[0.09662606480000001, 0.6220135118, 0.2813604234], 1.0], [[0.2921327496, 0.48298377410000004, 0.2248834763], 1.0], [[0.0965782721, 0.6318977542, 0.27152397370000003], 1.0], [[0.2919871332, 0.4930141545, 0.2149987123], 1.0], [[0.3334822629, 0.46508235610000004, 0.2014353811], 1.0]]}, "values": [[[916.4015533732, 916.4015533732, 916.4015533732, 916.4015533732, 916.4015533732, 916.4015533732, 916.4015533732], [1110.3369282458, 1110.3369282458, 1110.3369282458, 1110.3369282458, 1110.3369282458, 1110.3369282458, 1110.3369282458], [481.1776511483, 481.1776511483, 481.1776511483, 481.1776511483, 481.1776511483, 481.1776511483, 481.1776511483], [1316.8236210279, 1316.8236210279, 1316.8236210279, 1316.8236210279, 1316.8236210279, 1316.8236210279, 1316.8236210279], [706.7342363011, 706.7342363011, 706.7342363011, 706.7342363011, 706.7342363011, 706.7342363011, 706.7342363011], [1506.079979586, 1506.079979586, 1506.079979586, 1506.079979586, 1506.079979586, 1506.079979586, 1506.079979586], [1377.0351497983, 1377.0351497983, 1377.0351497983, 1377.0351497983, 1377.0351497983, 1377.0351497983, 1377.0351497983]]]}