{"components": ["CO", "FE", "NI", "VA"], "reference": ["Davies1970", "Shibata2006", "Ishida1974"], "phases": ["BCT_LATH"], "output": "MS", "conditions": {"P": 101325, "N": 1, "T": [576.15, 554.0, 602.0, 610.0, 630.0, 644.0, 582.15, 585.15, 593.15, 607.15]}, "solver": {"mode": "manual", "sublattice_site_ratios": [1, 3], "sublattice_configurations": [[["CO", "FE", "NI"], "VA"], [["CO", "FE", "NI"], "VA"], [["CO", "FE", "NI"], "VA"], [["CO", "FE", "NI"], "VA"], [["CO", "FE", "NI"], "VA"], [["CO", "FE", "NI"], "VA"], [["CO", "FE", "NI"], "VA"], [["CO", "FE", "NI"], "VA"], [["CO", "FE", "NI"], "VA"], [["CO", "FE", "NI"], "VA"]], "sublattice_occupancies": [[[0.2916963356, 0.5130449467, 0.1952587177], 1.0], [[0.1896719848, 0.5793211782000001, 0.23100683700000002], 1.0], [[0.1889815579, 0.5908381030000001, 0.2201803391], 1.0], [[0.2853887752, 0.5116308783, 0.2029803466], 1.0], [[0.28318646010000004, 0.5159282718, 0.20088526810000001], 1.0], [[0.33102904720000004, 0.48366265270000003, 0.18530830010000002], 1.0], [[0.0102988187, 0.8027233218000001, 0.1869778595], 1.0], [[0.0198977511, 0.7911243097, 0.1889779392], 1.0], [[0.026497046000000003, 0.7805251848, 0.1929777692], 1.0], [[0.0363959996, 0.7696260418, 0.1939779586], 1.0]]}, "values": [[[1591.1932073122, 1591.1932073122, 1591.1932073122, 1591.1932073122, 1591.1932073122, 1591.1932073122, 1591.1932073122, 1591.1932073122, 1591.1932073122, 1591.1932073122], [1136.1626218254, 1136.1626218254, 1136.1626218254, 1136.1626218254, 1136.1626218254, 1136.1626218254, 1136.1626218254, 1136.1626218254, 1136.1626218254, 1136.1626218254], [1143.7313640021, 1143.7313640021, 1143.7313640021, 1143.7313640021, 1143.7313640021, 1143.7313640021, 1143.7313640021, 1143.7313640021, 1143.7313640021, 1143.7313640021], [1298.0442421357, 1298.0442421357, 1298.0442421357, 1298.0442421357, 1298.0442421357, 1298.0442421357, 1298.0442421357, 1298.0442421357, 1298.0442421357, 1298.0442421357], [1268.9491552611, 1268.9491552611, 1268.9491552611, 1268.9491552611, 1268.9491552611, 1268.9491552611, 1268.9491552611, 1268.9491552611, 1268.9491552611, 1268.9491552611], [1350.5884250474, 1350.5884250474, 1350.5884250474, 1350.5884250474, 1350.5884250474, 1350.5884250474, 1350.5884250474, 1350.5884250474, 1350.5884250474, 1350.5884250474], [980.648816085, 980.648816085, 980.648816085, 980.648816085, 980.648816085, 980.648816085, 980.648816085, 980.648816085, 980.648816085, 980.648816085], [1002.9029503457, 1002.9029503457, 1002.9029503457, 1002.9029503457, 1002.9029503457, 1002.9029503457, 1002.9029503457, 1002.9029503457, 1002.9029503457, 1002.9029503457], [937.2981186171, 937.2981186171, 937.2981186171, 937.2981186171, 937.2981186171, 937.2981186171, 937.2981186171, 937.2981186171, 937.2981186171, 937.2981186171], [890.6321463511, 890.6321463511, 890.6321463511, 890.6321463511, 890.6321463511, 890.6321463511, 890.6321463511, 890.6321463511, 890.6321463511, 890.6321463511]]]}