{"index":348,"components":["C","CR","CU","FE","N","NB","NI","S","SI","V","VA"],"conditions":{"N":1,"P":101325,"T":1348.15,"X_C":0.0059593396,"X_CR":0.1167959654,"X_CU":0.0001213006,"X_N":0.0001965429,"X_NB":0.0010074569,"X_NI":0.0059098217,"X_S":0.0000686834,"X_SI":0.0066653024,"X_V":0.002810119},"reference":"Finkler1996","disabled":false,"model":"martensite_start","inputs":{"martensite_start":618.15,"martensite_type":"lath","PAGS":null,"parent_phase":"gamma","predicted_type":true,"solutionizing_temperature":1348.15},"outputs":{"calculation_error":false,"DG":2117.5353572898,"error":66.4096703911,"error_message":[],"LC_martensite_start":551.7403296089,"PAGS_energy":0.0,"solutioning_conditions":{"N":1,"P":101325,"T":1348.15,"X_C":0.0059593396,"X_CR":0.1167959654,"X_CU":0.0001213006,"X_N":0.0001965429,"X_NB":0.0010074569,"X_NI":0.0059098217,"X_S":0.0000686834,"X_SI":0.0066653024,"X_V":0.002810119},"solutionizing_phases":["BCC_A2","FCC_A1","FCC_A1","","","","","","","",""]}}