{"index":330,"components":["C","CR","FE","MN","MO","NI","P","S","SI","V","VA"],"conditions":{"N":1,"P":101325,"T":1323.15,"X_C":0.0105129649,"X_CR":0.120364878,"X_MN":0.0033975935,"X_MO":0.0054361269,"X_NI":0.0050509165,"X_P":0.0003722126,"X_S":0.0001883333,"X_SI":0.0080143332,"X_V":0.0030175328},"reference":"Finkler1996","disabled":false,"model":"martensite_start","inputs":{"martensite_start":538.15,"martensite_type":"lath","PAGS":null,"parent_phase":"gamma","predicted_type":true,"solutionizing_temperature":1323.15},"outputs":{"calculation_error":false,"DG":2635.312583803,"error":114.8909572196,"error_message":[],"LC_martensite_start":423.2590427804,"PAGS_energy":0.0,"solutioning_conditions":{"N":1,"P":101325,"T":1323.15,"X_C":0.0105129649,"X_CR":0.120364878,"X_MN":0.0033975935,"X_MO":0.0054361269,"X_NI":0.0050509165,"X_P":0.0003722126,"X_S":0.0001883333,"X_SI":0.0080143332,"X_V":0.0030175328},"solutionizing_phases":["FCC_A1","CHI_A12","LIQUID","BCC_A2","","","","","","",""]}}