{"index":328,"components":["C","CR","FE","MN","MO","N","NI","P","SI","V","VA"],"conditions":{"N":1,"P":101325,"T":1348.15,"X_C":0.0036663193,"X_CR":0.1143303674,"X_MN":0.0081155962,"X_MO":0.0075158862,"X_N":0.0086456066,"X_NI":0.0001875639,"X_P":0.0003376512,"X_SI":0.0043117059,"X_V":0.0033496434},"reference":"Finkler1996","disabled":false,"model":"martensite_start","inputs":{"martensite_start":523.15,"martensite_type":"plate","PAGS":null,"parent_phase":"gamma","predicted_type":true,"solutionizing_temperature":1348.15},"outputs":{"calculation_error":false,"DG":2789.1022842914,"error":-27.5290913987,"error_message":[],"LC_martensite_start":550.6790913987,"PAGS_energy":0.0,"solutioning_conditions":{"N":1,"P":101325,"T":1348.15,"X_C":0.0036663193,"X_CR":0.1143303674,"X_MN":0.0081155962,"X_MO":0.0075158862,"X_N":0.0086456066,"X_NI":0.0001875639,"X_P":0.0003376512,"X_SI":0.0043117059,"X_V":0.0033496434},"solutionizing_phases":["FCC_A1","CHI_A12","HCP_A3","BCC_A2","FCC_A1","","","","","",""]}}