{"index":350,"components":["AL","C","CO","CR","FE","MO","N","NB","NI","S","VA"],"conditions":{"N":1,"P":101325,"T":1348.15,"X_AL":0.0001226191,"X_C":0.0050500751,"X_CO":0.000056139,"X_CR":0.1092294946,"X_MO":0.0032185613,"X_N":0.0011810245,"X_NB":0.0008902648,"X_NI":0.0058247312,"X_S":0.0000687863},"reference":"Finkler1996","disabled":false,"model":"martensite_start","inputs":{"martensite_start":621.15,"martensite_type":"lath","PAGS":null,"parent_phase":"gamma","predicted_type":true,"solutionizing_temperature":1348.15},"outputs":{"calculation_error":false,"DG":2129.7830620059,"error":12.9259143591,"error_message":[],"LC_martensite_start":608.2240856409,"PAGS_energy":0.0,"solutioning_conditions":{"N":1,"P":101325,"T":1348.15,"X_AL":0.0001226191,"X_C":0.0050500751,"X_CO":0.000056139,"X_CR":0.1092294946,"X_MO":0.0032185613,"X_N":0.0011810245,"X_NB":0.0008902648,"X_NI":0.0058247312,"X_S":0.0000687863},"solutionizing_phases":["FCC_A1","CHI_A12","HCP_A3","FCC_A1","","","","","","",""]}}