{"index":343,"components":["AL","B","C","CR","FE","MN","MO","N","S","SI","VA"],"conditions":{"N":1,"P":101325,"T":1348.15,"X_AL":0.0003269332,"X_B":0.0004130712,"X_C":0.0045902618,"X_CR":0.1129235729,"X_MN":0.0119420678,"X_MO":0.0036777824,"X_N":0.0014170085,"X_S":0.0000515817,"X_SI":0.0074594569},"reference":"Finkler1996","disabled":false,"model":"martensite_start","inputs":{"martensite_start":603.15,"martensite_type":"lath","PAGS":null,"parent_phase":"gamma","predicted_type":true,"solutionizing_temperature":1348.15},"outputs":{"calculation_error":false,"DG":2064.198748116,"error":91.5948327649,"error_message":[],"LC_martensite_start":511.5551672351,"PAGS_energy":0.0,"solutioning_conditions":{"N":1,"P":101325,"T":1348.15,"X_AL":0.0003269332,"X_B":0.0004130712,"X_C":0.0045902618,"X_CR":0.1129235729,"X_MN":0.0119420678,"X_MO":0.0036777824,"X_N":0.0014170085,"X_S":0.0000515817,"X_SI":0.0074594569},"solutionizing_phases":["AL2CU_C16","BCC_A2","FCC_A1","CHI_A12","HCP_A3","LIQUID","","","","",""]}}