{"index":336,"components":["AL","B","C","CR","CU","FE","MO","N","NI","P","VA"],"conditions":{"N":1,"P":101325,"T":1348.15,"X_AL":0.0011025737,"X_B":0.0004331453,"X_C":0.0059628735,"X_CR":0.1123092848,"X_CU":0.000130042,"X_MO":0.0044215198,"X_N":0.0007866377,"X_NI":0.0081660221,"X_P":0.0000889317},"reference":"Finkler1996","disabled":false,"model":"martensite_start","inputs":{"martensite_start":583.15,"martensite_type":"lath","PAGS":null,"parent_phase":"gamma","predicted_type":true,"solutionizing_temperature":1348.15},"outputs":{"calculation_error":false,"DG":2408.1958930325,"error":7.7185445166,"error_message":[],"LC_martensite_start":575.4314554834,"PAGS_energy":0.0,"solutioning_conditions":{"N":1,"P":101325,"T":1348.15,"X_AL":0.0011025737,"X_B":0.0004331453,"X_C":0.0059628735,"X_CR":0.1123092848,"X_CU":0.000130042,"X_MO":0.0044215198,"X_N":0.0007866377,"X_NI":0.0081660221,"X_P":0.0000889317},"solutionizing_phases":["FCC_A1","CHI_A12","AL2CU_C16","HCP_A3","","","","","","",""]}}