{"index":344,"components":["B","C","CE","CR","CU","FE","MN","N","TA","W","VA"],"conditions":{"N":1,"P":101325,"T":1348.15,"X_B":0.000410418,"X_C":0.0078502399,"X_CE":0.000514586,"X_CR":0.1024006682,"X_CU":0.0001047358,"X_MN":0.0136289656,"X_N":0.0005939608,"X_TA":0.0014712622,"X_W":0.0024436969},"reference":"Finkler1996","disabled":false,"model":"martensite_start","inputs":{"martensite_start":608.15,"martensite_type":"lath","PAGS":null,"parent_phase":"gamma","predicted_type":true,"solutionizing_temperature":1348.15},"outputs":{"calculation_error":false,"DG":2069.2353995395,"error":94.9227824855,"error_message":[],"LC_martensite_start":513.2272175145,"PAGS_energy":0.0,"solutioning_conditions":{"N":1,"P":101325,"T":1348.15,"X_B":0.000410418,"X_C":0.0078502399,"X_CE":0.000514586,"X_CR":0.1024006682,"X_CU":0.0001047358,"X_MN":0.0136289656,"X_N":0.0005939608,"X_TA":0.0014712622,"X_W":0.0024436969},"solutionizing_phases":["AL2CU_C16","FCC_A1","HCP_A3","","","","","","","",""]}}