{"index":346,"components":["C","CR","CU","FE","MN","MO","N","NB","S","ZR","VA"],"conditions":{"N":1,"P":101325,"T":1348.15,"X_C":0.00505551,"X_CR":0.1093470484,"X_CU":0.0000868665,"X_MN":0.0078372195,"X_MO":0.0035097059,"X_N":0.0012217054,"X_NB":0.000831808,"X_S":0.0000688604,"X_ZR":0.0000484085},"reference":"Finkler1996","disabled":false,"model":"martensite_start","inputs":{"martensite_start":613.15,"martensite_type":"lath","PAGS":null,"parent_phase":"gamma","predicted_type":true,"solutionizing_temperature":1348.15},"outputs":{"calculation_error":false,"DG":2070.1440920804,"error":43.1665491724,"error_message":[],"LC_martensite_start":569.9834508276,"PAGS_energy":0.0,"solutioning_conditions":{"N":1,"P":101325,"T":1348.15,"X_C":0.00505551,"X_CR":0.1093470484,"X_CU":0.0000868665,"X_MN":0.0078372195,"X_MO":0.0035097059,"X_N":0.0012217054,"X_NB":0.000831808,"X_S":0.0000688604,"X_ZR":0.0000484085},"solutionizing_phases":["FCC_A1","CHI_A12","FCC_A1","LIQUID","","","","","","",""]}}