{"index":341,"components":["AL","C","CR","FE","MN","MO","N","NB","S","SI","VA"],"conditions":{"N":1,"P":101325,"T":1348.15,"X_AL":0.0002860516,"X_C":0.0050490234,"X_CR":0.1113272663,"X_MN":0.0122424868,"X_MO":0.0036201274,"X_N":0.0012988564,"X_NB":0.0012461111,"X_S":0.000051579,"X_SI":0.0060850276},"reference":"Finkler1996","disabled":false,"model":"martensite_start","inputs":{"martensite_start":598.15,"martensite_type":"lath","PAGS":null,"parent_phase":"gamma","predicted_type":true,"solutionizing_temperature":1348.15},"outputs":{"calculation_error":false,"DG":2132.3270013097,"error":68.4448489189,"error_message":[],"LC_martensite_start":529.7051510811,"PAGS_energy":0.0,"solutioning_conditions":{"N":1,"P":101325,"T":1348.15,"X_AL":0.0002860516,"X_C":0.0050490234,"X_CR":0.1113272663,"X_MN":0.0122424868,"X_MO":0.0036201274,"X_N":0.0012988564,"X_NB":0.0012461111,"X_S":0.000051579,"X_SI":0.0060850276},"solutionizing_phases":["BCC_A2","FCC_A1","CHI_A12","FCC_A1","LIQUID","","","","","",""]}}