{"index":347,"components":["AL","C","CR","FE","MO","N","NB","NI","P","S","VA"],"conditions":{"N":1,"P":101325,"T":1348.15,"X_AL":0.0001840665,"X_C":0.0050538626,"X_CR":0.1093114148,"X_MO":0.004313806,"X_N":0.0010637192,"X_NB":0.0008909325,"X_NI":0.0061111529,"X_P":0.0001247105,"X_S":0.0000688379},"reference":"Finkler1996","disabled":false,"model":"martensite_start","inputs":{"martensite_start":618.15,"martensite_type":"lath","PAGS":null,"parent_phase":"gamma","predicted_type":true,"solutionizing_temperature":1348.15},"outputs":{"calculation_error":false,"DG":2157.3872631878,"error":8.4610701978,"error_message":[],"LC_martensite_start":609.6889298022,"PAGS_energy":0.0,"solutioning_conditions":{"N":1,"P":101325,"T":1348.15,"X_AL":0.0001840665,"X_C":0.0050538626,"X_CR":0.1093114148,"X_MO":0.004313806,"X_N":0.0010637192,"X_NB":0.0008909325,"X_NI":0.0061111529,"X_P":0.0001247105,"X_S":0.0000688379},"solutionizing_phases":["FCC_A1","CHI_A12","HCP_A3","FCC_A1","","","","","","",""]}}