{"index":339,"components":["B","C","CR","FE","MN","MO","N","P","SI","V","VA"],"conditions":{"N":1,"P":101325,"T":1343.15,"X_B":0.0015218531,"X_C":0.00958889,"X_CR":0.1102206276,"X_MN":0.0086848718,"X_MO":0.0088031554,"X_N":0.0066562627,"X_P":0.0000885306,"X_SI":0.0064439052,"X_V":0.002583788},"reference":"Finkler1996","disabled":false,"model":"martensite_start","inputs":{"martensite_start":593.15,"martensite_type":"lath","PAGS":null,"parent_phase":"gamma","predicted_type":true,"solutionizing_temperature":1343.15},"outputs":{"calculation_error":false,"DG":2147.5247518818,"error":105.9282895565,"error_message":[],"LC_martensite_start":487.2217104435,"PAGS_energy":0.0,"solutioning_conditions":{"N":1,"P":101325,"T":1343.15,"X_B":0.0015218531,"X_C":0.00958889,"X_CR":0.1102206276,"X_MN":0.0086848718,"X_MO":0.0088031554,"X_N":0.0066562627,"X_P":0.0000885306,"X_SI":0.0064439052,"X_V":0.002583788},"solutionizing_phases":["AL2CU_C16","FCC_A1","CHI_A12","HCP_A3","BCC_A2","FCC_A1","","","","",""]}}