{"index":331,"components":["C","CR","FE","N","NB","NI","P","S","SI","V","VA"],"conditions":{"N":1,"P":101325,"T":1348.15,"X_C":0.0064059093,"X_CR":0.1374021892,"X_N":0.0001569442,"X_NB":0.001064751,"X_NI":0.0059925515,"X_P":0.000106458,"X_S":0.0000685567,"X_SI":0.0064573281,"X_V":0.0028049343},"reference":"Finkler1996","disabled":false,"model":"martensite_start","inputs":{"martensite_start":538.15,"martensite_type":"plate","PAGS":null,"parent_phase":"gamma","predicted_type":true,"solutionizing_temperature":1348.15},"outputs":{"calculation_error":false,"DG":2868.4921905621,"error":-26.1490124083,"error_message":["Austenite not identified as primary phase during solutionizing treatment."],"LC_martensite_start":564.2990124083,"PAGS_energy":0.0,"solutioning_conditions":{"N":1,"P":101325,"T":1348.15,"X_C":0.0064059093,"X_CR":0.1374021892,"X_N":0.0001569442,"X_NB":0.001064751,"X_NI":0.0059925515,"X_P":0.000106458,"X_S":0.0000685567,"X_SI":0.0064573281,"X_V":0.0028049343},"solutionizing_phases":["BCC_A2","FCC_A1","FCC_A1","","","","","","","",""]}}