{"index":342,"components":["B","C","CR","FE","MN","N","P","TA","V","W","VA"],"conditions":{"N":1,"P":101325,"T":1348.15,"X_B":0.0003134833,"X_C":0.0046257494,"X_CR":0.0993716721,"X_MN":0.0050564675,"X_N":0.0006148176,"X_P":0.0000896864,"X_TA":0.0002026473,"X_V":0.0028356462,"X_W":0.0029012265},"reference":"Finkler1996","disabled":false,"model":"martensite_start","inputs":{"martensite_start":691.15,"martensite_type":"lath","PAGS":null,"parent_phase":"gamma","predicted_type":true,"solutionizing_temperature":1348.15},"outputs":{"calculation_error":false,"DG":1542.1412594,"error":95.8109666777,"error_message":[],"LC_martensite_start":595.3390333223,"PAGS_energy":0.0,"solutioning_conditions":{"N":1,"P":101325,"T":1348.15,"X_B":0.0003134833,"X_C":0.0046257494,"X_CR":0.0993716721,"X_MN":0.0050564675,"X_N":0.0006148176,"X_P":0.0000896864,"X_TA":0.0002026473,"X_V":0.0028356462,"X_W":0.0029012265},"solutionizing_phases":["FCC_A1","HCP_A3","M5B3_D8L","","","","","","","",""]}}