{"index":353,"components":["AL","B","C","CR","FE","MN","N","P","SI","V","VA"],"conditions":{"N":1,"P":101325,"T":1348.15,"X_AL":0.0001643309,"X_B":0.0000512661,"X_C":0.000738325,"X_CR":0.1129876601,"X_MN":0.0090795689,"X_N":0.0005935419,"X_P":0.0001252564,"X_SI":0.0076962358,"X_V":0.0029375682},"reference":"Finkler1996","disabled":false,"model":"martensite_start","inputs":{"martensite_start":628.15,"martensite_type":"plate","PAGS":null,"parent_phase":"gamma","predicted_type":true,"solutionizing_temperature":1348.15},"outputs":{"calculation_error":false,"DG":2256.8392976056,"error":-5.8048594618,"error_message":["Austenite not identified as primary phase during solutionizing treatment."],"LC_martensite_start":633.9548594618,"PAGS_energy":0.0,"solutioning_conditions":{"N":1,"P":101325,"T":1348.15,"X_AL":0.0001643309,"X_B":0.0000512661,"X_C":0.000738325,"X_CR":0.1129876601,"X_MN":0.0090795689,"X_N":0.0005935419,"X_P":0.0001252564,"X_SI":0.0076962358,"X_V":0.0029375682},"solutionizing_phases":["BCC_A2","FCC_A1","FCC_A1","","","","","","","",""]}}