{"index":361,"components":["AL","C","CR","CU","FE","MN","N","S","SI","V","VA"],"conditions":{"N":1,"P":101325,"T":1348.15,"X_AL":0.0001638821,"X_C":0.0057524126,"X_CR":0.1009859992,"X_CU":0.0000608861,"X_MN":0.0049298217,"X_N":0.0006274363,"X_S":0.0000344752,"X_SI":0.000787202,"X_V":0.003038048},"reference":"Finkler1996","disabled":false,"model":"martensite_start","inputs":{"martensite_start":668.15,"martensite_type":"lath","PAGS":null,"parent_phase":"gamma","predicted_type":true,"solutionizing_temperature":1348.15},"outputs":{"calculation_error":false,"DG":1705.9080881047,"error":91.7253439713,"error_message":[],"LC_martensite_start":576.4246560287,"PAGS_energy":0.0,"solutioning_conditions":{"N":1,"P":101325,"T":1348.15,"X_AL":0.0001638821,"X_C":0.0057524126,"X_CR":0.1009859992,"X_CU":0.0000608861,"X_MN":0.0049298217,"X_N":0.0006274363,"X_S":0.0000344752,"X_SI":0.000787202,"X_V":0.003038048},"solutionizing_phases":["FCC_A1","LIQUID","FCC_A1","","","","","","","",""]}}