{"index":337,"components":["AL","B","C","CR","FE","MN","MO","N","NI","P","VA"],"conditions":{"N":1,"P":101325,"T":1348.15,"X_AL":0.0003675348,"X_B":0.0000509597,"X_C":0.0045869538,"X_CR":0.1154910724,"X_MN":0.0091255884,"X_MO":0.0071779923,"X_N":0.0051132875,"X_NI":0.0018772988,"X_P":0.0001778684},"reference":"Finkler1996","disabled":false,"model":"martensite_start","inputs":{"martensite_start":585.15,"martensite_type":"plate","PAGS":null,"parent_phase":"gamma","predicted_type":true,"solutionizing_temperature":1348.15},"outputs":{"calculation_error":false,"DG":2208.1103912941,"error":62.6892252079,"error_message":[],"LC_martensite_start":522.4607747921,"PAGS_energy":0.0,"solutioning_conditions":{"N":1,"P":101325,"T":1348.15,"X_AL":0.0003675348,"X_B":0.0000509597,"X_C":0.0045869538,"X_CR":0.1154910724,"X_MN":0.0091255884,"X_MO":0.0071779923,"X_N":0.0051132875,"X_NI":0.0018772988,"X_P":0.0001778684},"solutionizing_phases":["FCC_A1","CHI_A12","HCP_A3","","","","","","","",""]}}