{"index":362,"components":["B","C","CE","CR","CU","FE","MN","N","SI","W","VA"],"conditions":{"N":1,"P":101325,"T":1348.15,"X_B":0.0003239209,"X_C":0.0055536338,"X_CE":0.0001626524,"X_CR":0.1015587044,"X_CU":0.0000612314,"X_MN":0.0050589585,"X_N":0.0002460482,"X_SI":0.0009895829,"X_W":0.0029631278},"reference":"Finkler1996","disabled":false,"model":"martensite_start","inputs":{"martensite_start":673.15,"martensite_type":"lath","PAGS":null,"parent_phase":"gamma","predicted_type":true,"solutionizing_temperature":1348.15},"outputs":{"calculation_error":false,"DG":1746.6363574146,"error":85.5673735046,"error_message":[],"LC_martensite_start":587.5826264954,"PAGS_energy":0.0,"solutioning_conditions":{"N":1,"P":101325,"T":1348.15,"X_B":0.0003239209,"X_C":0.0055536338,"X_CE":0.0001626524,"X_CR":0.1015587044,"X_CU":0.0000612314,"X_MN":0.0050589585,"X_N":0.0002460482,"X_SI":0.0009895829,"X_W":0.0029631278},"solutionizing_phases":["FCC_A1","M5B3_D8L","","","","","","","","",""]}}