{"index":363,"components":["C","CR","FE","MN","MO","N","NB","P","SI","V","VA"],"conditions":{"N":1,"P":101325,"T":1303.15,"X_C":0.0055260845,"X_CR":0.0893538176,"X_MN":0.0044297995,"X_MO":0.0058803754,"X_N":0.0016585099,"X_NB":0.0003869656,"X_P":0.0000892854,"X_SI":0.0039386957,"X_V":0.0024972424},"reference":"Finkler1996","disabled":false,"model":"martensite_start","inputs":{"martensite_start":673.15,"martensite_type":"lath","PAGS":null,"parent_phase":"gamma","predicted_type":true,"solutionizing_temperature":1303.15},"outputs":{"calculation_error":false,"DG":1784.7107290681,"error":55.62364604,"error_message":[],"LC_martensite_start":617.52635396,"PAGS_energy":0.0,"solutioning_conditions":{"N":1,"P":101325,"T":1303.15,"X_C":0.0055260845,"X_CR":0.0893538176,"X_MN":0.0044297995,"X_MO":0.0058803754,"X_N":0.0016585099,"X_NB":0.0003869656,"X_P":0.0000892854,"X_SI":0.0039386957,"X_V":0.0024972424},"solutionizing_phases":["FCC_A1","CHI_A12","FCC_A1","","","","","","","",""]}}