{"index":332,"components":["C","CR","CU","FE","N","NB","NI","S","SI","V","VA"],"conditions":{"N":1,"P":101325,"T":1348.15,"X_C":0.0061812237,"X_CR":0.1279745504,"X_CU":0.0001298112,"X_N":0.0001570483,"X_NB":0.0011246492,"X_NI":0.0060902217,"X_S":0.0000857527,"X_SI":0.0066574171,"X_V":0.0030227019},"reference":"Finkler1996","disabled":false,"model":"martensite_start","inputs":{"martensite_start":548.15,"martensite_type":"plate","PAGS":null,"parent_phase":"gamma","predicted_type":true,"solutionizing_temperature":1348.15},"outputs":{"calculation_error":false,"DG":2914.0999917397,"error":-75.6274553061,"error_message":["Austenite not identified as primary phase during solutionizing treatment."],"LC_martensite_start":623.7774553061,"PAGS_energy":0.0,"solutioning_conditions":{"N":1,"P":101325,"T":1348.15,"X_C":0.0061812237,"X_CR":0.1279745504,"X_CU":0.0001298112,"X_N":0.0001570483,"X_NB":0.0011246492,"X_NI":0.0060902217,"X_S":0.0000857527,"X_SI":0.0066574171,"X_V":0.0030227019},"solutionizing_phases":["BCC_A2","FCC_A1","FCC_A1","","","","","","","",""]}}