{"index":365,"components":["B","C","CR","CU","FE","MN","N","TA","V","W","VA"],"conditions":{"N":1,"P":101325,"T":1348.15,"X_B":0.0003299435,"X_C":0.0055685014,"X_CR":0.099686784,"X_CU":0.0000526246,"X_MN":0.0050725018,"X_N":0.0006883918,"X_TA":0.0049282405,"X_V":0.002735229,"X_W":0.0000727607},"reference":"Finkler1996","disabled":false,"model":"martensite_start","inputs":{"martensite_start":715.15,"martensite_type":"lath","PAGS":null,"parent_phase":"gamma","predicted_type":true,"solutionizing_temperature":1348.15},"outputs":{"calculation_error":false,"DG":1488.0443903421,"error":63.361926074,"error_message":[],"LC_martensite_start":651.788073926,"PAGS_energy":0.0,"solutioning_conditions":{"N":1,"P":101325,"T":1348.15,"X_B":0.0003299435,"X_C":0.0055685014,"X_CR":0.099686784,"X_CU":0.0000526246,"X_MN":0.0050725018,"X_N":0.0006883918,"X_TA":0.0049282405,"X_V":0.002735229,"X_W":0.0000727607},"solutionizing_phases":["FCC_A1","HCP_A3","M5B3_D8L","","","","","","","",""]}}