{"index":364,"components":["B","C","CR","FE","N","P","TA","TI","V","W","VA"],"conditions":{"N":1,"P":101325,"T":1348.15,"X_B":0.000010364,"X_C":0.0041979489,"X_CR":0.0829627075,"X_N":0.0002799788,"X_P":0.0000361742,"X_TA":0.0000619212,"X_TI":0.000117038,"X_V":0.0017595889,"X_W":0.0059423409},"reference":"Finkler1996","disabled":false,"model":"martensite_start","inputs":{"martensite_start":698.15,"martensite_type":"lath","PAGS":null,"parent_phase":"gamma","predicted_type":true,"solutionizing_temperature":1348.15},"outputs":{"calculation_error":false,"DG":1665.4656907783,"error":33.5060080314,"error_message":[],"LC_martensite_start":664.6439919686,"PAGS_energy":0.0,"solutioning_conditions":{"N":1,"P":101325,"T":1348.15,"X_B":0.000010364,"X_C":0.0041979489,"X_CR":0.0829627075,"X_N":0.0002799788,"X_P":0.0000361742,"X_TA":0.0000619212,"X_TI":0.000117038,"X_V":0.0017595889,"X_W":0.0059423409},"solutionizing_phases":["FCC_A1","HCP_A3","FCC_A1","","","","","","","",""]}}