{"index":356,"components":["C","CR","FE","MN","N","NB","P","S","SI","V","VA"],"conditions":{"N":1,"P":101325,"T":1348.15,"X_C":0.005965076,"X_CR":0.0969820305,"X_MN":0.0066208185,"X_N":0.0002360785,"X_NB":0.0010677459,"X_P":0.0001067575,"X_S":0.0000687495,"X_SI":0.0074566264,"X_V":0.0030291951},"reference":"Finkler1996","disabled":false,"model":"martensite_start","inputs":{"martensite_start":630.15,"martensite_type":"lath","PAGS":null,"parent_phase":"gamma","predicted_type":true,"solutionizing_temperature":1348.15},"outputs":{"calculation_error":false,"DG":2025.1609995797,"error":60.2504886281,"error_message":[],"LC_martensite_start":569.8995113719,"PAGS_energy":0.0,"solutioning_conditions":{"N":1,"P":101325,"T":1348.15,"X_C":0.005965076,"X_CR":0.0969820305,"X_MN":0.0066208185,"X_N":0.0002360785,"X_NB":0.0010677459,"X_P":0.0001067575,"X_S":0.0000687495,"X_SI":0.0074566264,"X_V":0.0030291951},"solutionizing_phases":["FCC_A1","FCC_A1","LIQUID","BCC_A2","","","","","","",""]}}