{"index":360,"components":["AL","C","CR","FE","MN","MO","N","NI","SI","V","VA"],"conditions":{"N":1,"P":101325,"T":1323.15,"X_AL":0.0003684605,"X_C":0.0050583568,"X_CR":0.0902886681,"X_MN":0.0047250863,"X_MO":0.0048933277,"X_N":0.0014984176,"X_NI":0.0012233175,"X_SI":0.0062929301,"X_V":0.0002385262},"reference":"Finkler1996","disabled":false,"model":"martensite_start","inputs":{"martensite_start":658.15,"martensite_type":"lath","PAGS":null,"parent_phase":"gamma","predicted_type":true,"solutionizing_temperature":1323.15},"outputs":{"calculation_error":false,"DG":1840.3596507954,"error":54.2816182513,"error_message":[],"LC_martensite_start":603.8683817487,"PAGS_energy":0.0,"solutioning_conditions":{"N":1,"P":101325,"T":1323.15,"X_AL":0.0003684605,"X_C":0.0050583568,"X_CR":0.0902886681,"X_MN":0.0047250863,"X_MO":0.0048933277,"X_N":0.0014984176,"X_NI":0.0012233175,"X_SI":0.0062929301,"X_V":0.0002385262},"solutionizing_phases":["ALN_B4","FCC_A1","CHI_A12","BCC_A2","","","","","","",""]}}