{"index":345,"components":["AL","C","CR","CU","FE","MN","MO","N","NB","S","VA"],"conditions":{"N":1,"P":101325,"T":1348.15,"X_AL":0.000245481,"X_C":0.0050550761,"X_CR":0.1093376636,"X_CU":0.0000868591,"X_MN":0.0085398267,"X_MO":0.003336811,"X_N":0.001182194,"X_NB":0.0008317366,"X_S":0.0000688545},"reference":"Finkler1996","disabled":false,"model":"martensite_start","inputs":{"martensite_start":613.15,"martensite_type":"lath","PAGS":null,"parent_phase":"gamma","predicted_type":true,"solutionizing_temperature":1348.15},"outputs":{"calculation_error":false,"DG":2066.069012663,"error":46.248391366,"error_message":[],"LC_martensite_start":566.901608634,"PAGS_energy":0.0,"solutioning_conditions":{"N":1,"P":101325,"T":1348.15,"X_AL":0.000245481,"X_C":0.0050550761,"X_CR":0.1093376636,"X_CU":0.0000868591,"X_MN":0.0085398267,"X_MO":0.003336811,"X_N":0.001182194,"X_NB":0.0008317366,"X_S":0.0000688545},"solutionizing_phases":["FCC_A1","CHI_A12","FCC_A1","LIQUID","","","","","","",""]}}