{"index":340,"components":["C","CR","FE","MN","N","SI","TA","V","W","VA"],"conditions":{"N":1,"P":101325,"T":1348.15,"X_C":0.0084201609,"X_CR":0.0972496267,"X_MN":0.0071588134,"X_N":0.0018050652,"X_SI":0.0008001917,"X_TA":0.0003415509,"X_V":0.0027573029,"X_W":0.0090462358},"reference":"Finkler1996","disabled":false,"model":"martensite_start","inputs":{"martensite_start":598.15,"martensite_type":"lath","PAGS":null,"parent_phase":"gamma","predicted_type":true,"solutionizing_temperature":1348.15},"outputs":{"calculation_error":false,"DG":2065.6909912429,"error":83.9339428723,"error_message":[],"LC_martensite_start":514.2160571277,"PAGS_energy":0.0,"solutioning_conditions":{"N":1,"P":101325,"T":1348.15,"X_C":0.0084201609,"X_CR":0.0972496267,"X_MN":0.0071588134,"X_N":0.0018050652,"X_SI":0.0008001917,"X_TA":0.0003415509,"X_V":0.0027573029,"X_W":0.0090462358},"solutionizing_phases":["FCC_A1","FCC_A1","HCP_A3","","","","","","",""]}}