{"index":349,"components":["C","CR","FE","MN","N","NB","P","S","SI","V","VA"],"conditions":{"N":1,"P":101325,"T":1348.15,"X_C":0.0059618196,"X_CR":0.1062512288,"X_MN":0.0065169435,"X_N":0.0001572997,"X_NB":0.0010078762,"X_P":0.0001066992,"X_S":0.000068712,"X_SI":0.0066680762,"X_V":0.0030275415},"reference":"Finkler1996","disabled":false,"model":"martensite_start","inputs":{"martensite_start":620.15,"martensite_type":"lath","PAGS":null,"parent_phase":"gamma","predicted_type":true,"solutionizing_temperature":1348.15},"outputs":{"calculation_error":false,"DG":2074.0794610477,"error":68.8704875684,"error_message":[],"LC_martensite_start":551.2795124316,"PAGS_energy":0.0,"solutioning_conditions":{"N":1,"P":101325,"T":1348.15,"X_C":0.0059618196,"X_CR":0.1062512288,"X_MN":0.0065169435,"X_N":0.0001572997,"X_NB":0.0010078762,"X_P":0.0001066992,"X_S":0.000068712,"X_SI":0.0066680762,"X_V":0.0030275415},"solutionizing_phases":["BCC_A2","FCC_A1","FCC_A1","LIQUID","","","","","","",""]}}