{"index":351,"components":["B","C","CR","CU","FE","MN","N","SI","TA","V","VA"],"conditions":{"N":1,"P":101325,"T":1348.15,"X_B":0.000410607,"X_C":0.0073918628,"X_CR":0.1013806499,"X_CU":0.0001047841,"X_MN":0.0123222174,"X_N":0.0006338499,"X_SI":0.0011854175,"X_TA":0.0008892968,"X_V":0.0065355442},"reference":"Finkler1996","disabled":false,"model":"martensite_start","inputs":{"martensite_start":623.15,"martensite_type":"lath","PAGS":null,"parent_phase":"gamma","predicted_type":true,"solutionizing_temperature":1348.15},"outputs":{"calculation_error":false,"DG":1885.7254864234,"error":102.4028967285,"error_message":[],"LC_martensite_start":520.7471032715,"PAGS_energy":0.0,"solutioning_conditions":{"N":1,"P":101325,"T":1348.15,"X_B":0.000410607,"X_C":0.0073918628,"X_CR":0.1013806499,"X_CU":0.0001047841,"X_MN":0.0123222174,"X_N":0.0006338499,"X_SI":0.0011854175,"X_TA":0.0008892968,"X_V":0.0065355442},"solutionizing_phases":["FCC_A1","FCC_A1","HCP_A3","M5B3_D8L","","","","","","",""]}}