{"index":329,"components":["C","CR","CU","FE","MN","N","NB","S","SI","V","VA"],"conditions":{"N":1,"P":101325,"T":1348.15,"X_C":0.006402948,"X_CR":0.1479031846,"X_CU":0.0001210208,"X_MN":0.0061992443,"X_N":0.0001960895,"X_NB":0.0010642587,"X_S":0.000068525,"X_SI":0.0058675845,"X_V":0.0029114698},"reference":"Finkler1996","disabled":false,"model":"martensite_start","inputs":{"martensite_start":528.15,"martensite_type":"plate","PAGS":null,"parent_phase":"gamma","predicted_type":true,"solutionizing_temperature":1348.15},"outputs":{"calculation_error":false,"DG":3073.9826579807,"error":-57.5636108458,"error_message":["Austenite not identified as primary phase during solutionizing treatment."],"LC_martensite_start":585.7136108458,"PAGS_energy":0.0,"solutioning_conditions":{"N":1,"P":101325,"T":1348.15,"X_C":0.006402948,"X_CR":0.1479031846,"X_CU":0.0001210208,"X_MN":0.0061992443,"X_N":0.0001960895,"X_NB":0.0010642587,"X_S":0.000068525,"X_SI":0.0058675845,"X_V":0.0029114698},"solutionizing_phases":["BCC_A2","FCC_A1","LIQUID","FCC_A1","","","","","","",""]}}