{"index":357,"components":["B","C","CR","CU","FE","MN","MO","N","NB","NI","VA"],"conditions":{"N":1,"P":101325,"T":1348.15,"X_B":0.0001018433,"X_C":0.0077920033,"X_CR":0.1106404781,"X_CU":0.0000866324,"X_MN":0.0006413208,"X_MO":0.0032133412,"X_N":0.0001179109,"X_NB":0.0011850945,"X_NI":0.0081601569},"reference":"Finkler1996","disabled":false,"model":"martensite_start","inputs":{"martensite_start":638.15,"martensite_type":"lath","PAGS":null,"parent_phase":"gamma","predicted_type":true,"solutionizing_temperature":1348.15},"outputs":{"calculation_error":false,"DG":1984.1993540885,"error":79.9551602793,"error_message":[],"LC_martensite_start":558.1948397207,"PAGS_energy":0.0,"solutioning_conditions":{"N":1,"P":101325,"T":1348.15,"X_B":0.0001018433,"X_C":0.0077920033,"X_CR":0.1106404781,"X_CU":0.0000866324,"X_MN":0.0006413208,"X_MO":0.0032133412,"X_N":0.0001179109,"X_NB":0.0011850945,"X_NI":0.0081601569},"solutionizing_phases":["AL2CU_C16","FCC_A1","CHI_A12","FCC_A1","","","","","","",""]}}