{"index":355,"components":["AL","C","CR","FE","MN","MO","N","NB","S","ZR","VA"],"conditions":{"N":1,"P":101325,"T":1348.15,"X_AL":0.0001432463,"X_C":0.0045970986,"X_CR":0.1101184586,"X_MN":0.0076382264,"X_MO":0.0033379545,"X_N":0.0012614391,"X_NB":0.0009508819,"X_S":0.0000860976,"X_ZR":0.0000484209},"reference":"Finkler1996","disabled":false,"model":"martensite_start","inputs":{"martensite_start":630.15,"martensite_type":"lath","PAGS":null,"parent_phase":"gamma","predicted_type":true,"solutionizing_temperature":1348.15},"outputs":{"calculation_error":false,"DG":1973.7206945361,"error":48.7809522629,"error_message":[],"LC_martensite_start":581.3690477371,"PAGS_energy":0.0,"solutioning_conditions":{"N":1,"P":101325,"T":1348.15,"X_AL":0.0001432463,"X_C":0.0045970986,"X_CR":0.1101184586,"X_MN":0.0076382264,"X_MO":0.0033379545,"X_N":0.0012614391,"X_NB":0.0009508819,"X_S":0.0000860976,"X_ZR":0.0000484209},"solutionizing_phases":["FCC_A1","CHI_A12","FCC_A1","LIQUID","","","","","","",""]}}