{"index":335,"components":["AL","C","CO","CR","FE","MO","N","NB","NI","P","VA"],"conditions":{"N":1,"P":101325,"T":1348.15,"X_AL":0.0003064534,"X_C":0.0050485213,"X_CO":0.0000467681,"X_CR":0.1113161955,"X_MO":0.0034473975,"X_N":0.0013380826,"X_NB":0.0012459872,"X_NI":0.0061986126,"X_P":0.0000355939},"reference":"Finkler1996","disabled":false,"model":"martensite_start","inputs":{"martensite_start":573.15,"martensite_type":"lath","PAGS":null,"parent_phase":"gamma","predicted_type":true,"solutionizing_temperature":1348.15},"outputs":{"calculation_error":false,"DG":2489.6521546136,"error":-37.8174238944,"error_message":[],"LC_martensite_start":610.9674238944,"PAGS_energy":0.0,"solutioning_conditions":{"N":1,"P":101325,"T":1348.15,"X_AL":0.0003064534,"X_C":0.0050485213,"X_CO":0.0000467681,"X_CR":0.1113161955,"X_MO":0.0034473975,"X_N":0.0013380826,"X_NB":0.0012459872,"X_NI":0.0061986126,"X_P":0.0000355939},"solutionizing_phases":["FCC_A1","CHI_A12","HCP_A3","FCC_A1","","","","","","",""]}}