{"components": ["CR", "FE", "NI", "VA"], "reference": ["Harmelin1982", "Ishida1974"], "phases": ["BCC_A2"], "output": "MS", "conditions": {"P": 101325, "N": 1, "T": [358.7570621469, 554.15, 538.15, 504.15, 481.15]}, "solver": {"mode": "manual", "sublattice_site_ratios": [1, 3], "sublattice_configurations": [[["CR", "FE", "NI"], "VA"], [["CR", "FE", "NI"], "VA"], [["CR", "FE", "NI"], "VA"], [["CR", "FE", "NI"], "VA"], [["CR", "FE", "NI"], "VA"]], "sublattice_occupancies": [[[0.191501778, 0.733002724, 0.0754000779], 1.0], [[0.0057872651, 0.8142140603, 0.17999867460000002], 1.0], [[0.0152066419, 0.8047614175000001, 0.1800319406], 1.0], [[0.0198194815, 0.800132287, 0.18004823150000002], 1.0], [[0.0326809522, 0.7872253941, 0.1800936537], 1.0]]}, "values": [[[4144.2808704983, 4144.2808704983, 4144.2808704983, 4144.2808704983, 4144.2808704983], [1193.9989261155, 1193.9989261155, 1193.9989261155, 1193.9989261155, 1193.9989261155], [1305.1797543513, 1305.1797543513, 1305.1797543513, 1305.1797543513, 1305.1797543513], [1538.6240050972, 1538.6240050972, 1538.6240050972, 1538.6240050972, 1538.6240050972], [1669.0837018869, 1669.0837018869, 1669.0837018869, 1669.0837018869, 1669.0837018869]]]}