{"index":1053,"components":["C","CR","CU","FE","MN","SI","V","VA"],"conditions":{"N":1,"P":101325,"T":1273.15,"X_C":0.0624804239,"X_CR":0.0139243118,"X_CU":0.0003326563,"X_MN":0.0058678713,"X_SI":0.0069621521,"X_V":0.0018673457},"reference":"Wever1954","disabled":false,"model":"martensite_start","inputs":{"martensite_start":493.0,"martensite_type":"lath","PAGS":null,"parent_phase":"gamma","predicted_type":true,"solutionizing_temperature":1273.15},"outputs":{"calculation_error":false,"DG":3078.9529390891,"error":52.7050031662,"error_message":[],"LC_martensite_start":440.2949968338,"PAGS_energy":0.0,"solutioning_conditions":{"N":1,"P":101325,"T":1273.15,"X_C":0.0624804239,"X_CR":0.0139243118,"X_CU":0.0003326563,"X_MN":0.0058678713,"X_SI":0.0069621521,"X_V":0.0018673457},"solutionizing_phases":["FCC_A1","FCC_A1","","","","","",""]}}