{"index":981,"components":["AL","C","CR","CU","FE","MN","NI","SI","VA"],"conditions":{"N":1,"P":101325,"T":1273.15,"X_AL":0.0000204709,"X_C":0.0087375242,"X_CR":0.000849811,"X_CU":0.0018252997,"X_MN":0.0120645508,"X_NI":0.0005646315,"X_SI":0.0082598135},"reference":"Wever1954","disabled":false,"model":"martensite_start","inputs":{"martensite_start":703.0,"martensite_type":"lath","PAGS":null,"parent_phase":"gamma","predicted_type":true,"solutionizing_temperature":1273.15},"outputs":{"calculation_error":false,"DG":1675.8025800532,"error":22.1762322664,"error_message":[],"LC_martensite_start":680.8237677336,"PAGS_energy":0.0,"solutioning_conditions":{"N":1,"P":101325,"T":1273.15,"X_AL":0.0000204709,"X_C":0.0087375242,"X_CR":0.000849811,"X_CU":0.0018252997,"X_MN":0.0120645508,"X_NI":0.0005646315,"X_SI":0.0082598135},"solutionizing_phases":["FCC_A1","","","","","","","",""]}}