{"index":1001,"components":["C","CR","CU","FE","MN","NI","SI","V","VA"],"conditions":{"N":1,"P":101325,"T":1273.15,"X_C":0.017196133,"X_CR":0.0016724946,"X_CU":0.0008553174,"X_MN":0.0078157275,"X_NI":0.0014816521,"X_SI":0.026512698,"X_V":0.0001066949},"reference":"Wever1954","disabled":false,"model":"martensite_start","inputs":{"martensite_start":628.0,"martensite_type":"lath","PAGS":null,"parent_phase":"gamma","predicted_type":true,"solutionizing_temperature":1273.15},"outputs":{"calculation_error":false,"DG":2343.758889374,"error":-46.6497413635,"error_message":[],"LC_martensite_start":674.6497413635,"PAGS_energy":0.0,"solutioning_conditions":{"N":1,"P":101325,"T":1273.15,"X_C":0.017196133,"X_CR":0.0016724946,"X_CU":0.0008553174,"X_MN":0.0078157275,"X_NI":0.0014816521,"X_SI":0.026512698,"X_V":0.0001066949},"solutionizing_phases":["FCC_A1","","","","","","","",""]}}