{"index":1006,"components":["C","CR","FE","MN","MO","NI","SI","V","W","VA"],"conditions":{"N":1,"P":101325,"T":1273.15,"X_C":0.0178491022,"X_CR":0.0153291234,"X_MN":0.0045025589,"X_MO":0.0026928876,"X_NI":0.0012175146,"X_SI":0.0113518311,"X_V":0.0075534681,"X_W":0.0016445337},"reference":"Wever1954","disabled":false,"model":"martensite_start","inputs":{"martensite_start":633.0,"martensite_type":"lath","PAGS":null,"parent_phase":"gamma","predicted_type":true,"solutionizing_temperature":1273.15},"outputs":{"calculation_error":false,"DG":2116.331758371,"error":-31.7346655369,"error_message":[],"LC_martensite_start":664.7346655369,"PAGS_energy":0.0,"solutioning_conditions":{"N":1,"P":101325,"T":1273.15,"X_C":0.0178491022,"X_CR":0.0153291234,"X_MN":0.0045025589,"X_MO":0.0026928876,"X_NI":0.0012175146,"X_SI":0.0113518311,"X_V":0.0075534681,"X_W":0.0016445337},"solutionizing_phases":["FCC_A1","FCC_A1","","","","","","","",""]}}