{"index":1015,"components":["C","CR","FE","MN","MO","NI","SI","V","VA"],"conditions":{"N":1,"P":101325,"T":1273.15,"X_C":0.0196665483,"X_CR":0.0138397591,"X_MN":0.0074992196,"X_MO":0.0041225012,"X_NI":0.001029512,"X_SI":0.0052809203,"X_V":0.0024801852},"reference":"Wever1954","disabled":false,"model":"martensite_start","inputs":{"martensite_start":598.0,"martensite_type":"lath","PAGS":null,"parent_phase":"gamma","predicted_type":true,"solutionizing_temperature":1273.15},"outputs":{"calculation_error":false,"DG":2335.1581481908,"error":-10.5516680717,"error_message":[],"LC_martensite_start":608.5516680717,"PAGS_energy":0.0,"solutioning_conditions":{"N":1,"P":101325,"T":1273.15,"X_C":0.0196665483,"X_CR":0.0138397591,"X_MN":0.0074992196,"X_MO":0.0041225012,"X_NI":0.001029512,"X_SI":0.0052809203,"X_V":0.0024801852},"solutionizing_phases":["FCC_A1","FCC_A1","","","","","","",""]}}