{"index":1007,"components":["C","CR","CU","FE","MN","MO","NI","SI","VA"],"conditions":{"N":1,"P":101325,"T":1273.15,"X_C":0.013787847,"X_CR":0.0152874568,"X_CU":0.0017373419,"X_MN":0.004621981,"X_MO":0.0021288523,"X_NI":0.0193740972,"X_SI":0.0047170731},"reference":"Wever1954","disabled":false,"model":"martensite_start","inputs":{"martensite_start":623.0,"martensite_type":"lath","PAGS":null,"parent_phase":"gamma","predicted_type":true,"solutionizing_temperature":1273.15},"outputs":{"calculation_error":false,"DG":2150.2299423761,"error":-4.3353141785,"error_message":[],"LC_martensite_start":627.3353141785,"PAGS_energy":0.0,"solutioning_conditions":{"N":1,"P":101325,"T":1273.15,"X_C":0.013787847,"X_CR":0.0152874568,"X_CU":0.0017373419,"X_MN":0.004621981,"X_MO":0.0021288523,"X_NI":0.0193740972,"X_SI":0.0047170731},"solutionizing_phases":["FCC_A1","","","","","","","",""]}}