{"index":1009,"components":["AL","C","CR","FE","MN","NI","SI","VA"],"conditions":{"N":1,"P":101325,"T":1273.15,"X_AL":0.0006537427,"X_C":0.0137681802,"X_CR":0.0007420803,"X_MN":0.0051170608,"X_NI":0.028456204,"X_SI":0.0062804596},"reference":"Wever1954","disabled":false,"model":"martensite_start","inputs":{"martensite_start":613.0,"martensite_type":"lath","PAGS":null,"parent_phase":"gamma","predicted_type":true,"solutionizing_temperature":1273.15},"outputs":{"calculation_error":false,"DG":2265.9847240146,"error":-38.1738907814,"error_message":[],"LC_martensite_start":651.1738907814,"PAGS_energy":0.0,"solutioning_conditions":{"N":1,"P":101325,"T":1273.15,"X_AL":0.0006537427,"X_C":0.0137681802,"X_CR":0.0007420803,"X_MN":0.0051170608,"X_NI":0.028456204,"X_SI":0.0062804596},"solutionizing_phases":["FCC_A1","","","","","","",""]}}