{"index":1046,"components":["C","CR","CU","FE","MN","MO","NI","SI","V","VA"],"conditions":{"N":1,"P":101325,"T":1273.15,"X_C":0.0343165397,"X_CR":0.0011473083,"X_CU":0.001450838,"X_MN":0.0028627473,"X_MO":0.0001130547,"X_NI":0.0006467955,"X_SI":0.0042481392,"X_V":0.00021292},"reference":"Wever1954","disabled":false,"model":"martensite_start","inputs":{"martensite_start":518.0,"martensite_type":"plate","PAGS":null,"parent_phase":"gamma","predicted_type":true,"solutionizing_temperature":1273.15},"outputs":{"calculation_error":false,"DG":2442.6190475038,"error":-38.6552392006,"error_message":[],"LC_martensite_start":556.6552392006,"PAGS_energy":0.0,"solutioning_conditions":{"N":1,"P":101325,"T":1273.15,"X_C":0.0343165397,"X_CR":0.0011473083,"X_CU":0.001450838,"X_MN":0.0028627473,"X_MO":0.0001130547,"X_NI":0.0006467955,"X_SI":0.0042481392,"X_V":0.00021292},"solutionizing_phases":["FCC_A1","","","","","","","","",""]}}