{"index":1014,"components":["AL","C","CR","FE","MN","NI","SI","VA"],"conditions":{"N":1,"P":101325,"T":1273.15,"X_AL":0.0006518368,"X_C":0.0196768574,"X_CR":0.0004228096,"X_MN":0.0043018064,"X_NI":0.0468205314,"X_SI":0.004696612},"reference":"Wever1954","disabled":false,"model":"martensite_start","inputs":{"martensite_start":533.0,"martensite_type":"lath","PAGS":null,"parent_phase":"gamma","predicted_type":true,"solutionizing_temperature":1273.15},"outputs":{"calculation_error":false,"DG":2578.6062938428,"error":-35.6455466509,"error_message":[],"LC_martensite_start":568.6455466509,"PAGS_energy":0.0,"solutioning_conditions":{"N":1,"P":101325,"T":1273.15,"X_AL":0.0006518368,"X_C":0.0196768574,"X_CR":0.0004228096,"X_MN":0.0043018064,"X_NI":0.0468205314,"X_SI":0.004696612},"solutionizing_phases":["FCC_A1","","","","","","",""]}}