{"index":991,"components":["C","CR","CU","FE","MN","NI","SI","VA"],"conditions":{"N":1,"P":101325,"T":1273.15,"X_C":0.0092077942,"X_CR":0.0006380789,"X_CU":0.0079185762,"X_MN":0.0120781932,"X_NI":0.0051816413,"X_SI":0.0074816152},"reference":"Wever1954","disabled":false,"model":"martensite_start","inputs":{"martensite_start":668.0,"martensite_type":"lath","PAGS":null,"parent_phase":"gamma","predicted_type":true,"solutionizing_temperature":1273.15},"outputs":{"calculation_error":false,"DG":1887.8287846782,"error":8.3213644028,"error_message":[],"LC_martensite_start":659.6786355972,"PAGS_energy":0.0,"solutioning_conditions":{"N":1,"P":101325,"T":1273.15,"X_C":0.0092077942,"X_CR":0.0006380789,"X_CU":0.0079185762,"X_MN":0.0120781932,"X_NI":0.0051816413,"X_SI":0.0074816152},"solutionizing_phases":["FCC_A1","","","","","","",""]}}