{"index":980,"components":["C","CR","CU","FE","MN","MO","NI","SI","VA"],"conditions":{"N":1,"P":101325,"T":1400.0,"X_C":0.0087608069,"X_CR":0.002982264,"X_CU":0.0085407632,"X_MN":0.0112902523,"X_MO":0.0015585577,"X_NI":0.0074541246,"X_SI":0.0074930781},"reference":"Wever1954","disabled":false,"model":"martensite_start","inputs":{"martensite_start":673.0,"martensite_type":"lath","PAGS":null,"parent_phase":"gamma","predicted_type":true,"solutionizing_temperature":1400.0},"outputs":{"calculation_error":false,"DG":1826.2041576091,"error":16.5900286675,"error_message":[],"LC_martensite_start":656.4099713325,"PAGS_energy":0.0,"solutioning_conditions":{"N":1,"P":101325,"T":1400.0,"X_C":0.0087608069,"X_CR":0.002982264,"X_CU":0.0085407632,"X_MN":0.0112902523,"X_MO":0.0015585577,"X_NI":0.0074541246,"X_SI":0.0074930781},"solutionizing_phases":["FCC_A1","","","","","","","",""]}}