{"index":983,"components":["C","CR","CU","FE","MN","MO","NI","SI","VA"],"conditions":{"N":1,"P":101325,"T":1400.0,"X_C":0.010127765,"X_CR":0.0103147859,"X_CU":0.001392166,"X_MN":0.0064411888,"X_MO":0.0013255233,"X_NI":0.0031087366,"X_SI":0.0049217223},"reference":"Wever1954","disabled":false,"model":"martensite_start","inputs":{"martensite_start":673.0,"martensite_type":"lath","PAGS":null,"parent_phase":"gamma","predicted_type":true,"solutionizing_temperature":1400.0},"outputs":{"calculation_error":false,"DG":1918.6174762591,"error":-13.7219471455,"error_message":[],"LC_martensite_start":686.7219471455,"PAGS_energy":0.0,"solutioning_conditions":{"N":1,"P":101325,"T":1400.0,"X_C":0.010127765,"X_CR":0.0103147859,"X_CU":0.001392166,"X_MN":0.0064411888,"X_MO":0.0013255233,"X_NI":0.0031087366,"X_SI":0.0049217223},"solutionizing_phases":["FCC_A1","","","","","","","",""]}}