{"index":1051,"components":["C","CR","CU","FE","MN","NI","SI","VA"],"conditions":{"N":1,"P":101325,"T":1273.15,"X_C":0.0464371055,"X_CR":0.0157805008,"X_CU":0.0016878813,"X_MN":0.0032213719,"X_NI":0.0028325171,"X_SI":0.0049646806},"reference":"Wever1954","disabled":false,"model":"martensite_start","inputs":{"martensite_start":518.0,"martensite_type":"lath","PAGS":null,"parent_phase":"gamma","predicted_type":true,"solutionizing_temperature":1273.15},"outputs":{"calculation_error":false,"DG":2899.6697075977,"error":6.6055156708,"error_message":[],"LC_martensite_start":511.3944843292,"PAGS_energy":0.0,"solutioning_conditions":{"N":1,"P":101325,"T":1273.15,"X_C":0.0464371055,"X_CR":0.0157805008,"X_CU":0.0016878813,"X_MN":0.0032213719,"X_NI":0.0028325171,"X_SI":0.0049646806},"solutionizing_phases":["FCC_A1","","","","","","",""]}}