{"index":1034,"components":["C","CR","FE","MN","MO","NI","SI","V","VA"],"conditions":{"N":1,"P":101325,"T":1273.15,"X_C":0.0236975984,"X_CR":0.0114742693,"X_MN":0.006974196,"X_MO":0.0024532288,"X_NI":0.0160401524,"X_SI":0.0056517787,"X_V":0.0015042694},"reference":"Wever1954","disabled":false,"model":"martensite_start","inputs":{"martensite_start":528.0,"martensite_type":"lath","PAGS":null,"parent_phase":"gamma","predicted_type":true,"solutionizing_temperature":1273.15},"outputs":{"calculation_error":false,"DG":2911.8683874335,"error":-40.2296768188,"error_message":[],"LC_martensite_start":568.2296768188,"PAGS_energy":0.0,"solutioning_conditions":{"N":1,"P":101325,"T":1273.15,"X_C":0.0236975984,"X_CR":0.0114742693,"X_MN":0.006974196,"X_MO":0.0024532288,"X_NI":0.0160401524,"X_SI":0.0056517787,"X_V":0.0015042694},"solutionizing_phases":["FCC_A1","","","","","","","",""]}}