{"index":966,"components":["C","CR","CU","FE","MN","MO","NI","SI","VA"],"conditions":{"N":1,"P":101325,"T":1273.15,"X_C":0.0050976705,"X_CR":0.0245138829,"X_CU":0.0015766369,"X_MN":0.0047618099,"X_MO":0.0059176306,"X_NI":0.0013276578,"X_SI":0.0041618319},"reference":"Wever1954","disabled":false,"model":"martensite_start","inputs":{"martensite_start":738.0,"martensite_type":"lath","PAGS":null,"parent_phase":"gamma","predicted_type":true,"solutionizing_temperature":1273.15},"outputs":{"calculation_error":false,"DG":1475.9095747848,"error":29.6573910713,"error_message":[],"LC_martensite_start":708.3426089287,"PAGS_energy":0.0,"solutioning_conditions":{"N":1,"P":101325,"T":1273.15,"X_C":0.0050976705,"X_CR":0.0245138829,"X_CU":0.0015766369,"X_MN":0.0047618099,"X_MO":0.0059176306,"X_NI":0.0013276578,"X_SI":0.0041618319},"solutionizing_phases":["FCC_A1","","","","","","","",""]}}