{"index":968,"components":["AL","C","CR","CU","FE","MN","MO","NI","SI","VA"],"conditions":{"N":1,"P":101325,"T":1273.15,"X_AL":0.0002053647,"X_C":0.0059974626,"X_CR":0.0159850135,"X_CU":0.0019183462,"X_MN":0.0051438642,"X_MO":0.0003465326,"X_NI":0.0146330531,"X_SI":0.0061160644},"reference":"Wever1954","disabled":false,"model":"martensite_start","inputs":{"martensite_start":713.0,"martensite_type":"lath","PAGS":null,"parent_phase":"gamma","predicted_type":true,"solutionizing_temperature":1273.15},"outputs":{"calculation_error":false,"DG":1587.1245167968,"error":23.1212166786,"error_message":[],"LC_martensite_start":689.8787833214,"PAGS_energy":0.0,"solutioning_conditions":{"N":1,"P":101325,"T":1273.15,"X_AL":0.0002053647,"X_C":0.0059974626,"X_CR":0.0159850135,"X_CU":0.0019183462,"X_MN":0.0051438642,"X_MO":0.0003465326,"X_NI":0.0146330531,"X_SI":0.0061160644},"solutionizing_phases":["FCC_A1","","","","","","","","",""]}}