{"index":971,"components":["C","CR","CU","FE","MN","NI","SI","V","VA"],"conditions":{"N":1,"P":101325,"T":1273.15,"X_C":0.0068973182,"X_CR":0.0127458205,"X_CU":0.0015643777,"X_MN":0.0067353307,"X_NI":0.0023523832,"X_SI":0.0094387917,"X_V":0.0033608358},"reference":"Wever1954","disabled":false,"model":"martensite_start","inputs":{"martensite_start":708.0,"martensite_type":"lath","PAGS":null,"parent_phase":"gamma","predicted_type":true,"solutionizing_temperature":1273.15},"outputs":{"calculation_error":false,"DG":1630.2902280168,"error":12.7357841492,"error_message":[],"LC_martensite_start":695.2642158508,"PAGS_energy":0.0,"solutioning_conditions":{"N":1,"P":101325,"T":1273.15,"X_C":0.0068973182,"X_CR":0.0127458205,"X_CU":0.0015643777,"X_MN":0.0067353307,"X_NI":0.0023523832,"X_SI":0.0094387917,"X_V":0.0033608358},"solutionizing_phases":["FCC_A1","","","","","","","",""]}}