{"index":974,"components":["AL","C","CR","CU","FE","MN","MO","NI","SI","V","VA"],"conditions":{"N":1,"P":101325,"T":1400.0,"X_AL":0.0003077866,"X_C":0.007375252,"X_CR":0.0105411895,"X_CU":0.0019167244,"X_MN":0.011286779,"X_MO":0.0001154132,"X_NI":0.0011319238,"X_SI":0.0043367633,"X_V":0.000108681},"reference":"Wever1954","disabled":false,"model":"martensite_start","inputs":{"martensite_start":673.0,"martensite_type":"lath","PAGS":null,"parent_phase":"gamma","predicted_type":true,"solutionizing_temperature":1400.0},"outputs":{"calculation_error":false,"DG":1905.6517068987,"error":-2.4360866308,"error_message":[],"LC_martensite_start":675.4360866308,"PAGS_energy":0.0,"solutioning_conditions":{"N":1,"P":101325,"T":1400.0,"X_AL":0.0003077866,"X_C":0.007375252,"X_CR":0.0105411895,"X_CU":0.0019167244,"X_MN":0.011286779,"X_MO":0.0001154132,"X_NI":0.0011319238,"X_SI":0.0043367633,"X_V":0.000108681},"solutionizing_phases":["FCC_A1","","","","","","","","","",""]}}