{"index":996,"components":["C","CR","CU","FE","MN","MO","NI","SI","V","VA"],"conditions":{"N":1,"P":101325,"T":1273.15,"X_C":0.0164675436,"X_CR":0.0115172917,"X_CU":0.001037499,"X_MN":0.0069003406,"X_MO":0.0004008602,"X_NI":0.0007488509,"X_SI":0.0056729699,"X_V":0.0001078507},"reference":"Wever1954","disabled":false,"model":"martensite_start","inputs":{"martensite_start":633.0,"martensite_type":"lath","PAGS":null,"parent_phase":"gamma","predicted_type":true,"solutionizing_temperature":1273.15},"outputs":{"calculation_error":false,"DG":2213.888293535,"error":-18.2604547262,"error_message":[],"LC_martensite_start":651.2604547262,"PAGS_energy":0.0,"solutioning_conditions":{"N":1,"P":101325,"T":1273.15,"X_C":0.0164675436,"X_CR":0.0115172917,"X_CU":0.001037499,"X_MN":0.0069003406,"X_MO":0.0004008602,"X_NI":0.0007488509,"X_SI":0.0056729699,"X_V":0.0001078507},"solutionizing_phases":["FCC_A1","","","","","","","","",""]}}