{"index":1023,"components":["C","CR","CU","FE","MN","MO","NI","SI","VA"],"conditions":{"N":1,"P":101325,"T":1273.15,"X_C":0.0200839876,"X_CR":0.0109654929,"X_CU":0.0014666493,"X_MN":0.0079832986,"X_MO":0.0002285735,"X_NI":0.0024285646,"X_SI":0.0042944357},"reference":"Wever1954","disabled":false,"model":"martensite_start","inputs":{"martensite_start":628.0,"martensite_type":"lath","PAGS":null,"parent_phase":"gamma","predicted_type":true,"solutionizing_temperature":1273.15},"outputs":{"calculation_error":false,"DG":2213.7119370918,"error":6.1099342346,"error_message":[],"LC_martensite_start":621.8900657654,"PAGS_energy":0.0,"solutioning_conditions":{"N":1,"P":101325,"T":1273.15,"X_C":0.0200839876,"X_CR":0.0109654929,"X_CU":0.0014666493,"X_MN":0.0079832986,"X_MO":0.0002285735,"X_NI":0.0024285646,"X_SI":0.0042944357},"solutionizing_phases":["FCC_A1","","","","","","","",""]}}