{"index":1041,"components":["C","CR","CU","FE","MN","MO","NI","SI","V","VA"],"conditions":{"N":1,"P":101325,"T":1273.15,"X_C":0.0261603502,"X_CR":0.0132317361,"X_CU":0.0011935035,"X_MN":0.0079872209,"X_MO":0.0001129313,"X_NI":0.000553791,"X_SI":0.017166894,"X_V":0.0011697817},"reference":"Wever1954","disabled":false,"model":"martensite_start","inputs":{"martensite_start":543.0,"martensite_type":"lath","PAGS":null,"parent_phase":"gamma","predicted_type":true,"solutionizing_temperature":1273.15},"outputs":{"calculation_error":false,"DG":2988.6055843462,"error":-44.9752399921,"error_message":[],"LC_martensite_start":587.9752399921,"PAGS_energy":0.0,"solutioning_conditions":{"N":1,"P":101325,"T":1273.15,"X_C":0.0261603502,"X_CR":0.0132317361,"X_CU":0.0011935035,"X_MN":0.0079872209,"X_MO":0.0001129313,"X_NI":0.000553791,"X_SI":0.017166894,"X_V":0.0011697817},"solutionizing_phases":["FCC_A1","","","","","","","","",""]}}