{"index":1044,"components":["C","CR","CU","FE","MN","NI","SI","V","VA"],"conditions":{"N":1,"P":101325,"T":1273.15,"X_C":0.032556201,"X_CR":0.0010301688,"X_CU":0.001601565,"X_MN":0.0071175223,"X_NI":0.0010951438,"X_SI":0.0308966956,"X_V":0.0001051496},"reference":"Wever1954","disabled":false,"model":"martensite_start","inputs":{"martensite_start":488.0,"martensite_type":"plate","PAGS":null,"parent_phase":"gamma","predicted_type":true,"solutionizing_temperature":1273.15},"outputs":{"calculation_error":false,"DG":3478.1120340915,"error":-94.7460002899,"error_message":["Removed 5 components while calculating martensite equilibrium."],"LC_martensite_start":582.7460002899,"PAGS_energy":0.0,"solutioning_conditions":{"N":1,"P":101325,"T":1273.15,"X_C":0.032556201,"X_CR":0.0010301688,"X_CU":0.001601565,"X_MN":0.0071175223,"X_NI":0.0010951438,"X_SI":0.0308966956,"X_V":0.0001051496},"solutionizing_phases":["FCC_A1","","","","","","","",""]}}