{"index":970,"components":["C","CR","FE","MN","MO","NI","SI","V","VA"],"conditions":{"N":1,"P":101325,"T":1273.15,"X_C":0.0060128015,"X_CR":0.0101497342,"X_MN":0.0063704364,"X_MO":0.0049796701,"X_NI":0.0006625377,"X_SI":0.0063295036,"X_V":0.0020719712},"reference":"Wever1954","disabled":false,"model":"martensite_start","inputs":{"martensite_start":703.0,"martensite_type":"lath","PAGS":null,"parent_phase":"gamma","predicted_type":true,"solutionizing_temperature":1273.15},"outputs":{"calculation_error":false,"DG":1702.7641812543,"error":-10.8224989414,"error_message":[],"LC_martensite_start":713.8224989414,"PAGS_energy":0.0,"solutioning_conditions":{"N":1,"P":101325,"T":1273.15,"X_C":0.0060128015,"X_CR":0.0101497342,"X_MN":0.0063704364,"X_MO":0.0049796701,"X_NI":0.0006625377,"X_SI":0.0063295036,"X_V":0.0020719712},"solutionizing_phases":["FCC_A1","","","","","","","",""]}}