{"index":969,"components":["C","CR","CU","FE","MN","NI","SI","VA"],"conditions":{"N":1,"P":101325,"T":1273.15,"X_C":0.0060013242,"X_CR":0.0007464476,"X_CU":0.0017450739,"X_MN":0.0056518013,"X_NI":0.0004723379,"X_SI":0.0051329052},"reference":"Wever1954","disabled":false,"model":"martensite_start","inputs":{"martensite_start":723.0,"martensite_type":"lath","PAGS":null,"parent_phase":"gamma","predicted_type":true,"solutionizing_temperature":1273.15},"outputs":{"calculation_error":false,"DG":1645.1278453761,"error":-15.911914587,"error_message":[],"LC_martensite_start":738.911914587,"PAGS_energy":0.0,"solutioning_conditions":{"N":1,"P":101325,"T":1273.15,"X_C":0.0060013242,"X_CR":0.0007464476,"X_CU":0.0017450739,"X_MN":0.0056518013,"X_NI":0.0004723379,"X_SI":0.0051329052},"solutionizing_phases":["FCC_A1","","","","","","",""]}}