{"index":992,"components":["AL","C","CR","CU","FE","MN","SI","VA"],"conditions":{"N":1,"P":101325,"T":1273.15,"X_AL":0.0000204396,"X_C":0.0091833647,"X_CR":0.0010606434,"X_CU":0.0014753697,"X_MN":0.0120461482,"X_SI":0.0104071992},"reference":"Wever1954","disabled":false,"model":"martensite_start","inputs":{"martensite_start":703.0,"martensite_type":"lath","PAGS":null,"parent_phase":"gamma","predicted_type":true,"solutionizing_temperature":1273.15},"outputs":{"calculation_error":false,"DG":1679.3466431148,"error":22.955091095,"error_message":[],"LC_martensite_start":680.044908905,"PAGS_energy":0.0,"solutioning_conditions":{"N":1,"P":101325,"T":1273.15,"X_AL":0.0000204396,"X_C":0.0091833647,"X_CR":0.0010606434,"X_CU":0.0014753697,"X_MN":0.0120461482,"X_SI":0.0104071992},"solutionizing_phases":["FCC_A1","","","","","","",""]}}