{"index":978,"components":["C","CR","CU","FE","MN","MO","NI","SI","VA"],"conditions":{"N":1,"P":101325,"T":1273.15,"X_C":0.0083047013,"X_CR":0.0085258767,"X_CU":0.0015696547,"X_MN":0.0062537183,"X_MO":0.0023103624,"X_NI":0.0013217782,"X_SI":0.0049326202},"reference":"Wever1954","disabled":false,"model":"martensite_start","inputs":{"martensite_start":708.0,"martensite_type":"lath","PAGS":null,"parent_phase":"gamma","predicted_type":true,"solutionizing_temperature":1273.15},"outputs":{"calculation_error":false,"DG":1677.3780999033,"error":2.855764389,"error_message":[],"LC_martensite_start":705.144235611,"PAGS_energy":0.0,"solutioning_conditions":{"N":1,"P":101325,"T":1273.15,"X_C":0.0083047013,"X_CR":0.0085258767,"X_CU":0.0015696547,"X_MN":0.0062537183,"X_MO":0.0023103624,"X_NI":0.0013217782,"X_SI":0.0049326202},"solutionizing_phases":["FCC_A1","","","","","","","",""]}}