{"index":1012,"components":["C","CR","CU","FE","MN","MO","NI","SI","VA"],"conditions":{"N":1,"P":101325,"T":1273.15,"X_C":0.01872741,"X_CR":0.011184003,"X_CU":0.0014676513,"X_MN":0.0070900179,"X_MO":0.0001143648,"X_NI":0.0020563432,"X_SI":0.0048833745},"reference":"Wever1954","disabled":false,"model":"martensite_start","inputs":{"martensite_start":628.0,"martensite_type":"lath","PAGS":null,"parent_phase":"gamma","predicted_type":true,"solutionizing_temperature":1273.15},"outputs":{"calculation_error":false,"DG":2232.1090153982,"error":-7.8933010101,"error_message":[],"LC_martensite_start":635.8933010101,"PAGS_energy":0.0,"solutioning_conditions":{"N":1,"P":101325,"T":1273.15,"X_C":0.01872741,"X_CR":0.011184003,"X_CU":0.0014676513,"X_MN":0.0070900179,"X_MO":0.0001143648,"X_NI":0.0020563432,"X_SI":0.0048833745},"solutionizing_phases":["FCC_A1","","","","","","","",""]}}