{"index":1048,"components":["C","CR","CU","FE","MN","MO","NI","SI","VA"],"conditions":{"N":1,"P":101325,"T":1273.15,"X_C":0.046083503,"X_CR":0.0007234422,"X_CU":0.0003382582,"X_MN":0.0021519197,"X_MO":0.0000560115,"X_NI":0.0009155611,"X_SI":0.003252695},"reference":"Wever1954","disabled":false,"model":"martensite_start","inputs":{"martensite_start":433.0,"martensite_type":"plate","PAGS":null,"parent_phase":"gamma","predicted_type":true,"solutionizing_temperature":1273.15},"outputs":{"calculation_error":false,"DG":2313.3625182709,"error":-56.9457585335,"error_message":[],"LC_martensite_start":489.9457585335,"PAGS_energy":0.0,"solutioning_conditions":{"N":1,"P":101325,"T":1273.15,"X_C":0.046083503,"X_CR":0.0007234422,"X_CU":0.0003382582,"X_MN":0.0021519197,"X_MO":0.0000560115,"X_NI":0.0009155611,"X_SI":0.003252695},"solutionizing_phases":["FCC_A1","","","","","","","",""]}}