{"index":1037,"components":["C","CR","FE","MN","MO","NI","SI","V","W","VA"],"conditions":{"N":1,"P":101325,"T":1400.0,"X_C":0.0251788947,"X_CR":0.0134299762,"X_MN":0.0034028908,"X_MO":0.000286558,"X_NI":0.0011241759,"X_SI":0.0184029728,"X_V":0.001942867,"X_W":0.0062808956},"reference":"Wever1954","disabled":false,"model":"martensite_start","inputs":{"martensite_start":583.0,"martensite_type":"lath","PAGS":null,"parent_phase":"gamma","predicted_type":true,"solutionizing_temperature":1400.0},"outputs":{"calculation_error":false,"DG":2234.4256994312,"error":-9.0061272621,"error_message":[],"LC_martensite_start":592.0061272621,"PAGS_energy":0.0,"solutioning_conditions":{"N":1,"P":101325,"T":1400.0,"X_C":0.0251788947,"X_CR":0.0134299762,"X_MN":0.0034028908,"X_MO":0.000286558,"X_NI":0.0011241759,"X_SI":0.0184029728,"X_V":0.001942867,"X_W":0.0062808956},"solutionizing_phases":["FCC_A1","","","","","","","","",""]}}