{"index":990,"components":["C","CR","FE","MN","MO","NI","SI","V","W","VA"],"conditions":{"N":1,"P":101325,"T":1400.0,"X_C":0.0132132707,"X_CR":0.0256163774,"X_MN":0.0040235743,"X_MO":0.000354464,"X_NI":0.0005794055,"X_SI":0.0032289286,"X_V":0.0058969136,"X_W":0.0126405062},"reference":"Wever1954","disabled":false,"model":"martensite_start","inputs":{"martensite_start":673.0,"martensite_type":"lath","PAGS":null,"parent_phase":"gamma","predicted_type":true,"solutionizing_temperature":1400.0},"outputs":{"calculation_error":false,"DG":1487.1668019611,"error":70.1627383471,"error_message":[],"LC_martensite_start":602.8372616529,"PAGS_energy":0.0,"solutioning_conditions":{"N":1,"P":101325,"T":1400.0,"X_C":0.0132132707,"X_CR":0.0256163774,"X_MN":0.0040235743,"X_MO":0.000354464,"X_NI":0.0005794055,"X_SI":0.0032289286,"X_V":0.0058969136,"X_W":0.0126405062},"solutionizing_phases":["FCC_A1","","","","","","","","",""]}}