{"index":989,"components":["C","CR","FE","MN","MO","NI","SI","V","W","VA"],"conditions":{"N":1,"P":101325,"T":1273.15,"X_C":0.0136805543,"X_CR":0.0290052315,"X_MN":0.0038454156,"X_MO":0.0001834998,"X_NI":0.0003999307,"X_SI":0.0022983942,"X_V":0.0040319051,"X_W":0.0283456837},"reference":"Wever1954","disabled":false,"model":"martensite_start","inputs":{"martensite_start":693.0,"martensite_type":"lath","PAGS":null,"parent_phase":"gamma","predicted_type":true,"solutionizing_temperature":1273.15},"outputs":{"calculation_error":false,"DG":1636.5365259957,"error":19.3033930779,"error_message":[],"LC_martensite_start":673.6966069221,"PAGS_energy":0.0,"solutioning_conditions":{"N":1,"P":101325,"T":1273.15,"X_C":0.0136805543,"X_CR":0.0290052315,"X_MN":0.0038454156,"X_MO":0.0001834998,"X_NI":0.0003999307,"X_SI":0.0022983942,"X_V":0.0040319051,"X_W":0.0283456837},"solutionizing_phases":["FCC_A1","M6C_E93","MU2_D85","","","","","","",""]}}