{"index":1002,"components":["C","CR","FE","MN","MO","NI","SI","V","VA"],"conditions":{"N":1,"P":101325,"T":1273.15,"X_C":0.0174152185,"X_CR":0.0163028525,"X_MN":0.0081156903,"X_MO":0.0036145521,"X_NI":0.0000937831,"X_SI":0.0035278003,"X_V":0.0029174652},"reference":"Wever1954","disabled":false,"model":"martensite_start","inputs":{"martensite_start":623.0,"martensite_type":"lath","PAGS":null,"parent_phase":"gamma","predicted_type":true,"solutionizing_temperature":1273.15},"outputs":{"calculation_error":false,"DG":2121.7188579632,"error":12.805034399,"error_message":[],"LC_martensite_start":610.194965601,"PAGS_energy":0.0,"solutioning_conditions":{"N":1,"P":101325,"T":1273.15,"X_C":0.0174152185,"X_CR":0.0163028525,"X_MN":0.0081156903,"X_MO":0.0036145521,"X_NI":0.0000937831,"X_SI":0.0035278003,"X_V":0.0029174652},"solutionizing_phases":["FCC_A1","FCC_A1","","","","","","",""]}}