{"index":1010,"components":["C","CR","CU","FE","MN","MO","NI","SI","VA"],"conditions":{"N":1,"P":101325,"T":1273.15,"X_C":0.0137740211,"X_CR":0.0107117003,"X_CU":0.0016488198,"X_MN":0.0064241338,"X_MO":0.0013794925,"X_NI":0.0010335018,"X_SI":0.0043196477},"reference":"Wever1954","disabled":false,"model":"martensite_start","inputs":{"martensite_start":658.0,"martensite_type":"lath","PAGS":null,"parent_phase":"gamma","predicted_type":true,"solutionizing_temperature":1273.15},"outputs":{"calculation_error":false,"DG":2009.180771337,"error":-10.3560971737,"error_message":[],"LC_martensite_start":668.3560971737,"PAGS_energy":0.0,"solutioning_conditions":{"N":1,"P":101325,"T":1273.15,"X_C":0.0137740211,"X_CR":0.0107117003,"X_CU":0.0016488198,"X_MN":0.0064241338,"X_MO":0.0013794925,"X_NI":0.0010335018,"X_SI":0.0043196477},"solutionizing_phases":["FCC_A1","","","","","","","",""]}}