{"index":1033,"components":["C","CR","CU","FE","MN","MO","NI","SI","V","VA"],"conditions":{"N":1,"P":101325,"T":1273.15,"X_C":0.0183333364,"X_CR":0.0134456805,"X_CU":0.0013860586,"X_MN":0.003507072,"X_MO":0.001377087,"X_NI":0.0377977209,"X_SI":0.0039201047,"X_V":0.0004322531},"reference":"Wever1954","disabled":false,"model":"martensite_start","inputs":{"martensite_start":543.0,"martensite_type":"lath","PAGS":null,"parent_phase":"gamma","predicted_type":true,"solutionizing_temperature":1273.15},"outputs":{"calculation_error":false,"DG":2646.2841722169,"error":-26.1486687183,"error_message":[],"LC_martensite_start":569.1486687183,"PAGS_energy":0.0,"solutioning_conditions":{"N":1,"P":101325,"T":1273.15,"X_C":0.0183333364,"X_CR":0.0134456805,"X_CU":0.0013860586,"X_MN":0.003507072,"X_MO":0.001377087,"X_NI":0.0377977209,"X_SI":0.0039201047,"X_V":0.0004322531},"solutionizing_phases":["FCC_A1","","","","","","","","",""]}}