{"index":1052,"components":["C","CR","CU","FE","MN","MO","NI","SI","W","VA"],"conditions":{"N":1,"P":101325,"T":1273.15,"X_C":0.0476701389,"X_CR":0.0109075547,"X_CU":0.0021250085,"X_MN":0.0095369039,"X_MO":0.0001689003,"X_NI":0.001196363,"X_SI":0.005384988,"X_W":0.0033788328},"reference":"Wever1954","disabled":false,"model":"martensite_start","inputs":{"martensite_start":518.0,"martensite_type":"lath","PAGS":null,"parent_phase":"gamma","predicted_type":true,"solutionizing_temperature":1273.15},"outputs":{"calculation_error":false,"DG":3058.2547578026,"error":32.7305341721,"error_message":[],"LC_martensite_start":485.2694658279,"PAGS_energy":0.0,"solutioning_conditions":{"N":1,"P":101325,"T":1273.15,"X_C":0.0476701389,"X_CR":0.0109075547,"X_CU":0.0021250085,"X_MN":0.0095369039,"X_MO":0.0001689003,"X_NI":0.001196363,"X_SI":0.005384988,"X_W":0.0033788328},"solutionizing_phases":["FCC_A1","MC_SHP","","","","","","","",""]}}