{"index":1026,"components":["C","CR","CU","FE","MN","MO","NI","SI","W","VA"],"conditions":{"N":1,"P":101325,"T":1273.15,"X_C":0.0210969661,"X_CR":0.0161028708,"X_CU":0.0017336933,"X_MN":0.0050133416,"X_MO":0.00040191,"X_NI":0.0371651945,"X_SI":0.0047071666,"X_W":0.0017678381},"reference":"Wever1954","disabled":false,"model":"martensite_start","inputs":{"martensite_start":508.0,"martensite_type":"plate","PAGS":null,"parent_phase":"gamma","predicted_type":true,"solutionizing_temperature":1273.15},"outputs":{"calculation_error":false,"DG":2938.1507713651,"error":-32.8772809982,"error_message":[],"LC_martensite_start":540.8772809982,"PAGS_energy":0.0,"solutioning_conditions":{"N":1,"P":101325,"T":1273.15,"X_C":0.0210969661,"X_CR":0.0161028708,"X_CU":0.0017336933,"X_MN":0.0050133416,"X_MO":0.00040191,"X_NI":0.0371651945,"X_SI":0.0047071666,"X_W":0.0017678381},"solutionizing_phases":["FCC_A1","","","","","","","","",""]}}