{"index":972,"components":["AL","C","CR","CU","FE","MN","MO","NI","SI","V","VA"],"conditions":{"N":1,"P":101325,"T":1273.15,"X_AL":0.000615135,"X_C":0.0073700011,"X_CR":0.0207481669,"X_CU":0.0017412361,"X_MN":0.0050351533,"X_MO":0.0001729965,"X_NI":0.0190404844,"X_SI":0.0061065431,"X_V":0.0001086036},"reference":"Wever1954","disabled":false,"model":"martensite_start","inputs":{"martensite_start":723.0,"martensite_type":"lath","PAGS":null,"parent_phase":"gamma","predicted_type":true,"solutionizing_temperature":1273.15},"outputs":{"calculation_error":false,"DG":1442.5114053175,"error":59.5310975075,"error_message":[],"LC_martensite_start":663.4689024925,"PAGS_energy":0.0,"solutioning_conditions":{"N":1,"P":101325,"T":1273.15,"X_AL":0.000615135,"X_C":0.0073700011,"X_CR":0.0207481669,"X_CU":0.0017412361,"X_MN":0.0050351533,"X_MO":0.0001729965,"X_NI":0.0190404844,"X_SI":0.0061065431,"X_V":0.0001086036},"solutionizing_phases":["FCC_A1","","","","","","","","","",""]}}