{"index":1025,"components":["C","CR","CU","FE","MN","MO","NI","SI","VA"],"conditions":{"N":1,"P":101325,"T":1273.15,"X_C":0.0209999747,"X_CR":0.0105452891,"X_CU":0.0022434396,"X_MN":0.0049902932,"X_MO":0.0012001868,"X_NI":0.0020552406,"X_SI":0.0042950654},"reference":"Wever1954","disabled":false,"model":"martensite_start","inputs":{"martensite_start":563.0,"martensite_type":"plate","PAGS":null,"parent_phase":"gamma","predicted_type":true,"solutionizing_temperature":1273.15},"outputs":{"calculation_error":false,"DG":2765.8809286591,"error":-30.5054889202,"error_message":[],"LC_martensite_start":593.5054889202,"PAGS_energy":0.0,"solutioning_conditions":{"N":1,"P":101325,"T":1273.15,"X_C":0.0209999747,"X_CR":0.0105452891,"X_CU":0.0022434396,"X_MN":0.0049902932,"X_MO":0.0012001868,"X_NI":0.0020552406,"X_SI":0.0042950654},"solutionizing_phases":["FCC_A1","","","","","","","",""]}}