{"index":1043,"components":["C","CR","CU","FE","MN","MO","NI","SI","VA"],"conditions":{"N":1,"P":101325,"T":1273.15,"X_C":0.0227687301,"X_CR":0.0109395559,"X_CU":0.0014631802,"X_MN":0.0079644155,"X_MO":0.0013681971,"X_NI":0.0010250394,"X_SI":0.0062316771},"reference":"Wever1954","disabled":false,"model":"martensite_start","inputs":{"martensite_start":563.0,"martensite_type":"lath","PAGS":null,"parent_phase":"gamma","predicted_type":true,"solutionizing_temperature":1273.15},"outputs":{"calculation_error":false,"DG":2792.6990930758,"error":-46.7518684387,"error_message":[],"LC_martensite_start":609.7518684387,"PAGS_energy":0.0,"solutioning_conditions":{"N":1,"P":101325,"T":1273.15,"X_C":0.0227687301,"X_CR":0.0109395559,"X_CU":0.0014631802,"X_MN":0.0079644155,"X_MO":0.0013681971,"X_NI":0.0010250394,"X_SI":0.0062316771},"solutionizing_phases":["FCC_A1","","","","","","","",""]}}