{"index":999,"components":["C","CR","CU","FE","MN","MO","NI","SI","VA"],"conditions":{"N":1,"P":101325,"T":1273.15,"X_C":0.0173891088,"X_CR":0.0104646925,"X_CU":0.0014703569,"X_MN":0.0064027836,"X_MO":0.0009166052,"X_NI":0.0007491396,"X_SI":0.0045009866},"reference":"Wever1954","disabled":false,"model":"martensite_start","inputs":{"martensite_start":633.0,"martensite_type":"lath","PAGS":null,"parent_phase":"gamma","predicted_type":true,"solutionizing_temperature":1273.15},"outputs":{"calculation_error":false,"DG":2199.7413065458,"error":-18.4393842459,"error_message":[],"LC_martensite_start":651.4393842459,"PAGS_energy":0.0,"solutioning_conditions":{"N":1,"P":101325,"T":1273.15,"X_C":0.0173891088,"X_CR":0.0104646925,"X_CU":0.0014703569,"X_MN":0.0064027836,"X_MO":0.0009166052,"X_NI":0.0007491396,"X_SI":0.0045009866},"solutionizing_phases":["FCC_A1","","","","","","","",""]}}