{"index":995,"components":["C","CR","CU","FE","MN","MO","NI","SI","VA"],"conditions":{"N":1,"P":101325,"T":1273.15,"X_C":0.0164683423,"X_CR":0.0162729261,"X_CU":0.001383399,"X_MN":0.0049004796,"X_MO":0.0001718056,"X_NI":0.001965829,"X_SI":0.0048907285},"reference":"Wever1954","disabled":false,"model":"martensite_start","inputs":{"martensite_start":613.0,"martensite_type":"lath","PAGS":null,"parent_phase":"gamma","predicted_type":true,"solutionizing_temperature":1273.15},"outputs":{"calculation_error":false,"DG":2361.4954197534,"error":-34.5118247032,"error_message":[],"LC_martensite_start":647.5118247032,"PAGS_energy":0.0,"solutioning_conditions":{"N":1,"P":101325,"T":1273.15,"X_C":0.0164683423,"X_CR":0.0162729261,"X_CU":0.001383399,"X_MN":0.0049004796,"X_MO":0.0001718056,"X_NI":0.001965829,"X_SI":0.0048907285},"solutionizing_phases":["FCC_A1","","","","","","","",""]}}