{"index":998,"components":["C","CR","FE","MN","N","NB","NI","SI","V","W","VA"],"conditions":{"N":1,"P":101325,"T":1273.15,"X_C":0.0164650183,"X_CR":0.0072262564,"X_MN":0.009279035,"X_N":0.0000784372,"X_NB":0.0000118253,"X_NI":0.006429771,"X_SI":0.008997124,"X_V":0.000754839,"X_W":0.0001792831},"reference":"Wever1954","disabled":false,"model":"martensite_start","inputs":{"martensite_start":613.0,"martensite_type":"lath","PAGS":null,"parent_phase":"gamma","predicted_type":true,"solutionizing_temperature":1273.15},"outputs":{"calculation_error":false,"DG":2333.39270358,"error":-19.5229710579,"error_message":[],"LC_martensite_start":632.5229710579,"PAGS_energy":0.0,"solutioning_conditions":{"N":1,"P":101325,"T":1273.15,"X_C":0.0164650183,"X_CR":0.0072262564,"X_MN":0.009279035,"X_N":0.0000784372,"X_NB":0.0000118253,"X_NI":0.006429771,"X_SI":0.008997124,"X_V":0.000754839,"X_W":0.0001792831},"solutionizing_phases":["FCC_A1","FCC_A1","","","","","","","","",""]}}