{"components": ["CU", "FE", "MN", "VA"], "reference": ["Ishida1974a"], "phases": ["HCP_A3"], "output": "MS", "conditions": {"P": 101325, "N": 1, "T": [333.15, 365.15]}, "solver": {"mode": "manual", "sublattice_site_ratios": [1, 0.5], "sublattice_configurations": [[["CU", "FE", "MN"], "VA"], [["CU", "FE", "MN"], "VA"]], "sublattice_occupancies": [[[0.0184, 0.8058000000000001, 0.1758], 1.0], [[0.0091, 0.8173, 0.1736], 1.0]]}, "values": [[[350.2148195822, 350.2148195822], [268.0302968248, 268.0302968248]]]}