{"index":282,"components":["C","CR","FE","MN","MO","NI","SI","VA"],"conditions":{"N":1,"P":101325,"T":1273.15,"X_C":0.0255187729,"X_CR":0.0122103271,"X_MN":0.0046823593,"X_MO":0.0010268639,"X_NI":0.0396314299,"X_SI":0.0035077645},"reference":"BISRA1956","disabled":false,"model":"martensite_start","inputs":{"martensite_start":472.0,"martensite_type":"plate","PAGS":null,"parent_phase":"gamma","predicted_type":true,"solutionizing_temperature":1273.15},"outputs":{"calculation_error":false,"DG":3296.5147138765,"error":-73.7956886292,"error_message":[],"LC_martensite_start":545.7956886292,"PAGS_energy":0.0,"solutioning_conditions":{"N":1,"P":101325,"T":1273.15,"X_C":0.0255187729,"X_CR":0.0122103271,"X_MN":0.0046823593,"X_MO":0.0010268639,"X_NI":0.0396314299,"X_SI":0.0035077645},"solutionizing_phases":["FCC_A1","","","","","","",""]}}