{"index":293,"components":["C","CR","FE","MN","MO","NI","SI","VA"],"conditions":{"N":1,"P":101325,"T":1273.15,"X_C":0.0448579037,"X_CR":0.0093256483,"X_MN":0.0029420859,"X_MO":0.0003931023,"X_NI":0.0300168958,"X_SI":0.0023020056},"reference":"BISRA1956","disabled":false,"model":"martensite_start","inputs":{"martensite_start":393.0,"martensite_type":"plate","PAGS":null,"parent_phase":"gamma","predicted_type":true,"solutionizing_temperature":1273.15},"outputs":{"calculation_error":false,"DG":3943.6879090875,"error":-144.4044201851,"error_message":[],"LC_martensite_start":537.4044201851,"PAGS_energy":0.0,"solutioning_conditions":{"N":1,"P":101325,"T":1273.15,"X_C":0.0448579037,"X_CR":0.0093256483,"X_MN":0.0029420859,"X_MO":0.0003931023,"X_NI":0.0300168958,"X_SI":0.0023020056},"solutionizing_phases":["FCC_A1","","","","","","",""]}}