{"index":288,"components":["C","CR","FE","MN","MO","NI","SI","VA"],"conditions":{"N":1,"P":101325,"T":1273.15,"X_C":0.0426442506,"X_CR":0.003732819,"X_MN":0.003925473,"X_MO":0.0004495681,"X_NI":0.0270980443,"X_SI":0.0049911013},"reference":"BISRA1956","disabled":false,"model":"martensite_start","inputs":{"martensite_start":403.0,"martensite_type":"plate","PAGS":null,"parent_phase":"gamma","predicted_type":true,"solutionizing_temperature":1273.15},"outputs":{"calculation_error":false,"DG":3595.9042109975,"error":-118.6710738182,"error_message":[],"LC_martensite_start":521.6710738182,"PAGS_energy":0.0,"solutioning_conditions":{"N":1,"P":101325,"T":1273.15,"X_C":0.0426442506,"X_CR":0.003732819,"X_MN":0.003925473,"X_MO":0.0004495681,"X_NI":0.0270980443,"X_SI":0.0049911013},"solutionizing_phases":["FCC_A1","","","","","","",""]}}