{"index":273,"components":["C","CR","FE","MN","MO","NI","SI","VA"],"conditions":{"N":1,"P":101325,"T":1273.15,"X_C":0.0087615434,"X_CR":0.0115039853,"X_MN":0.0090732869,"X_MO":0.0010391258,"X_NI":0.0176460567,"X_SI":0.0041412597},"reference":"BISRA1956","disabled":false,"model":"martensite_start","inputs":{"martensite_start":683.0,"martensite_type":"lath","PAGS":null,"parent_phase":"gamma","predicted_type":true,"solutionizing_temperature":1273.15},"outputs":{"calculation_error":false,"DG":1718.2678288127,"error":34.4636947632,"error_message":[],"LC_martensite_start":648.5363052368,"PAGS_energy":0.0,"solutioning_conditions":{"N":1,"P":101325,"T":1273.15,"X_C":0.0087615434,"X_CR":0.0115039853,"X_MN":0.0090732869,"X_MO":0.0010391258,"X_NI":0.0176460567,"X_SI":0.0041412597},"solutionizing_phases":["FCC_A1","","","","","","",""]}}