{"index":275,"components":["C","CR","FE","MN","MO","NI","SI","VA"],"conditions":{"N":1,"P":101325,"T":1273.15,"X_C":0.0124370858,"X_CR":0.0078737956,"X_MN":0.0060422854,"X_MO":0.0031716566,"X_NI":0.0017909667,"X_SI":0.0025608514},"reference":"BISRA1956","disabled":false,"model":"martensite_start","inputs":{"martensite_start":663.0,"martensite_type":"lath","PAGS":null,"parent_phase":"gamma","predicted_type":true,"solutionizing_temperature":1273.15},"outputs":{"calculation_error":false,"DG":1967.4286116186,"error":-20.3729527473,"error_message":[],"LC_martensite_start":683.3729527473,"PAGS_energy":0.0,"solutioning_conditions":{"N":1,"P":101325,"T":1273.15,"X_C":0.0124370858,"X_CR":0.0078737956,"X_MN":0.0060422854,"X_MO":0.0031716566,"X_NI":0.0017909667,"X_SI":0.0025608514},"solutionizing_phases":["FCC_A1","","","","","","",""]}}