{"index":286,"components":["C","CR","FE","MN","MO","NI","SI","VA"],"conditions":{"N":1,"P":101325,"T":1273.15,"X_C":0.0417737516,"X_CR":0.012243345,"X_MN":0.0049100471,"X_MO":0.0008997236,"X_NI":0.0390650615,"X_SI":0.0057627257},"reference":"BISRA1956","disabled":false,"model":"martensite_start","inputs":{"martensite_start":388.0,"martensite_type":"lath","PAGS":null,"parent_phase":"gamma","predicted_type":true,"solutionizing_temperature":1273.15},"outputs":{"calculation_error":false,"DG":4031.953621348,"error":-45.0424064636,"error_message":[],"LC_martensite_start":433.0424064636,"PAGS_energy":0.0,"solutioning_conditions":{"N":1,"P":101325,"T":1273.15,"X_C":0.0417737516,"X_CR":0.012243345,"X_MN":0.0049100471,"X_MO":0.0008997236,"X_NI":0.0390650615,"X_SI":0.0057627257},"solutionizing_phases":["FCC_A1","","","","","","",""]}}