{"index":292,"components":["C","CR","FE","MN","MO","NI","SI","VA"],"conditions":{"N":1,"P":101325,"T":1273.15,"X_C":0.0456610556,"X_CR":0.0126154619,"X_MN":0.0045997979,"X_MO":0.0002802105,"X_NI":0.0380165694,"X_SI":0.0051688711},"reference":"BISRA1956","disabled":false,"model":"martensite_start","inputs":{"martensite_start":393.0,"martensite_type":"lath","PAGS":null,"parent_phase":"gamma","predicted_type":true,"solutionizing_temperature":1273.15},"outputs":{"calculation_error":false,"DG":3981.3156182935,"error":-23.8048539162,"error_message":[],"LC_martensite_start":416.8048539162,"PAGS_energy":0.0,"solutioning_conditions":{"N":1,"P":101325,"T":1273.15,"X_C":0.0456610556,"X_CR":0.0126154619,"X_MN":0.0045997979,"X_MO":0.0002802105,"X_NI":0.0380165694,"X_SI":0.0051688711},"solutionizing_phases":["FCC_A1","","","","","","",""]}}