{"index":285,"components":["C","CR","FE","MN","MO","NI","SI","VA"],"conditions":{"N":1,"P":101325,"T":1273.15,"X_C":0.0412678188,"X_CR":0.005906036,"X_MN":0.0091201452,"X_MO":0.0001684665,"X_NI":0.0082612402,"X_SI":0.0057548115},"reference":"BISRA1956","disabled":false,"model":"martensite_start","inputs":{"martensite_start":438.0,"martensite_type":"plate","PAGS":null,"parent_phase":"gamma","predicted_type":true,"solutionizing_temperature":1273.15},"outputs":{"calculation_error":false,"DG":3962.6534148901,"error":-97.5121697903,"error_message":[],"LC_martensite_start":535.5121697903,"PAGS_energy":0.0,"solutioning_conditions":{"N":1,"P":101325,"T":1273.15,"X_C":0.0412678188,"X_CR":0.005906036,"X_MN":0.0091201452,"X_MO":0.0001684665,"X_NI":0.0082612402,"X_SI":0.0057548115},"solutionizing_phases":["FCC_A1","","","","","","",""]}}