{"index":294,"components":["C","CR","FE","MN","MO","NI","SI","VA"],"conditions":{"N":1,"P":101325,"T":1273.15,"X_C":0.0447461448,"X_CR":0.0115763379,"X_MN":0.0096846948,"X_MO":0.0006161932,"X_NI":0.0130023849,"X_SI":0.0053579643},"reference":"BISRA1956","disabled":false,"model":"martensite_start","inputs":{"martensite_start":403.0,"martensite_type":"plate","PAGS":null,"parent_phase":"gamma","predicted_type":true,"solutionizing_temperature":1273.15},"outputs":{"calculation_error":false,"DG":4236.4485467042,"error":-99.6168392181,"error_message":[],"LC_martensite_start":502.6168392181,"PAGS_energy":0.0,"solutioning_conditions":{"N":1,"P":101325,"T":1273.15,"X_C":0.0447461448,"X_CR":0.0115763379,"X_MN":0.0096846948,"X_MO":0.0006161932,"X_NI":0.0130023849,"X_SI":0.0053579643},"solutionizing_phases":["FCC_A1","","","","","","",""]}}