{"index":277,"components":["C","CR","FE","MN","MO","NI","SI","VA"],"conditions":{"N":1,"P":101325,"T":1273.15,"X_C":0.0146985249,"X_CR":0.0128382756,"X_MN":0.0047197256,"X_MO":0.0017250975,"X_NI":0.0388197629,"X_SI":0.0056964978},"reference":"BISRA1956","disabled":false,"model":"martensite_start","inputs":{"martensite_start":573.0,"martensite_type":"lath","PAGS":null,"parent_phase":"gamma","predicted_type":true,"solutionizing_temperature":1273.15},"outputs":{"calculation_error":false,"DG":2439.6257850854,"error":-16.636315012,"error_message":[],"LC_martensite_start":589.636315012,"PAGS_energy":0.0,"solutioning_conditions":{"N":1,"P":101325,"T":1273.15,"X_C":0.0146985249,"X_CR":0.0128382756,"X_MN":0.0047197256,"X_MO":0.0017250975,"X_NI":0.0388197629,"X_SI":0.0056964978},"solutionizing_phases":["FCC_A1","","","","","","",""]}}