{"index":279,"components":["C","CR","FE","MN","MO","NI","SI","VA"],"conditions":{"N":1,"P":101325,"T":1273.15,"X_C":0.0187688899,"X_CR":0.0146982991,"X_MN":0.0058046741,"X_MO":0.0042408709,"X_NI":0.0014051576,"X_SI":0.0054814937},"reference":"BISRA1956","disabled":false,"model":"martensite_start","inputs":{"martensite_start":573.0,"martensite_type":"lath","PAGS":null,"parent_phase":"gamma","predicted_type":true,"solutionizing_temperature":1273.15},"outputs":{"calculation_error":false,"DG":2636.6078066785,"error":-57.1997254372,"error_message":[],"LC_martensite_start":630.1997254372,"PAGS_energy":0.0,"solutioning_conditions":{"N":1,"P":101325,"T":1273.15,"X_C":0.0187688899,"X_CR":0.0146982991,"X_MN":0.0058046741,"X_MO":0.0042408709,"X_NI":0.0014051576,"X_SI":0.0054814937},"solutionizing_phases":["FCC_A1","","","","","","",""]}}