{"index":280,"components":["C","CR","FE","MN","MO","NI","SI","VA"],"conditions":{"N":1,"P":101325,"T":1273.15,"X_C":0.0245893615,"X_CR":0.0134635941,"X_MN":0.0033847573,"X_MO":0.0003990434,"X_NI":0.0365273874,"X_SI":0.0050630591},"reference":"BISRA1956","disabled":false,"model":"martensite_start","inputs":{"martensite_start":493.0,"martensite_type":"plate","PAGS":null,"parent_phase":"gamma","predicted_type":true,"solutionizing_temperature":1273.15},"outputs":{"calculation_error":false,"DG":3122.5718759702,"error":-64.0145720005,"error_message":[],"LC_martensite_start":557.0145720005,"PAGS_energy":0.0,"solutioning_conditions":{"N":1,"P":101325,"T":1273.15,"X_C":0.0245893615,"X_CR":0.0134635941,"X_MN":0.0033847573,"X_MO":0.0003990434,"X_NI":0.0365273874,"X_SI":0.0050630591},"solutionizing_phases":["FCC_A1","","","","","","",""]}}