{"index":276,"components":["C","CR","FE","MN","MO","NI","SI","VA"],"conditions":{"N":1,"P":101325,"T":1273.15,"X_C":0.0092150751,"X_CR":0.0175610458,"X_MN":0.0061446031,"X_MO":0.0010959509,"X_NI":0.0188572313,"X_SI":0.0045319267},"reference":"BISRA1956","disabled":false,"model":"martensite_start","inputs":{"martensite_start":663.0,"martensite_type":"lath","PAGS":null,"parent_phase":"gamma","predicted_type":true,"solutionizing_temperature":1273.15},"outputs":{"calculation_error":false,"DG":1883.6122875387,"error":13.3936210155,"error_message":[],"LC_martensite_start":649.6063789845,"PAGS_energy":0.0,"solutioning_conditions":{"N":1,"P":101325,"T":1273.15,"X_C":0.0092150751,"X_CR":0.0175610458,"X_MN":0.0061446031,"X_MO":0.0010959509,"X_NI":0.0188572313,"X_SI":0.0045319267},"solutionizing_phases":["FCC_A1","","","","","","",""]}}