{"index":271,"components":["C","CR","FE","MN","MO","NI","SI","VA"],"conditions":{"N":1,"P":101325,"T":1273.15,"X_C":0.0064728054,"X_CR":0.0118545491,"X_MN":0.00464962,"X_MO":0.0006945673,"X_NI":0.0335870544,"X_SI":0.0037566806},"reference":"BISRA1956","disabled":false,"model":"martensite_start","inputs":{"martensite_start":683.0,"martensite_type":"lath","PAGS":null,"parent_phase":"gamma","predicted_type":true,"solutionizing_temperature":1273.15},"outputs":{"calculation_error":false,"DG":1679.8106458195,"error":21.1719864845,"error_message":[],"LC_martensite_start":661.8280135155,"PAGS_energy":0.0,"solutioning_conditions":{"N":1,"P":101325,"T":1273.15,"X_C":0.0064728054,"X_CR":0.0118545491,"X_MN":0.00464962,"X_MO":0.0006945673,"X_NI":0.0335870544,"X_SI":0.0037566806},"solutionizing_phases":["FCC_A1","","","","","","",""]}}