{"index":278,"components":["C","CR","FE","MN","MO","NI","SI","VA"],"conditions":{"N":1,"P":101325,"T":1273.15,"X_C":0.0169313873,"X_CR":0.0066593052,"X_MN":0.0089038113,"X_MO":0.0002864372,"X_NI":0.0116115864,"X_SI":0.0054794253},"reference":"BISRA1956","disabled":false,"model":"martensite_start","inputs":{"martensite_start":593.0,"martensite_type":"lath","PAGS":null,"parent_phase":"gamma","predicted_type":true,"solutionizing_temperature":1273.15},"outputs":{"calculation_error":false,"DG":2506.9353779734,"error":-33.5893610001,"error_message":[],"LC_martensite_start":626.5893610001,"PAGS_energy":0.0,"solutioning_conditions":{"N":1,"P":101325,"T":1273.15,"X_C":0.0169313873,"X_CR":0.0066593052,"X_MN":0.0089038113,"X_MO":0.0002864372,"X_NI":0.0116115864,"X_SI":0.0054794253},"solutionizing_phases":["FCC_A1","","","","","","",""]}}