{"index":287,"components":["C","CR","FE","MN","MO","NI","SI","VA"],"conditions":{"N":1,"P":101325,"T":1273.15,"X_C":0.0416897169,"X_CR":0.0176032342,"X_MN":0.006958241,"X_MO":0.0011223921,"X_NI":0.0192639057,"X_SI":0.0072847685},"reference":"BISRA1956","disabled":false,"model":"martensite_start","inputs":{"martensite_start":448.0,"martensite_type":"lath","PAGS":null,"parent_phase":"gamma","predicted_type":true,"solutionizing_temperature":1273.15},"outputs":{"calculation_error":false,"DG":3648.801954249,"error":3.6977508545,"error_message":[],"LC_martensite_start":444.3022491455,"PAGS_energy":0.0,"solutioning_conditions":{"N":1,"P":101325,"T":1273.15,"X_C":0.0416897169,"X_CR":0.0176032342,"X_MN":0.006958241,"X_MO":0.0011223921,"X_NI":0.0192639057,"X_SI":0.0072847685},"solutionizing_phases":["FCC_A1","","","","","","",""]}}