{"index":284,"components":["C","CR","FE","MN","MO","NI","SI","VA"],"conditions":{"N":1,"P":101325,"T":1273.15,"X_C":0.0317201595,"X_CR":0.0100486126,"X_MN":0.0034673724,"X_MO":0.0003403746,"X_NI":0.0300442512,"X_SI":0.0031005837},"reference":"BISRA1956","disabled":false,"model":"martensite_start","inputs":{"martensite_start":462.0,"martensite_type":"plate","PAGS":null,"parent_phase":"gamma","predicted_type":true,"solutionizing_temperature":1273.15},"outputs":{"calculation_error":false,"DG":3425.7321901376,"error":-94.6223739624,"error_message":[],"LC_martensite_start":556.6223739624,"PAGS_energy":0.0,"solutioning_conditions":{"N":1,"P":101325,"T":1273.15,"X_C":0.0317201595,"X_CR":0.0100486126,"X_MN":0.0034673724,"X_MO":0.0003403746,"X_NI":0.0300442512,"X_SI":0.0031005837},"solutionizing_phases":["FCC_A1","","","","","","",""]}}