{"index":283,"components":["C","CR","FE","MN","MO","NI","SI","VA"],"conditions":{"N":1,"P":101325,"T":1273.15,"X_C":0.0267552945,"X_CR":0.0068087695,"X_MN":0.0065432992,"X_MO":0.0001135419,"X_NI":0.0015775593,"X_SI":0.0065936031},"reference":"BISRA1956","disabled":false,"model":"martensite_start","inputs":{"martensite_start":553.0,"martensite_type":"lath","PAGS":null,"parent_phase":"gamma","predicted_type":true,"solutionizing_temperature":1273.15},"outputs":{"calculation_error":false,"DG":2869.5532123684,"error":-62.5882596016,"error_message":[],"LC_martensite_start":615.5882596016,"PAGS_energy":0.0,"solutioning_conditions":{"N":1,"P":101325,"T":1273.15,"X_C":0.0267552945,"X_CR":0.0068087695,"X_MN":0.0065432992,"X_MO":0.0001135419,"X_NI":0.0015775593,"X_SI":0.0065936031},"solutionizing_phases":["FCC_A1","","","","","","",""]}}