{"index":289,"components":["C","CR","FE","MN","MO","NI","SI","VA"],"conditions":{"N":1,"P":101325,"T":1273.15,"X_C":0.0430271417,"X_CR":0.008696572,"X_MN":0.0072510033,"X_MO":0.0005049895,"X_NI":0.0109143349,"X_SI":0.0049834576},"reference":"BISRA1956","disabled":false,"model":"martensite_start","inputs":{"martensite_start":408.0,"martensite_type":"plate","PAGS":null,"parent_phase":"gamma","predicted_type":true,"solutionizing_temperature":1273.15},"outputs":{"calculation_error":false,"DG":4171.053975693,"error":-127.2829994202,"error_message":[],"LC_martensite_start":535.2829994202,"PAGS_energy":0.0,"solutioning_conditions":{"N":1,"P":101325,"T":1273.15,"X_C":0.0430271417,"X_CR":0.008696572,"X_MN":0.0072510033,"X_MO":0.0005049895,"X_NI":0.0109143349,"X_SI":0.0049834576},"solutionizing_phases":["FCC_A1","","","","","","",""]}}