{"index":281,"components":["C","CR","FE","MN","MO","NI","SI","VA"],"conditions":{"N":1,"P":101325,"T":1273.15,"X_C":0.024652608,"X_CR":0.0010353751,"X_MN":0.0085253958,"X_MO":0.0001122274,"X_NI":0.0014675713,"X_SI":0.0333530526},"reference":"BISRA1956","disabled":false,"model":"martensite_start","inputs":{"martensite_start":533.0,"martensite_type":"plate","PAGS":null,"parent_phase":"gamma","predicted_type":true,"solutionizing_temperature":1273.15},"outputs":{"calculation_error":false,"DG":3277.2468796532,"error":-71.059940052,"error_message":[],"LC_martensite_start":604.059940052,"PAGS_energy":0.0,"solutioning_conditions":{"N":1,"P":101325,"T":1273.15,"X_C":0.024652608,"X_CR":0.0010353751,"X_MN":0.0085253958,"X_MO":0.0001122274,"X_NI":0.0014675713,"X_SI":0.0333530526},"solutionizing_phases":["FCC_A1","","","","","","",""]}}