{"index":272,"components":["C","CR","FE","MN","MO","NI","SI","VA"],"conditions":{"N":1,"P":101325,"T":1273.15,"X_C":0.0069358375,"X_CR":0.0123897685,"X_MN":0.003841372,"X_MO":0.0009840682,"X_NI":0.0409708147,"X_SI":0.0039547935},"reference":"BISRA1956","disabled":false,"model":"martensite_start","inputs":{"martensite_start":635.0,"martensite_type":"lath","PAGS":null,"parent_phase":"gamma","predicted_type":true,"solutionizing_temperature":1273.15},"outputs":{"calculation_error":false,"DG":1993.75501414,"error":-12.2833163738,"error_message":[],"LC_martensite_start":647.2833163738,"PAGS_energy":0.0,"solutioning_conditions":{"N":1,"P":101325,"T":1273.15,"X_C":0.0069358375,"X_CR":0.0123897685,"X_MN":0.003841372,"X_MO":0.0009840682,"X_NI":0.0409708147,"X_SI":0.0039547935},"solutionizing_phases":["FCC_A1","","","","","","",""]}}