{"index":291,"components":["C","CR","FE","MN","MO","NI","SI","VA"],"conditions":{"N":1,"P":101325,"T":1273.15,"X_C":0.0443744303,"X_CR":0.0033131807,"X_MN":0.0054875784,"X_MO":0.0016272872,"X_NI":0.0147673485,"X_SI":0.005558809},"reference":"BISRA1956","disabled":false,"model":"martensite_start","inputs":{"martensite_start":413.0,"martensite_type":"plate","PAGS":null,"parent_phase":"gamma","predicted_type":true,"solutionizing_temperature":1273.15},"outputs":{"calculation_error":false,"DG":3849.1064316012,"error":-126.9866016865,"error_message":[],"LC_martensite_start":539.9866016865,"PAGS_energy":0.0,"solutioning_conditions":{"N":1,"P":101325,"T":1273.15,"X_C":0.0443744303,"X_CR":0.0033131807,"X_MN":0.0054875784,"X_MO":0.0016272872,"X_NI":0.0147673485,"X_SI":0.005558809},"solutionizing_phases":["FCC_A1","","","","","","",""]}}