{"index":274,"components":["C","CR","FE","MN","MO","NI","SI","VA"],"conditions":{"N":1,"P":101325,"T":1273.15,"X_C":0.00877175,"X_CR":0.0021328494,"X_MN":0.0138276484,"X_MO":0.0017916903,"X_NI":0.0052905366,"X_SI":0.002764056},"reference":"BISRA1956","disabled":false,"model":"martensite_start","inputs":{"martensite_start":683.0,"martensite_type":"lath","PAGS":null,"parent_phase":"gamma","predicted_type":true,"solutionizing_temperature":1273.15},"outputs":{"calculation_error":false,"DG":1765.1714633782,"error":25.4159848213,"error_message":[],"LC_martensite_start":657.5840151787,"PAGS_energy":0.0,"solutioning_conditions":{"N":1,"P":101325,"T":1273.15,"X_C":0.00877175,"X_CR":0.0021328494,"X_MN":0.0138276484,"X_MO":0.0017916903,"X_NI":0.0052905366,"X_SI":0.002764056},"solutionizing_phases":["FCC_A1","","","","","","",""]}}