{"components": ["FE", "MO", "NI", "VA"], "reference": ["Ishida1974"], "phases": ["BCT_LATH"], "output": "MS", "conditions": {"P": 101325, "N": 1, "T": [494.15, 476.15, 536.15, 513.15]}, "solver": {"mode": "manual", "sublattice_site_ratios": [1, 3], "sublattice_configurations": [[["FE", "MO", "NI"], "VA"], [["FE", "MO", "NI"], "VA"], [["FE", "MO", "NI"], "VA"], [["FE", "MO", "NI"], "VA"]], "sublattice_occupancies": [[[0.7940230601, 0.0229986088, 0.18297833100000002], 1.0], [[0.7857234940000001, 0.029298253000000003, 0.18497825310000002], 1.0], [[0.8080224540000001, 0.0089994444, 0.1829781017], 1.0], [[0.7948234408, 0.0131992075, 0.19197735170000002], 1.0]]}, "values": [[[1399.9394331408, 1399.9394331408, 1399.9394331408, 1399.9394331408], [1489.4543666248, 1489.4543666248, 1489.4543666248, 1489.4543666248], [1168.77795802, 1168.77795802, 1168.77795802, 1168.77795802], [1173.5101480477, 1173.5101480477, 1173.5101480477, 1173.5101480477]]]}