{"index":840,"components":["C","FE","MN","P","S","SI","VA"],"conditions":{"N":1,"P":101325,"T":1173.0,"X_C":0.0001854525,"X_MN":0.1488982291,"X_P":0.0001977606,"X_S":0.0002083967,"X_SI":0.000237925},"reference":"Takaki1993","disabled":false,"model":"martensite_start","inputs":{"martensite_start":441.0601867275,"martensite_type":"epsilon","PAGS":18.0,"parent_phase":"gamma","predicted_type":false,"solutionizing_temperature":1173.0},"outputs":{"calculation_error":false,"DG":101.8609348275,"error":22.2733341634,"error_message":[],"LC_martensite_start":418.7868525641,"PAGS_energy":47.6050513666,"solutioning_conditions":{"N":1,"P":101325,"T":1173.0,"X_C":0.0001854525,"X_MN":0.1488982291,"X_P":0.0001977606,"X_S":0.0002083967,"X_SI":0.000237925},"solutionizing_phases":["FCC_A1","MS_B1","","","","",""]}}