{"index":842,"components":["C","FE","MN","P","S","SI","VA"],"conditions":{"N":1,"P":101325,"T":1473.0,"X_C":0.0001854525,"X_MN":0.1488982291,"X_P":0.0001977606,"X_S":0.0002083967,"X_SI":0.000237925},"reference":"Takaki1993","disabled":false,"model":"martensite_start","inputs":{"martensite_start":453.1791080474,"martensite_type":"epsilon","PAGS":130.0,"parent_phase":"gamma","predicted_type":false,"solutionizing_temperature":1473.0},"outputs":{"calculation_error":false,"DG":10.9955802264,"error":22.3798069326,"error_message":[],"LC_martensite_start":430.7993011148,"PAGS_energy":2.5093344006,"solutioning_conditions":{"N":1,"P":101325,"T":1473.0,"X_C":0.0001854525,"X_MN":0.1488982291,"X_P":0.0001977606,"X_S":0.0002083967,"X_SI":0.000237925},"solutionizing_phases":["FCC_A1","LIQUID","","","","",""]}}