{"index":841,"components":["C","FE","MN","P","S","SI","VA"],"conditions":{"N":1,"P":101325,"T":1273.0,"X_C":0.0001854525,"X_MN":0.1488982291,"X_P":0.0001977606,"X_S":0.0002083967,"X_SI":0.000237925},"reference":"Takaki1993","disabled":false,"model":"martensite_start","inputs":{"martensite_start":449.09946271,"martensite_type":"epsilon","PAGS":30.0,"parent_phase":"gamma","predicted_type":false,"solutionizing_temperature":1273.0},"outputs":{"calculation_error":false,"DG":56.9967491232,"error":26.4542598376,"error_message":[],"LC_martensite_start":422.6452028724,"PAGS_energy":33.0885015613,"solutioning_conditions":{"N":1,"P":101325,"T":1273.0,"X_C":0.0001854525,"X_MN":0.1488982291,"X_P":0.0001977606,"X_S":0.0002083967,"X_SI":0.000237925},"solutionizing_phases":["FCC_A1","LIQUID","","","","",""]}}