{"index":839,"components":["C","FE","MN","P","S","SI","VA"],"conditions":{"N":1,"P":101325,"T":973.0,"X_C":0.0001854525,"X_MN":0.1488982291,"X_P":0.0001977606,"X_S":0.0002083967,"X_SI":0.000237925},"reference":"Takaki1993","disabled":false,"model":"martensite_start","inputs":{"martensite_start":424.7945655981,"martensite_type":"epsilon","PAGS":4.0,"parent_phase":"gamma","predicted_type":false,"solutionizing_temperature":973.0},"outputs":{"calculation_error":false,"DG":233.7331219737,"error":25.0658837081,"error_message":[],"LC_martensite_start":399.72868189,"PAGS_energy":118.4384462186,"solutioning_conditions":{"N":1,"P":101325,"T":973.0,"X_C":0.0001854525,"X_MN":0.1488982291,"X_P":0.0001977606,"X_S":0.0002083967,"X_SI":0.000237925},"solutionizing_phases":["FCC_A1","MS_B1","","","","",""]}}