{"components": ["FE", "MN", "NI", "VA"], "reference": ["Ishida1974"], "phases": ["BCT_LATH"], "output": "MS", "conditions": {"P": 101325, "N": 1, "T": [532.15, 485.15, 452.15]}, "solver": {"mode": "manual", "sublattice_site_ratios": [1, 3], "sublattice_configurations": [[["FE", "MN", "NI"], "VA"], [["FE", "MN", "NI"], "VA"], [["FE", "MN", "NI"], "VA"]], "sublattice_occupancies": [[[0.8110219947, 0.0079997854, 0.18097821990000001], 1.0], [[0.8034219677000001, 0.017599531800000002, 0.1789785005], 1.0], [[0.7949216538, 0.0320991428, 0.1729792034], 1.0]]}, "values": [[[1170.3534424907, 1170.3534424907, 1170.3534424907], [1323.0819956488, 1323.0819956488, 1323.0819956488], [1322.9479705886, 1322.9479705886, 1322.9479705886]]]}