{"components": ["FE", "MN", "NI", "VA"], "reference": ["Ishida1974a"], "phases": ["HCP_EPS"], "output": "MS", "conditions": {"P": 101325, "N": 1, "T": [349.15, 369.15, 395.15]}, "solver": {"mode": "manual", "sublattice_site_ratios": [1, 0.5], "sublattice_configurations": [[["FE", "MN", "NI"], "VA"], [["FE", "MN", "NI"], "VA"], [["FE", "MN", "NI"], "VA"]], "sublattice_occupancies": [[[0.8054, 0.17450000000000002, 0.0201], 1.0], [[0.8112, 0.17450000000000002, 0.0143], 1.0], [[0.8172, 0.1734, 0.0094], 1.0]]}, "values": [[[274.2813100604, 274.2813100604, 274.2813100604], [228.2624020543, 228.2624020543, 228.2624020543], [156.5132835382, 156.5132835382, 156.5132835382]]]}