{"index":390,"components":["AL","C","CR","FE","MN","SI","VA"],"conditions":{"N":1,"P":101325,"T":1473.15,"X_AL":0.0006158537,"X_C":0.0069174491,"X_CR":0.0021305035,"X_MN":0.0191559384,"X_SI":0.0039443084},"reference":"GarciaJunceda2008","disabled":false,"model":"martensite_start","inputs":{"martensite_start":665.15,"martensite_type":"lath","PAGS":25.0,"parent_phase":"gamma","predicted_type":false,"solutionizing_temperature":1473.15},"outputs":{"calculation_error":false,"DG":2021.914514975,"error":32.9395071268,"error_message":[],"LC_martensite_start":632.2104928732,"PAGS_energy":120.5729598209,"solutioning_conditions":{"N":1,"P":101325,"T":1473.15,"X_AL":0.0006158537,"X_C":0.0069174491,"X_CR":0.0021305035,"X_MN":0.0191559384,"X_SI":0.0039443084},"solutionizing_phases":["FCC_A1","","","","","",""]}}