{"index":388,"components":["AL","C","CR","FE","MN","SI","VA"],"conditions":{"N":1,"P":101325,"T":1323.15,"X_AL":0.0006158537,"X_C":0.0069174491,"X_CR":0.0021305035,"X_MN":0.0191559384,"X_SI":0.0039443084},"reference":"GarciaJunceda2008","disabled":false,"model":"martensite_start","inputs":{"martensite_start":663.15,"martensite_type":"lath","PAGS":7.0,"parent_phase":"gamma","predicted_type":false,"solutionizing_temperature":1323.15},"outputs":{"calculation_error":false,"DG":2121.3381508794,"error":41.1501392555,"error_message":[],"LC_martensite_start":621.9998607445,"PAGS_energy":204.125422004,"solutioning_conditions":{"N":1,"P":101325,"T":1323.15,"X_AL":0.0006158537,"X_C":0.0069174491,"X_CR":0.0021305035,"X_MN":0.0191559384,"X_SI":0.0039443084},"solutionizing_phases":["FCC_A1","","","","","",""]}}