{"index":377,"components":["AL","C","CR","FE","MN","SI","VA"],"conditions":{"N":1,"P":101325,"T":1323.15,"X_AL":0.0006158537,"X_C":0.0069174491,"X_CR":0.0021305035,"X_MN":0.0191559384,"X_SI":0.0039443084},"reference":"GarciaJunceda2008","disabled":false,"model":"martensite_start","inputs":{"martensite_start":648.15,"martensite_type":"lath","PAGS":6.0,"parent_phase":"gamma","predicted_type":false,"solutionizing_temperature":1323.15},"outputs":{"calculation_error":false,"DG":2251.38678602,"error":27.3812864399,"error_message":[],"LC_martensite_start":620.7687135601,"PAGS_energy":214.2432665708,"solutioning_conditions":{"N":1,"P":101325,"T":1323.15,"X_AL":0.0006158537,"X_C":0.0069174491,"X_CR":0.0021305035,"X_MN":0.0191559384,"X_SI":0.0039443084},"solutionizing_phases":["FCC_A1","","","","","",""]}}