{"index":381,"components":["AL","C","CR","FE","MN","SI","VA"],"conditions":{"N":1,"P":101325,"T":1223.15,"X_AL":0.0006158537,"X_C":0.0069174491,"X_CR":0.0021305035,"X_MN":0.0191559384,"X_SI":0.0039443084},"reference":"GarciaJunceda2008","disabled":false,"model":"martensite_start","inputs":{"martensite_start":655.15,"martensite_type":"lath","PAGS":5.0,"parent_phase":"gamma","predicted_type":false,"solutionizing_temperature":1223.15},"outputs":{"calculation_error":false,"DG":2207.1915559607,"error":35.8360444617,"error_message":[],"LC_martensite_start":619.3139555383,"PAGS_energy":226.2101367455,"solutioning_conditions":{"N":1,"P":101325,"T":1223.15,"X_AL":0.0006158537,"X_C":0.0069174491,"X_CR":0.0021305035,"X_MN":0.0191559384,"X_SI":0.0039443084},"solutionizing_phases":["FCC_A1","","","","","",""]}}