{"index":383,"components":["AL","C","CR","FE","MN","SI","VA"],"conditions":{"N":1,"P":101325,"T":1423.15,"X_AL":0.0006158537,"X_C":0.0069174491,"X_CR":0.0021305035,"X_MN":0.0191559384,"X_SI":0.0039443084},"reference":"GarciaJunceda2008","disabled":false,"model":"martensite_start","inputs":{"martensite_start":658.15,"martensite_type":"lath","PAGS":21.0,"parent_phase":"gamma","predicted_type":false,"solutionizing_temperature":1423.15},"outputs":{"calculation_error":false,"DG":2089.0322334844,"error":27.3426911616,"error_message":[],"LC_martensite_start":630.8073088384,"PAGS_energy":132.0168306673,"solutioning_conditions":{"N":1,"P":101325,"T":1423.15,"X_AL":0.0006158537,"X_C":0.0069174491,"X_CR":0.0021305035,"X_MN":0.0191559384,"X_SI":0.0039443084},"solutionizing_phases":["FCC_A1","","","","","",""]}}