{"index":378,"components":["AL","C","CR","FE","MN","SI","VA"],"conditions":{"N":1,"P":101325,"T":1123.15,"X_AL":0.0006158537,"X_C":0.0069174491,"X_CR":0.0021305035,"X_MN":0.0191559384,"X_SI":0.0039443084},"reference":"GarciaJunceda2008","disabled":false,"model":"martensite_start","inputs":{"martensite_start":651.15,"martensite_type":"lath","PAGS":4.7,"parent_phase":"gamma","predicted_type":false,"solutionizing_temperature":1123.15},"outputs":{"calculation_error":false,"DG":2243.3044440684,"error":32.3294121981,"error_message":[],"LC_martensite_start":618.8205878019,"PAGS_energy":230.2713949769,"solutioning_conditions":{"N":1,"P":101325,"T":1123.15,"X_AL":0.0006158537,"X_C":0.0069174491,"X_CR":0.0021305035,"X_MN":0.0191559384,"X_SI":0.0039443084},"solutionizing_phases":["FCC_A1","","","","","",""]}}