{"components": ["CU", "FE", "VA"], "reference": ["Mirzayev1981", "Raesanen1969"], "phases": ["BCT_LATH"], "output": "MS", "conditions": {"P": 101325, "N": 1, "T": [728.1385281385, 785.2813852814, 796.5367965368, 735.0649350649]}, "solver": {"mode": "manual", "sublattice_site_ratios": [1, 3], "sublattice_configurations": [[["CU", "FE"], "VA"], [["CU", "FE"], "VA"], [["CU", "FE"], "VA"], [["CU", "FE"], "VA"]], "sublattice_occupancies": [[[0.048, 0.9520000000000001], 1.0], [[0.027, 0.973], 1.0], [[0.012, 0.988], 1.0], [[0.05, 0.9500000000000001], 1.0]]}, "values": [[[1744.0657846178, 1744.0657846178, 1744.0657846178, 1744.0657846178], [1353.9060825109, 1353.9060825109, 1353.9060825109, 1353.9060825109], [1324.4045137835, 1324.4045137835, 1324.4045137835, 1324.4045137835], [1695.3114907759, 1695.3114907759, 1695.3114907759, 1695.3114907759]]]}