{"components": ["CU", "FE", "VA"], "reference": ["Mirzayev1981", "Raesanen1969"], "phases": ["BCT_PLATE"], "output": "MS", "conditions": {"P": 101325, "N": 1, "T": [654.5454545455, 689.1774891775, 690.9090909091, 667.5324675325]}, "solver": {"mode": "manual", "sublattice_site_ratios": [1, 3], "sublattice_configurations": [[["CU", "FE"], "VA"], [["CU", "FE"], "VA"], [["CU", "FE"], "VA"], [["CU", "FE"], "VA"]], "sublattice_occupancies": [[[0.048, 0.9520000000000001], 1.0], [[0.012, 0.988], 1.0], [[0.027, 0.973], 1.0], [[0.05, 0.9500000000000001], 1.0]]}, "values": [[[2283.404435539, 2283.404435539, 2283.404435539, 2283.404435539], [2077.986173879, 2077.986173879, 2077.986173879, 2077.986173879], [2012.2932845245, 2012.2932845245, 2012.2932845245, 2012.2932845245], [2185.6199524746, 2185.6199524746, 2185.6199524746, 2185.6199524746]]]}