{"index":724,"components":["C","CR","FE","MN","MO","NI","P","S","SI","VA"],"conditions":{"N":1,"P":101325,"T":1172.0388888889,"X_C":0.0462058865,"X_CR":0.0023833371,"X_MN":0.0048056405,"X_MO":0.0013478449,"X_NI":0.0160648688,"X_P":0.000173954,"X_S":0.0003864782,"X_SI":0.0004412392},"reference":"Rowland1946","disabled":false,"model":"martensite_start","inputs":{"martensite_start":368.15,"martensite_type":"plate","PAGS":null,"parent_phase":"gamma","predicted_type":true,"solutionizing_temperature":1172.0388888889},"outputs":{"calculation_error":false,"DG":3953.6107640701,"error":-154.0032748413,"error_message":[],"LC_martensite_start":522.1532748413,"PAGS_energy":0.0,"solutioning_conditions":{"N":1,"P":101325,"T":1172.0388888889,"X_C":0.0462058865,"X_CR":0.0023833371,"X_MN":0.0048056405,"X_MO":0.0013478449,"X_NI":0.0160648688,"X_P":0.000173954,"X_S":0.0003864782,"X_SI":0.0004412392},"solutionizing_phases":["FCC_A1","MS_B1","","","","","","","",""]}}