{"index":720,"components":["C","CR","FE","MN","NI","P","S","SI","VA"],"conditions":{"N":1,"P":101325,"T":1116.4833333333,"X_C":0.0254837954,"X_CR":0.0155573402,"X_MN":0.0031836197,"X_NI":0.002607433,"X_P":0.0001941079,"X_S":0.0003920496,"X_SI":0.0000583826},"reference":"Rowland1946","disabled":false,"model":"martensite_start","inputs":{"martensite_start":559.2611111111,"martensite_type":"lath","PAGS":null,"parent_phase":"gamma","predicted_type":true,"solutionizing_temperature":1116.4833333333},"outputs":{"calculation_error":false,"DG":2700.6761590445,"error":-51.4944813845,"error_message":[],"LC_martensite_start":610.7555924956,"PAGS_energy":0.0,"solutioning_conditions":{"N":1,"P":101325,"T":1116.4833333333,"X_C":0.0254837954,"X_CR":0.0155573402,"X_MN":0.0031836197,"X_NI":0.002607433,"X_P":0.0001941079,"X_S":0.0003920496,"X_SI":0.0000583826},"solutionizing_phases":["FCC_A1","MS_B1","","","","","","",""]}}