{"index":721,"components":["C","CR","FE","MN","MO","NI","P","S","SI","VA"],"conditions":{"N":1,"P":101325,"T":1102.5944444444,"X_C":0.0273280992,"X_CR":0.0024198228,"X_MN":0.0049787841,"X_MO":0.0013114587,"X_NI":0.0162175959,"X_P":0.000176617,"X_S":0.0004094553,"X_SI":0.000467472},"reference":"Rowland1946","disabled":false,"model":"martensite_start","inputs":{"martensite_start":519.2611111111,"martensite_type":"plate","PAGS":null,"parent_phase":"gamma","predicted_type":true,"solutionizing_temperature":1102.5944444444},"outputs":{"calculation_error":false,"DG":2985.0504687194,"error":-64.0797535229,"error_message":[],"LC_martensite_start":583.340864634,"PAGS_energy":0.0,"solutioning_conditions":{"N":1,"P":101325,"T":1102.5944444444,"X_C":0.0273280992,"X_CR":0.0024198228,"X_MN":0.0049787841,"X_MO":0.0013114587,"X_NI":0.0162175959,"X_P":0.000176617,"X_S":0.0004094553,"X_SI":0.000467472},"solutionizing_phases":["FCC_A1","MS_B1","","","","","","","",""]}}