{"index":719,"components":["C","CR","FE","MN","MO","NI","P","S","SI","VA"],"conditions":{"N":1,"P":101325,"T":1102.5944444444,"X_C":0.0183505171,"X_CR":0.0024373264,"X_MN":0.0047139101,"X_MO":0.0013209451,"X_NI":0.0165226626,"X_P":0.0001778946,"X_S":0.000395233,"X_SI":0.0004512345},"reference":"Rowland1946","disabled":false,"model":"martensite_start","inputs":{"martensite_start":585.9277777778,"martensite_type":"lath","PAGS":null,"parent_phase":"gamma","predicted_type":true,"solutionizing_temperature":1102.5944444444},"outputs":{"calculation_error":false,"DG":2506.1527717654,"error":-62.6433490939,"error_message":[],"LC_martensite_start":648.5711268717,"PAGS_energy":0.0,"solutioning_conditions":{"N":1,"P":101325,"T":1102.5944444444,"X_C":0.0183505171,"X_CR":0.0024373264,"X_MN":0.0047139101,"X_MO":0.0013209451,"X_NI":0.0165226626,"X_P":0.0001778946,"X_S":0.000395233,"X_SI":0.0004512345},"solutionizing_phases":["FCC_A1","MS_B1","","","","","","","",""]}}