{"index":722,"components":["C","CR","FE","MN","NI","P","S","SI","VA"],"conditions":{"N":1,"P":101325,"T":1338.7055555556,"X_C":0.0352151146,"X_CR":0.014808818,"X_MN":0.0032571935,"X_NI":0.0024944644,"X_P":0.0001750688,"X_S":0.0003382218,"X_SI":0.0003861452},"reference":"Rowland1946","disabled":false,"model":"martensite_start","inputs":{"martensite_start":481.4833333333,"martensite_type":"plate","PAGS":null,"parent_phase":"gamma","predicted_type":true,"solutionizing_temperature":1338.7055555556},"outputs":{"calculation_error":false,"DG":3389.9869945348,"error":-85.5248950259,"error_message":[],"LC_martensite_start":567.0082283592,"PAGS_energy":0.0,"solutioning_conditions":{"N":1,"P":101325,"T":1338.7055555556,"X_C":0.0352151146,"X_CR":0.014808818,"X_MN":0.0032571935,"X_NI":0.0024944644,"X_P":0.0001750688,"X_S":0.0003382218,"X_SI":0.0003861452},"solutionizing_phases":["FCC_A1","LIQUID","","","","","","",""]}}