{"index":723,"components":["C","CR","FE","MN","MO","NI","P","S","SI","VA"],"conditions":{"N":1,"P":101325,"T":1102.5944444444,"X_C":0.0357404284,"X_CR":0.0022990737,"X_MN":0.0049453586,"X_MO":0.0013026541,"X_NI":0.0162938751,"X_P":0.0001754313,"X_S":0.0003897603,"X_SI":0.0004449863},"reference":"Rowland1946","disabled":false,"model":"martensite_start","inputs":{"martensite_start":458.15,"martensite_type":"plate","PAGS":null,"parent_phase":"gamma","predicted_type":true,"solutionizing_temperature":1102.5944444444},"outputs":{"calculation_error":false,"DG":3355.1150673079,"error":-97.5224699116,"error_message":[],"LC_martensite_start":555.6724699116,"PAGS_energy":0.0,"solutioning_conditions":{"N":1,"P":101325,"T":1102.5944444444,"X_C":0.0357404284,"X_CR":0.0022990737,"X_MN":0.0049453586,"X_MO":0.0013026541,"X_NI":0.0162938751,"X_P":0.0001754313,"X_S":0.0003897603,"X_SI":0.0004449863},"solutionizing_phases":["FCC_A1","MS_B1","","","","","","","",""]}}