{"index":725,"components":["C","CR","FE","MN","NI","P","S","SI","VA"],"conditions":{"N":1,"P":101325,"T":1338.7055555556,"X_C":0.0447974484,"X_CR":0.0149009281,"X_MN":0.0033298703,"X_NI":0.0032084877,"X_P":0.0001910822,"X_S":0.0003691586,"X_SI":0.0004214656},"reference":"Rowland1946","disabled":false,"model":"martensite_start","inputs":{"martensite_start":402.5944444444,"martensite_type":"plate","PAGS":null,"parent_phase":"gamma","predicted_type":true,"solutionizing_temperature":1338.7055555556},"outputs":{"calculation_error":false,"DG":4145.2866495347,"error":-149.4539401476,"error_message":["Removed 5 components while calculating martensite equilibrium."],"LC_martensite_start":552.048384592,"PAGS_energy":0.0,"solutioning_conditions":{"N":1,"P":101325,"T":1338.7055555556,"X_C":0.0447974484,"X_CR":0.0149009281,"X_MN":0.0033298703,"X_NI":0.0032084877,"X_P":0.0001910822,"X_S":0.0003691586,"X_SI":0.0004214656},"solutionizing_phases":["FCC_A1","LIQUID","","","","","","",""]}}