{"index":718,"components":["C","CR","FE","MN","NI","P","S","SI","VA"],"conditions":{"N":1,"P":101325,"T":1116.4833333333,"X_C":0.0160451543,"X_CR":0.0154605969,"X_MN":0.0031069386,"X_NI":0.0026267149,"X_P":0.0001955433,"X_S":0.0003777771,"X_SI":0.0004313052},"reference":"Rowland1946","disabled":false,"model":"martensite_start","inputs":{"martensite_start":627.5944444444,"martensite_type":"lath","PAGS":null,"parent_phase":"gamma","predicted_type":true,"solutionizing_temperature":1116.4833333333},"outputs":{"calculation_error":false,"DG":2207.0816807853,"error":-35.9607996813,"error_message":[],"LC_martensite_start":663.5552441257,"PAGS_energy":0.0,"solutioning_conditions":{"N":1,"P":101325,"T":1116.4833333333,"X_C":0.0160451543,"X_CR":0.0154605969,"X_MN":0.0031069386,"X_NI":0.0026267149,"X_P":0.0001955433,"X_S":0.0003777771,"X_SI":0.0004313052},"solutionizing_phases":["FCC_A1","MS_B1","","","","","","",""]}}