{"index":861,"components":["C","FE","MN","NI","P","S","SI","VA"],"conditions":{"N":1,"P":101325,"T":1373.0,"X_C":0.0000705358,"X_MN":0.0005551462,"X_NI":0.2251714932,"X_P":0.0000200579,"X_S":0.0000123297,"X_SI":0.0001085921},"reference":"Tsuzaki1991","disabled":false,"model":"martensite_start","inputs":{"martensite_start":481.0,"martensite_type":"lath","PAGS":null,"parent_phase":"gamma","predicted_type":false,"solutionizing_temperature":1373.0},"outputs":{"calculation_error":false,"DG":945.0262454068,"error":-10.6704035261,"error_message":[],"LC_martensite_start":491.6704035261,"PAGS_energy":0.0,"solutioning_conditions":{"N":1,"P":101325,"T":1373.0,"X_C":0.0000705358,"X_MN":0.0005551462,"X_NI":0.2251714932,"X_P":0.0000200579,"X_S":0.0000123297,"X_SI":0.0001085921},"solutionizing_phases":["FCC_A1","LIQUID","","","","","",""]}}