{"components":["C","FE","H","MN","N","O","P","S","SI","VA"],"conditions":{"N":1,"P":101325,"T":417.1373232161,"X_C":0.0002430334,"X_H":0.000082743,"X_MN":0.1963375762,"X_N":0.0002977147,"X_O":0.0002606348,"X_P":0.0000359014,"X_S":0.0000216747,"X_SI":0.0009898349},"reference":"Gulyaev1978","phases":["HCP_EPS"],"output":"MSE","solver":{"mode":"manual","sublattice_site_ratios":[1,0.5],"sublattice_configurations":[["FE","MN","P","S","SI"],["C","H","N","O","VA"]]},"values":[[[78.9156660655]]]}