{"components":["C","FE","H","MN","N","O","P","S","SI","VA"],"conditions":{"N":1,"P":101325,"T":394.6307265417,"X_C":0.0002429415,"X_H":0.0000827118,"X_MN":0.219531721,"X_N":0.0002976022,"X_O":0.0002605363,"X_P":0.0000358878,"X_S":0.0000216665,"X_SI":0.0009894608},"reference":"Gulyaev1978","phases":["HCP_EPS"],"output":"MSE","solver":{"mode":"manual","sublattice_site_ratios":[1,0.5],"sublattice_configurations":[["FE","MN","P","S","SI"],["C","H","N","O","VA"]]},"values":[[[115.1857078336]]]}