{"components":["C","FE","H","MN","N","O","P","S","SI","VA"],"conditions":{"N":1,"P":101325,"T":441.5387360911,"X_C":0.0002432573,"X_H":0.0000828193,"X_MN":0.1397914803,"X_N":0.000297989,"X_O":0.000260875,"X_P":0.0000359344,"X_S":0.0000216947,"X_SI":0.0009907468},"reference":"Gulyaev1978","phases":["HCP_EPS"],"output":"MSE","solver":{"mode":"manual","sublattice_site_ratios":[1,0.5],"sublattice_configurations":[["FE","MN","P","S","SI"],["C","H","N","O","VA"]]},"values":[[[77.6967024279]]]}