{"components":["C","FE","H","MN","N","O","P","S","SI","VA"],"conditions":{"N":1,"P":101325,"T":427.8025751462,"X_C":0.0002430094,"X_H":0.0000827349,"X_MN":0.2023899132,"X_N":0.0002976854,"X_O":0.0002606091,"X_P":0.0000358978,"X_S":0.0000216726,"X_SI":0.0009897372},"reference":"Gulyaev1978","phases":["HCP_EPS"],"output":"MSE","solver":{"mode":"manual","sublattice_site_ratios":[1,0.5],"sublattice_configurations":[["FE","MN","P","S","SI"],["C","H","N","O","VA"]]},"values":[[[33.2002286537]]]}