{"components":["C","FE","H","MN","N","O","P","S","SI","VA"],"conditions":{"N":1,"P":101325,"T":343.9203635994,"X_C":0.000242762,"X_H":0.0000826507,"X_MN":0.2648609068,"X_N":0.0002973824,"X_O":0.0002603439,"X_P":0.0000358613,"X_S":0.0000216505,"X_SI":0.0009887298},"reference":"Gulyaev1978","phases":["HCP_EPS"],"output":"MSE","solver":{"mode":"manual","sublattice_site_ratios":[1,0.5],"sublattice_configurations":[["FE","MN","P","S","SI"],["C","H","N","O","VA"]]},"values":[[[126.3803002528]]]}