{"components":["C","FE","H","MN","N","O","P","S","SI","VA"],"conditions":{"N":1,"P":101325,"T":437.5153929384,"X_C":0.0002431293,"X_H":0.0000827757,"X_MN":0.1721162863,"X_N":0.0002978322,"X_O":0.0002607377,"X_P":0.0000359155,"X_S":0.0000216833,"X_SI":0.0009902255},"reference":"Gulyaev1978","phases":["HCP_EPS"],"output":"MSE","solver":{"mode":"manual","sublattice_site_ratios":[1,0.5],"sublattice_configurations":[["FE","MN","P","S","SI"],["C","H","N","O","VA"]]},"values":[[[43.3831256714]]]}