{"components":["C","FE","H","MN","N","O","P","S","SI","VA"],"conditions":{"N":1,"P":101325,"T":429.6546700267,"X_C":0.0002431852,"X_H":0.0000827948,"X_MN":0.1579783703,"X_N":0.0002979008,"X_O":0.0002607977,"X_P":0.0000359238,"X_S":0.0000216883,"X_SI":0.0009904535},"reference":"Gulyaev1978","phases":["HCP_EPS"],"output":"MSE","solver":{"mode":"manual","sublattice_site_ratios":[1,0.5],"sublattice_configurations":[["FE","MN","P","S","SI"],["C","H","N","O","VA"]]},"values":[[[93.984854067]]]}