{"components":["C","FE","H","MN","N","O","P","S","SI","VA"],"conditions":{"N":1,"P":101325,"T":443.0163911653,"X_C":0.0002432092,"X_H":0.0000828029,"X_MN":0.1519172702,"X_N":0.0002979302,"X_O":0.0002608235,"X_P":0.0000359273,"X_S":0.0000216904,"X_SI":0.0009905512},"reference":"Gulyaev1978","phases":["HCP_EPS"],"output":"MSE","solver":{"mode":"manual","sublattice_site_ratios":[1,0.5],"sublattice_configurations":[["FE","MN","P","S","SI"],["C","H","N","O","VA"]]},"values":[[[53.3533818983]]]}