{"index":438,"components":["C","CO","CR","FE","MO","NB","NI","VA"],"conditions":{"N":1,"P":101325,"T":1473.0,"X_C":0.0113750691,"X_CO":0.1547439391,"X_CR":0.0002189628,"X_MO":0.0239120304,"X_NB":0.0001776902,"X_NI":0.0482034634},"reference":"Ghosh1994","disabled":false,"model":"martensite_start","inputs":{"martensite_start":651.0,"martensite_type":"plate","PAGS":null,"parent_phase":"gamma","predicted_type":false,"solutionizing_temperature":1473.0},"outputs":{"calculation_error":false,"DG":2611.3085010839,"error":-47.6558614254,"error_message":[],"LC_martensite_start":698.6558614254,"PAGS_energy":0.0,"solutioning_conditions":{"N":1,"P":101325,"T":1473.0,"X_C":0.0113750691,"X_CO":0.1547439391,"X_CR":0.0002189628,"X_MO":0.0239120304,"X_NB":0.0001776902,"X_NI":0.0482034634},"solutionizing_phases":["FCC_A1","","","","","","",""]}}