{"index":442,"components":["C","CO","CR","FE","MO","NB","NI","V","VA"],"conditions":{"N":1,"P":101325,"T":1473.0,"X_C":0.0118430934,"X_CO":0.1545698589,"X_CR":0.0002188531,"X_MO":0.0239000493,"X_NB":0.0000796143,"X_NI":0.0481793111,"X_V":0.0006701515},"reference":"Ghosh1994","disabled":false,"model":"martensite_start","inputs":{"martensite_start":641.0,"martensite_type":"plate","PAGS":null,"parent_phase":"gamma","predicted_type":false,"solutionizing_temperature":1473.0},"outputs":{"calculation_error":false,"DG":2676.6250924465,"error":-54.9285264015,"error_message":[],"LC_martensite_start":695.9285264015,"PAGS_energy":0.0,"solutioning_conditions":{"N":1,"P":101325,"T":1473.0,"X_C":0.0118430934,"X_CO":0.1545698589,"X_CR":0.0002188531,"X_MO":0.0239000493,"X_NB":0.0000796143,"X_NI":0.0481793111,"X_V":0.0006701515},"solutionizing_phases":["FCC_A1","","","","","","","",""]}}