{"index":216,"components":["C","CR","FE","MN","MO","N","NI","O","P","SI","VA"],"conditions":{"N":1,"P":101325,"T":1373.15,"X_C":0.004550898,"X_CR":0.0987512055,"X_MN":0.0101502888,"X_MO":0.0057548037,"X_N":0.0021246293,"X_NI":0.0007525424,"X_O":0.0021878412,"X_P":0.0002139033,"X_SI":0.0033419272},"reference":"Cool1996","disabled":false,"model":"martensite_start","inputs":{"martensite_start":600.15,"martensite_type":"lath","PAGS":null,"parent_phase":"gamma","predicted_type":true,"solutionizing_temperature":1373.15},"outputs":{"calculation_error":false,"DG":2106.3836286974,"error":40.7341133078,"error_message":[],"LC_martensite_start":559.4158866922,"PAGS_energy":0.0,"solutioning_conditions":{"N":1,"P":101325,"T":1373.15,"X_C":0.004550898,"X_CR":0.0987512055,"X_MN":0.0101502888,"X_MO":0.0057548037,"X_N":0.0021246293,"X_NI":0.0007525424,"X_O":0.0021878412,"X_P":0.0002139033,"X_SI":0.0033419272},"solutionizing_phases":["FCC_A1","CHI_A12","TRIDYMITE","","","","","","","",""]}}