{"index":208,"components":["C","CR","FE","MN","MO","N","NI","O","P","SI","VA"],"conditions":{"N":1,"P":101325,"T":1373.15,"X_C":0.0042786823,"X_CR":0.0964962608,"X_MN":0.0103599923,"X_MO":0.0056444518,"X_N":0.0020317338,"X_NI":0.0092263986,"X_O":0.0022483955,"X_P":0.0002140833,"X_SI":0.0031479892},"reference":"Cool1996","disabled":false,"model":"martensite_start","inputs":{"martensite_start":579.8166666667,"martensite_type":"lath","PAGS":null,"parent_phase":"gamma","predicted_type":true,"solutionizing_temperature":1373.15},"outputs":{"calculation_error":false,"DG":2318.6566450181,"error":14.3619883204,"error_message":[],"LC_martensite_start":565.4546783463,"PAGS_energy":0.0,"solutioning_conditions":{"N":1,"P":101325,"T":1373.15,"X_C":0.0042786823,"X_CR":0.0964962608,"X_MN":0.0103599923,"X_MO":0.0056444518,"X_N":0.0020317338,"X_NI":0.0092263986,"X_O":0.0022483955,"X_P":0.0002140833,"X_SI":0.0031479892},"solutionizing_phases":["FCC_A1","CHI_A12","HCP_A3","TRIDYMITE","","","","","","",""]}}