{"index":220,"components":["C","CR","FE","MN","MO","N","P","SI","V","W","VA"],"conditions":{"N":1,"P":101325,"T":1373.15,"X_C":0.0043977448,"X_CR":0.0999805629,"X_MN":0.0105253095,"X_MO":0.005795288,"X_N":0.0021594234,"X_P":0.0002692601,"X_SI":0.0035634042,"X_V":0.002073751,"X_W":0.0031150997},"reference":"Cool1996","disabled":false,"model":"martensite_start","inputs":{"martensite_start":619.15,"martensite_type":"lath","PAGS":null,"parent_phase":"gamma","predicted_type":true,"solutionizing_temperature":1373.15},"outputs":{"calculation_error":false,"DG":1989.3360920363,"error":62.6320698281,"error_message":["Removed 5 components while calculating martensite equilibrium.","Removed 6 components while calculating martensite equilibrium."],"LC_martensite_start":556.5179301719,"PAGS_energy":0.0,"solutioning_conditions":{"N":1,"P":101325,"T":1373.15,"X_C":0.0043977448,"X_CR":0.0999805629,"X_MN":0.0105253095,"X_MO":0.005795288,"X_N":0.0021594234,"X_P":0.0002692601,"X_SI":0.0035634042,"X_V":0.002073751,"X_W":0.0031150997},"solutionizing_phases":["FCC_A1","CHI_A12","BCC_A2","FCC_A1","","","","","","",""]}}