{"index":209,"components":["C","CR","FE","MN","MO","N","NI","S","SI","V","VA"],"conditions":{"N":1,"P":101325,"T":1373.15,"X_C":0.0059959186,"X_CR":0.1086701075,"X_MN":0.0055458764,"X_MO":0.0087188243,"X_N":0.0023729912,"X_NI":0.0058517143,"X_S":0.0001036575,"X_SI":0.0003747591,"X_V":0.0022836433},"reference":"Cool1996","disabled":false,"model":"martensite_start","inputs":{"martensite_start":583.15,"martensite_type":"lath","PAGS":null,"parent_phase":"gamma","predicted_type":true,"solutionizing_temperature":1373.15},"outputs":{"calculation_error":false,"DG":2234.2154273,"error":40.9855776048,"error_message":[],"LC_martensite_start":542.1644223952,"PAGS_energy":0.0,"solutioning_conditions":{"N":1,"P":101325,"T":1373.15,"X_C":0.0059959186,"X_CR":0.1086701075,"X_MN":0.0055458764,"X_MO":0.0087188243,"X_N":0.0023729912,"X_NI":0.0058517143,"X_S":0.0001036575,"X_SI":0.0003747591,"X_V":0.0022836433},"solutionizing_phases":["FCC_A1","CHI_A12","HCP_A3","LIQUID","","","","","","",""]}}