{"index":207,"components":["C","CR","FE","MN","MO","N","NI","O","P","SI","VA"],"conditions":{"N":1,"P":101325,"T":1373.15,"X_C":0.0046471359,"X_CR":0.0980986986,"X_MN":0.0102602817,"X_MO":0.0057601342,"X_N":0.0019490521,"X_NI":0.0180777458,"X_O":0.0022934892,"X_P":0.0002141014,"X_SI":0.0033450228},"reference":"Cool1996","disabled":false,"model":"martensite_start","inputs":{"martensite_start":579.4833333333,"martensite_type":"lath","PAGS":null,"parent_phase":"gamma","predicted_type":true,"solutionizing_temperature":1373.15},"outputs":{"calculation_error":false,"DG":2295.3651398333,"error":34.8644074885,"error_message":[],"LC_martensite_start":544.6189258448,"PAGS_energy":0.0,"solutioning_conditions":{"N":1,"P":101325,"T":1373.15,"X_C":0.0046471359,"X_CR":0.0980986986,"X_MN":0.0102602817,"X_MO":0.0057601342,"X_N":0.0019490521,"X_NI":0.0180777458,"X_O":0.0022934892,"X_P":0.0002141014,"X_SI":0.0033450228},"solutionizing_phases":["FCC_A1","CHI_A12","HCP_A3","TRIDYMITE","","","","","","",""]}}