{"index":210,"components":["C","CR","FE","MN","MO","N","NI","P","V","W","VA"],"conditions":{"N":1,"P":101325,"T":1373.15,"X_C":0.0044905953,"X_CR":0.09731306,"X_MN":0.0101210905,"X_MO":0.0055638066,"X_N":0.0021000051,"X_NI":0.0088103708,"X_P":0.0002692761,"X_V":0.0020738741,"X_W":0.0029640571},"reference":"Cool1996","disabled":false,"model":"martensite_start","inputs":{"martensite_start":587.8166666667,"martensite_type":"lath","PAGS":null,"parent_phase":"gamma","predicted_type":true,"solutionizing_temperature":1373.15},"outputs":{"calculation_error":false,"DG":2188.9966391227,"error":33.2518670511,"error_message":[],"LC_martensite_start":554.5647996156,"PAGS_energy":0.0,"solutioning_conditions":{"N":1,"P":101325,"T":1373.15,"X_C":0.0044905953,"X_CR":0.09731306,"X_MN":0.0101210905,"X_MO":0.0055638066,"X_N":0.0021000051,"X_NI":0.0088103708,"X_P":0.0002692761,"X_V":0.0020738741,"X_W":0.0029640571},"solutionizing_phases":["FCC_A1","CHI_A12","HCP_A3","","","","","","","",""]}}