{"index":205,"components":["C","CR","FE","MN","N","NB","NI","P","SI","V","VA"],"conditions":{"N":1,"P":101325,"T":1373.15,"X_C":0.0133376656,"X_CR":0.0103050739,"X_MN":0.0085466491,"X_N":0.0004732554,"X_NB":0.0001010773,"X_NI":0.0068704272,"X_P":0.0001961774,"X_SI":0.0043270376,"X_V":0.002819368},"reference":"Cool1996","disabled":false,"model":"martensite_start","inputs":{"martensite_start":561.8166666667,"martensite_type":"plate","PAGS":null,"parent_phase":"gamma","predicted_type":true,"solutionizing_temperature":1373.15},"outputs":{"calculation_error":false,"DG":2735.533961931,"error":-20.9005834277,"error_message":[],"LC_martensite_start":582.7172500944,"PAGS_energy":0.0,"solutioning_conditions":{"N":1,"P":101325,"T":1373.15,"X_C":0.0133376656,"X_CR":0.0103050739,"X_MN":0.0085466491,"X_N":0.0004732554,"X_NB":0.0001010773,"X_NI":0.0068704272,"X_P":0.0001961774,"X_SI":0.0043270376,"X_V":0.002819368},"solutionizing_phases":["FCC_A1","FCC_A1","","","","","","","","",""]}}