{"index":214,"components":["C","CO","CR","FE","MN","MO","N","NB","V","W","VA"],"conditions":{"N":1,"P":101325,"T":1373.15,"X_C":0.0042144877,"X_CO":0.0086835949,"X_CR":0.0956397572,"X_MN":0.0100238304,"X_MO":0.0056239796,"X_N":0.0020214066,"X_NB":0.0002634383,"X_V":0.0019654975,"X_W":0.0029652259},"reference":"Cool1996","disabled":false,"model":"martensite_start","inputs":{"martensite_start":599.8166666667,"martensite_type":"plate","PAGS":null,"parent_phase":"gamma","predicted_type":true,"solutionizing_temperature":1373.15},"outputs":{"calculation_error":false,"DG":2189.6640699093,"error":52.2924427732,"error_message":[],"LC_martensite_start":547.5242238935,"PAGS_energy":0.0,"solutioning_conditions":{"N":1,"P":101325,"T":1373.15,"X_C":0.0042144877,"X_CO":0.0086835949,"X_CR":0.0956397572,"X_MN":0.0100238304,"X_MO":0.0056239796,"X_N":0.0020214066,"X_NB":0.0002634383,"X_V":0.0019654975,"X_W":0.0029652259},"solutionizing_phases":["FCC_A1","FCC_A1","CHI_A12","","","","","","","",""]}}