{"index":204,"components":["C","CR","FE","MN","MO","N","P","SI","V","W","VA"],"conditions":{"N":1,"P":101325,"T":1373.15,"X_C":0.0044083929,"X_CR":0.1003138672,"X_MN":0.0105605073,"X_MO":0.0049317418,"X_N":0.0021595299,"X_P":0.0002727835,"X_SI":0.0040111471,"X_V":0.0021008867,"X_W":0.0091611909},"reference":"Cool1996","disabled":false,"model":"martensite_start","inputs":{"martensite_start":557.8166666667,"martensite_type":"plate","PAGS":null,"parent_phase":"gamma","predicted_type":true,"solutionizing_temperature":1373.15},"outputs":{"calculation_error":false,"DG":2341.6197660043,"error":65.3382727508,"error_message":[],"LC_martensite_start":492.4783939159,"PAGS_energy":0.0,"solutioning_conditions":{"N":1,"P":101325,"T":1373.15,"X_C":0.0044083929,"X_CR":0.1003138672,"X_MN":0.0105605073,"X_MO":0.0049317418,"X_N":0.0021595299,"X_P":0.0002727835,"X_SI":0.0040111471,"X_V":0.0021008867,"X_W":0.0091611909},"solutionizing_phases":["FCC_A1","BCC_A2","FCC_A1","CHI_A12","","","","","","",""]}}