{"index":203,"components":["C","CR","FE","MN","MO","N","NI","O","P","SI","VA"],"conditions":{"N":1,"P":101325,"T":1373.15,"X_C":0.0043748474,"X_CR":0.0975452632,"X_MN":0.0102691522,"X_MO":0.0055345095,"X_N":0.0019309928,"X_NI":0.0283651345,"X_O":0.0021087921,"X_P":0.0002142865,"X_SI":0.0031509785},"reference":"Cool1996","disabled":false,"model":"martensite_start","inputs":{"martensite_start":511.15,"martensite_type":"lath","PAGS":null,"parent_phase":"gamma","predicted_type":true,"solutionizing_temperature":1373.15},"outputs":{"calculation_error":false,"DG":2803.9164393448,"error":-18.7568947792,"error_message":[],"LC_martensite_start":529.9068947792,"PAGS_energy":0.0,"solutioning_conditions":{"N":1,"P":101325,"T":1373.15,"X_C":0.0043748474,"X_CR":0.0975452632,"X_MN":0.0102691522,"X_MO":0.0055345095,"X_N":0.0019309928,"X_NI":0.0283651345,"X_O":0.0021087921,"X_P":0.0002142865,"X_SI":0.0031509785},"solutionizing_phases":["FCC_A1","CHI_A12","HCP_A3","TRIDYMITE","","","","","","",""]}}