{"index":221,"components":["C","CR","FE","MN","MO","NI","P","S","SI","V","VA"],"conditions":{"N":1,"P":101325,"T":1373.15,"X_C":0.0050931324,"X_CR":0.0214973974,"X_MN":0.004453896,"X_MO":0.0054486478,"X_NI":0.0004074176,"X_P":0.000323176,"X_S":0.0000346864,"X_SI":0.005148157,"X_V":0.0000873331},"reference":"Cool1996","disabled":false,"model":"martensite_start","inputs":{"martensite_start":667.15,"martensite_type":"lath","PAGS":null,"parent_phase":"gamma","predicted_type":true,"solutionizing_temperature":1373.15},"outputs":{"calculation_error":false,"DG":2017.2267387056,"error":-54.1952486038,"error_message":[],"LC_martensite_start":721.3452486038,"PAGS_energy":0.0,"solutioning_conditions":{"N":1,"P":101325,"T":1373.15,"X_C":0.0050931324,"X_CR":0.0214973974,"X_MN":0.004453896,"X_MO":0.0054486478,"X_NI":0.0004074176,"X_P":0.000323176,"X_S":0.0000346864,"X_SI":0.005148157,"X_V":0.0000873331},"solutionizing_phases":["FCC_A1","LIQUID","","","","","","","","",""]}}