{"index":211,"components":["C","CR","FE","MN","N","NB","NI","P","SI","V","VA"],"conditions":{"N":1,"P":101325,"T":1373.15,"X_C":0.0092804502,"X_CR":0.0227233554,"X_MN":0.0064925327,"X_N":0.0002387387,"X_NB":0.0001199753,"X_NI":0.0072165844,"X_P":0.0001619407,"X_SI":0.0016668806,"X_V":0.0035009477},"reference":"Cool1996","disabled":false,"model":"martensite_start","inputs":{"martensite_start":592.4833333333,"martensite_type":"plate","PAGS":null,"parent_phase":"gamma","predicted_type":true,"solutionizing_temperature":1373.15},"outputs":{"calculation_error":false,"DG":2432.8077929334,"error":5.7313310575,"error_message":[],"LC_martensite_start":586.7520022758,"PAGS_energy":0.0,"solutioning_conditions":{"N":1,"P":101325,"T":1373.15,"X_C":0.0092804502,"X_CR":0.0227233554,"X_MN":0.0064925327,"X_N":0.0002387387,"X_NB":0.0001199753,"X_NI":0.0072165844,"X_P":0.0001619407,"X_SI":0.0016668806,"X_V":0.0035009477},"solutionizing_phases":["FCC_A1","FCC_A1","FCC_A1","","","","","","","",""]}}