{"index":218,"components":["C","CR","FE","MN","MO","N","P","SI","V","W","VA"],"conditions":{"N":1,"P":101325,"T":1373.15,"X_C":0.004469424,"X_CR":0.0994762956,"X_MN":0.0100765215,"X_MO":0.0053038388,"X_N":0.0020998997,"X_P":0.0002707983,"X_SI":0.0039819562,"X_V":0.0020855976,"X_W":0.0058399598},"reference":"Cool1996","disabled":false,"model":"martensite_start","inputs":{"martensite_start":609.15,"martensite_type":"lath","PAGS":null,"parent_phase":"gamma","predicted_type":true,"solutionizing_temperature":1373.15},"outputs":{"calculation_error":false,"DG":1996.0960941489,"error":68.4102551579,"error_message":[],"LC_martensite_start":540.7397448421,"PAGS_energy":0.0,"solutioning_conditions":{"N":1,"P":101325,"T":1373.15,"X_C":0.004469424,"X_CR":0.0994762956,"X_MN":0.0100765215,"X_MO":0.0053038388,"X_N":0.0020998997,"X_P":0.0002707983,"X_SI":0.0039819562,"X_V":0.0020855976,"X_W":0.0058399598},"solutionizing_phases":["FCC_A1","CHI_A12","BCC_A2","FCC_A1","","","","","","",""]}}