{"index":215,"components":["C","CO","CR","FE","MN","MO","N","P","V","W","VA"],"conditions":{"N":1,"P":101325,"T":1373.15,"X_C":0.0041697402,"X_CO":0.0176569799,"X_CR":0.0984581928,"X_MN":0.0098250176,"X_MO":0.005568091,"X_N":0.0020777853,"X_P":0.0002694835,"X_V":0.0019662357,"X_W":0.0029360708},"reference":"Cool1996","disabled":false,"model":"martensite_start","inputs":{"martensite_start":599.8166666667,"martensite_type":"plate","PAGS":null,"parent_phase":"gamma","predicted_type":true,"solutionizing_temperature":1373.15},"outputs":{"calculation_error":false,"DG":2279.752338173,"error":43.9373846209,"error_message":["Removed 5 components while calculating martensite equilibrium.","Removed 6 components while calculating martensite equilibrium."],"LC_martensite_start":555.8792820458,"PAGS_energy":0.0,"solutioning_conditions":{"N":1,"P":101325,"T":1373.15,"X_C":0.0041697402,"X_CO":0.0176569799,"X_CR":0.0984581928,"X_MN":0.0098250176,"X_MO":0.005568091,"X_N":0.0020777853,"X_P":0.0002694835,"X_V":0.0019662357,"X_W":0.0029360708},"solutionizing_phases":["FCC_A1","CHI_A12","FCC_A1","","","","","","","",""]}}