{"index":206,"components":["C","CO","CR","FE","MN","MO","N","P","SI","V","VA"],"conditions":{"N":1,"P":101325,"T":1373.15,"X_C":0.0044155821,"X_CO":0.0089053023,"X_CR":0.097321714,"X_MN":0.0101562462,"X_MO":0.0057005994,"X_N":0.0021771497,"X_P":0.0002318646,"X_SI":0.0031471893,"X_V":0.002060473},"reference":"Cool1996","disabled":false,"model":"martensite_start","inputs":{"martensite_start":564.4833333333,"martensite_type":"plate","PAGS":null,"parent_phase":"gamma","predicted_type":true,"solutionizing_temperature":1373.15},"outputs":{"calculation_error":false,"DG":2484.140460698,"error":19.0462306341,"error_message":[],"LC_martensite_start":545.4371026992,"PAGS_energy":0.0,"solutioning_conditions":{"N":1,"P":101325,"T":1373.15,"X_C":0.0044155821,"X_CO":0.0089053023,"X_CR":0.097321714,"X_MN":0.0101562462,"X_MO":0.0057005994,"X_N":0.0021771497,"X_P":0.0002318646,"X_SI":0.0031471893,"X_V":0.002060473},"solutionizing_phases":["FCC_A1","CHI_A12","FCC_A1","","","","","","","",""]}}