{"index":219,"components":["C","CO","CR","FE","MN","MO","N","NI","SI","V","VA"],"conditions":{"N":1,"P":101325,"T":1373.15,"X_C":0.0042740622,"X_CO":0.0001123951,"X_CR":0.0963920659,"X_MN":0.0049232183,"X_MO":0.0052931515,"X_N":0.001379299,"X_NI":0.0021630411,"X_SI":0.0080580119,"X_V":0.0027089095},"reference":"Cool1996","disabled":false,"model":"martensite_start","inputs":{"martensite_start":616.8166666667,"martensite_type":"lath","PAGS":null,"parent_phase":"gamma","predicted_type":true,"solutionizing_temperature":1373.15},"outputs":{"calculation_error":false,"DG":2073.9554587963,"error":40.657478207,"error_message":[],"LC_martensite_start":576.1591884597,"PAGS_energy":0.0,"solutioning_conditions":{"N":1,"P":101325,"T":1373.15,"X_C":0.0042740622,"X_CO":0.0001123951,"X_CR":0.0963920659,"X_MN":0.0049232183,"X_MO":0.0052931515,"X_N":0.001379299,"X_NI":0.0021630411,"X_SI":0.0080580119,"X_V":0.0027089095},"solutionizing_phases":["CHI_A12","FCC_A1","FCC_A1","BCC_A2","","","","","","",""]}}