{"index":1093,"components":["C","FE","MN","N","NI","SI","V","VA"],"conditions":{"N":1,"P":101325,"T":1273.15,"X_C":0.0001852354,"X_MN":0.0003037248,"X_N":0.0000794194,"X_NI":0.2102541997,"X_SI":0.0275352093,"X_V":0.0097174092},"reference":"Yeo1963","disabled":false,"model":"martensite_start","inputs":{"martensite_start":433.15,"martensite_type":"plate","PAGS":null,"parent_phase":"gamma","predicted_type":true,"solutionizing_temperature":1273.15},"outputs":{"calculation_error":false,"DG":1652.2133320043,"error":-51.5202120161,"error_message":[],"LC_martensite_start":484.6702120161,"PAGS_energy":0.0,"solutioning_conditions":{"N":1,"P":101325,"T":1273.15,"X_C":0.0001852354,"X_MN":0.0003037248,"X_N":0.0000794194,"X_NI":0.2102541997,"X_SI":0.0275352093,"X_V":0.0097174092},"solutionizing_phases":["HCP_A3","FCC_A1","","","","","",""]}}