{"index":1060,"components":["C","CO","FE","MN","N","NI","SI","VA"],"conditions":{"N":1,"P":101325,"T":1273.15,"X_C":0.0001881525,"X_CO":0.0359838323,"X_MN":0.000308508,"X_N":0.0000806701,"X_NI":0.2084471894,"X_SI":0.0015086811},"reference":"Yeo1963","disabled":false,"model":"martensite_start","inputs":{"martensite_start":510.9277777778,"martensite_type":"lath","PAGS":null,"parent_phase":"gamma","predicted_type":true,"solutionizing_temperature":1273.15},"outputs":{"calculation_error":false,"DG":1318.1591750732,"error":-57.4755256563,"error_message":[],"LC_martensite_start":568.4033034341,"PAGS_energy":0.0,"solutioning_conditions":{"N":1,"P":101325,"T":1273.15,"X_C":0.0001881525,"X_CO":0.0359838323,"X_MN":0.000308508,"X_N":0.0000806701,"X_NI":0.2084471894,"X_SI":0.0015086811},"solutionizing_phases":["FCC_A1","HCP_A3","","","","","",""]}}