{"index":1080,"components":["C","FE","MN","N","NI","SI","V","VA"],"conditions":{"N":1,"P":101325,"T":1273.15,"X_C":0.0001878507,"X_MN":0.0003080131,"X_N":0.0000805407,"X_NI":0.2161665319,"X_SI":0.001506261,"X_V":0.0003210122},"reference":"Yeo1963","disabled":false,"model":"martensite_start","inputs":{"martensite_start":444.2611111111,"martensite_type":"plate","PAGS":null,"parent_phase":"gamma","predicted_type":true,"solutionizing_temperature":1273.15},"outputs":{"calculation_error":false,"DG":1276.6666735233,"error":-10.5262550863,"error_message":[],"LC_martensite_start":454.7873661974,"PAGS_energy":0.0,"solutioning_conditions":{"N":1,"P":101325,"T":1273.15,"X_C":0.0001878507,"X_MN":0.0003080131,"X_N":0.0000805407,"X_NI":0.2161665319,"X_SI":0.001506261,"X_V":0.0003210122},"solutionizing_phases":["FCC_A1","HCP_A3","","","","","",""]}}