{"index":1072,"components":["C","FE","MN","MO","N","NI","SI","VA"],"conditions":{"N":1,"P":101325,"T":1273.15,"X_C":0.0001883183,"X_MN":0.0003087799,"X_MO":0.0035152357,"X_N":0.0000807412,"X_NI":0.2154746429,"X_SI":0.0015100106},"reference":"Yeo1963","disabled":false,"model":"martensite_start","inputs":{"martensite_start":444.2611111111,"martensite_type":"plate","PAGS":null,"parent_phase":"gamma","predicted_type":true,"solutionizing_temperature":1273.15},"outputs":{"calculation_error":false,"DG":1259.3027335731,"error":-4.8446160327,"error_message":[],"LC_martensite_start":449.1057271438,"PAGS_energy":0.0,"solutioning_conditions":{"N":1,"P":101325,"T":1273.15,"X_C":0.0001883183,"X_MN":0.0003087799,"X_MO":0.0035152357,"X_N":0.0000807412,"X_NI":0.2154746429,"X_SI":0.0015100106},"solutionizing_phases":["FCC_A1","HCP_A3","","","","","",""]}}