{"index":1056,"components":["C","CO","FE","MN","N","NI","SI","VA"],"conditions":{"N":1,"P":101325,"T":1273.15,"X_C":0.0001883382,"X_CO":0.0585666735,"X_MN":0.0003088125,"X_N":0.0000807497,"X_NI":0.2035590603,"X_SI":0.0015101702},"reference":"Yeo1963","disabled":false,"model":"martensite_start","inputs":{"martensite_start":544.2611111111,"martensite_type":"lath","PAGS":null,"parent_phase":"gamma","predicted_type":true,"solutionizing_temperature":1273.15},"outputs":{"calculation_error":false,"DG":1327.2881536858,"error":-55.263335282,"error_message":[],"LC_martensite_start":599.5244463931,"PAGS_energy":0.0,"solutioning_conditions":{"N":1,"P":101325,"T":1273.15,"X_C":0.0001883382,"X_CO":0.0585666735,"X_MN":0.0003088125,"X_N":0.0000807497,"X_NI":0.2035590603,"X_SI":0.0015101702},"solutionizing_phases":["FCC_A1","HCP_A3","","","","","",""]}}