{"index":1057,"components":["C","CO","FE","MN","N","NI","SI","VA"],"conditions":{"N":1,"P":101325,"T":1273.15,"X_C":0.000188282,"X_CO":0.0517317351,"X_MN":0.0003087203,"X_N":0.0000807256,"X_NI":0.2050385048,"X_SI":0.0015097195},"reference":"Yeo1963","disabled":false,"model":"martensite_start","inputs":{"martensite_start":527.5944444444,"martensite_type":"lath","PAGS":null,"parent_phase":"gamma","predicted_type":true,"solutionizing_temperature":1273.15},"outputs":{"calculation_error":false,"DG":1370.6674653803,"error":-63.0062111266,"error_message":[],"LC_martensite_start":590.600655571,"PAGS_energy":0.0,"solutioning_conditions":{"N":1,"P":101325,"T":1273.15,"X_C":0.000188282,"X_CO":0.0517317351,"X_MN":0.0003087203,"X_N":0.0000807256,"X_NI":0.2050385048,"X_SI":0.0015097195},"solutionizing_phases":["FCC_A1","HCP_A3","","","","","",""]}}