{"index":1082,"components":["C","FE","MN","N","NI","SI","VA"],"conditions":{"N":1,"P":101325,"T":1273.15,"X_C":0.000187875,"X_MN":0.000308053,"X_N":0.0000805511,"X_NI":0.2181794941,"X_SI":0.001506456},"reference":"Yeo1963","disabled":false,"model":"martensite_start","inputs":{"martensite_start":438.7055555556,"martensite_type":"plate","PAGS":null,"parent_phase":"gamma","predicted_type":false,"solutionizing_temperature":1273.15},"outputs":{"calculation_error":false,"DG":1272.7750965319,"error":-14.7101515304,"error_message":[],"LC_martensite_start":453.415707086,"PAGS_energy":0.0,"solutioning_conditions":{"N":1,"P":101325,"T":1273.15,"X_C":0.000187875,"X_MN":0.000308053,"X_N":0.0000805511,"X_NI":0.2181794941,"X_SI":0.001506456},"solutionizing_phases":["FCC_A1","HCP_A3","","","","",""]}}