{"index":1077,"components":["C","FE","MN","N","NI","SI","V","VA"],"conditions":{"N":1,"P":101325,"T":1273.15,"X_C":0.0001878322,"X_MN":0.0003079828,"X_N":0.0000805328,"X_NI":0.2159488147,"X_SI":0.0015061129,"X_V":0.0013269883},"reference":"Yeo1963","disabled":false,"model":"martensite_start","inputs":{"martensite_start":466.4833333333,"martensite_type":"plate","PAGS":null,"parent_phase":"gamma","predicted_type":true,"solutionizing_temperature":1273.15},"outputs":{"calculation_error":false,"DG":1179.8497110915,"error":10.5107070716,"error_message":[],"LC_martensite_start":455.9726262617,"PAGS_energy":0.0,"solutioning_conditions":{"N":1,"P":101325,"T":1273.15,"X_C":0.0001878322,"X_MN":0.0003079828,"X_N":0.0000805328,"X_NI":0.2159488147,"X_SI":0.0015061129,"X_V":0.0013269883},"solutionizing_phases":["HCP_A3","FCC_A1","","","","","",""]}}