{"index":1059,"components":["C","FE","MN","MO","N","NI","SI","VA"],"conditions":{"N":1,"P":101325,"T":1273.15,"X_C":0.0001913153,"X_MN":0.000313694,"X_MO":0.0263320426,"X_N":0.0000820261,"X_NI":0.2105327586,"X_SI":0.0015340419},"reference":"Yeo1963","disabled":false,"model":"martensite_start","inputs":{"martensite_start":360.9277777778,"martensite_type":"lath","PAGS":null,"parent_phase":"gamma","predicted_type":true,"solutionizing_temperature":1273.15},"outputs":{"calculation_error":false,"DG":1767.3802000867,"error":-86.2453325801,"error_message":[],"LC_martensite_start":447.1731103579,"PAGS_energy":0.0,"solutioning_conditions":{"N":1,"P":101325,"T":1273.15,"X_C":0.0001913153,"X_MN":0.000313694,"X_MO":0.0263320426,"X_N":0.0000820261,"X_NI":0.2105327586,"X_SI":0.0015340419},"solutionizing_phases":["FCC_A1","HCP_A3","","","","","",""]}}