{"index":1079,"components":["C","FE","MN","N","NI","SI","TI","VA"],"conditions":{"N":1,"P":101325,"T":1273.15,"X_C":0.0001878364,"X_MN":0.0003079896,"X_N":0.0000805345,"X_NI":0.2160831004,"X_SI":0.0015061463,"X_TI":0.0007065495},"reference":"Yeo1963","disabled":false,"model":"martensite_start","inputs":{"martensite_start":444.2611111111,"martensite_type":"plate","PAGS":null,"parent_phase":"gamma","predicted_type":true,"solutionizing_temperature":1273.15},"outputs":{"calculation_error":false,"DG":1277.9503797143,"error":-10.9982350646,"error_message":[],"LC_martensite_start":455.2593461757,"PAGS_energy":0.0,"solutioning_conditions":{"N":1,"P":101325,"T":1273.15,"X_C":0.0001878364,"X_MN":0.0003079896,"X_N":0.0000805345,"X_NI":0.2160831004,"X_SI":0.0015061463,"X_TI":0.0007065495},"solutionizing_phases":["FCC_A1","FCC_A1","","","","","",""]}}