{"index":1078,"components":["C","FE","MN","N","NI","SI","V","VA"],"conditions":{"N":1,"P":101325,"T":1273.15,"X_C":0.0001878436,"X_MN":0.0003080014,"X_N":0.0000805376,"X_NI":0.2160827426,"X_SI":0.001506204,"X_V":0.000708166},"reference":"Yeo1963","disabled":false,"model":"martensite_start","inputs":{"martensite_start":466.4833333333,"martensite_type":"plate","PAGS":null,"parent_phase":"gamma","predicted_type":true,"solutionizing_temperature":1273.15},"outputs":{"calculation_error":false,"DG":1175.0283584981,"error":11.2766897027,"error_message":[],"LC_martensite_start":455.2066436306,"PAGS_energy":0.0,"solutioning_conditions":{"N":1,"P":101325,"T":1273.15,"X_C":0.0001878436,"X_MN":0.0003080014,"X_N":0.0000805376,"X_NI":0.2160827426,"X_SI":0.001506204,"X_V":0.000708166},"solutionizing_phases":["FCC_A1","HCP_A3","","","","","",""]}}