{"index":1091,"components":["C","FE","MN","N","NI","SI","V","VA"],"conditions":{"N":1,"P":101325,"T":1273.15,"X_C":0.0001868591,"X_MN":0.0003063872,"X_N":0.0000801155,"X_NI":0.2139751658,"X_SI":0.0103345437,"X_V":0.0098025909},"reference":"Yeo1963","disabled":false,"model":"martensite_start","inputs":{"martensite_start":458.15,"martensite_type":"lath","PAGS":null,"parent_phase":"gamma","predicted_type":true,"solutionizing_temperature":1273.15},"outputs":{"calculation_error":false,"DG":1337.9979552268,"error":-54.3758636951,"error_message":[],"LC_martensite_start":512.5258636951,"PAGS_energy":0.0,"solutioning_conditions":{"N":1,"P":101325,"T":1273.15,"X_C":0.0001868591,"X_MN":0.0003063872,"X_N":0.0000801155,"X_NI":0.2139751658,"X_SI":0.0103345437,"X_V":0.0098025909},"solutionizing_phases":["HCP_A3","FCC_A1","","","","","",""]}}