{"index":1083,"components":["C","FE","MN","N","NI","SI","VA"],"conditions":{"N":1,"P":101325,"T":1273.15,"X_C":0.0001879856,"X_MN":0.0003082343,"X_N":0.0000805985,"X_NI":0.2298484277,"X_SI":0.0015073427},"reference":"Yeo1963","disabled":false,"model":"martensite_start","inputs":{"martensite_start":413.7055555556,"martensite_type":"plate","PAGS":null,"parent_phase":"gamma","predicted_type":false,"solutionizing_temperature":1273.15},"outputs":{"calculation_error":false,"DG":1147.4756900762,"error":-19.0086785057,"error_message":[],"LC_martensite_start":432.7142340613,"PAGS_energy":0.0,"solutioning_conditions":{"N":1,"P":101325,"T":1273.15,"X_C":0.0001879856,"X_MN":0.0003082343,"X_N":0.0000805985,"X_NI":0.2298484277,"X_SI":0.0015073427},"solutionizing_phases":["FCC_A1","HCP_A3","","","","",""]}}