{"index":1064,"components":["C","CO","FE","MN","N","NI","SI","VA"],"conditions":{"N":1,"P":101325,"T":1273.15,"X_C":0.0001880012,"X_CO":0.0175834561,"X_MN":0.0003082599,"X_N":0.0000806052,"X_NI":0.2124300105,"X_SI":0.0015074678},"reference":"Yeo1963","disabled":false,"model":"martensite_start","inputs":{"martensite_start":480.3722222222,"martensite_type":"lath","PAGS":null,"parent_phase":"gamma","predicted_type":true,"solutionizing_temperature":1273.15},"outputs":{"calculation_error":false,"DG":1300.2742362905,"error":-57.8535137971,"error_message":[],"LC_martensite_start":538.2257360193,"PAGS_energy":0.0,"solutioning_conditions":{"N":1,"P":101325,"T":1273.15,"X_C":0.0001880012,"X_CO":0.0175834561,"X_MN":0.0003082599,"X_N":0.0000806052,"X_NI":0.2124300105,"X_SI":0.0015074678},"solutionizing_phases":["FCC_A1","HCP_A3","","","","","",""]}}