{"index":1095,"components":["C","FE","MN","N","NI","SI","V","VA"],"conditions":{"N":1,"P":101325,"T":1273.15,"X_C":0.000182589,"X_MN":0.0002993857,"X_N":0.0000782847,"X_NI":0.2041899064,"X_SI":0.0555682194,"X_V":0.0095785831},"reference":"Yeo1963","disabled":false,"model":"martensite_start","inputs":{"martensite_start":383.15,"martensite_type":"plate","PAGS":null,"parent_phase":"gamma","predicted_type":true,"solutionizing_temperature":1273.15},"outputs":{"calculation_error":false,"DG":2285.8588837827,"error":-124.7677643299,"error_message":[],"LC_martensite_start":507.9177643299,"PAGS_energy":0.0,"solutioning_conditions":{"N":1,"P":101325,"T":1273.15,"X_C":0.000182589,"X_MN":0.0002993857,"X_N":0.0000782847,"X_NI":0.2041899064,"X_SI":0.0555682194,"X_V":0.0095785831},"solutionizing_phases":["HCP_A3","FCC_A1","","","","","",""]}}