{"index":1094,"components":["C","FE","MN","N","NI","SI","V","VA"],"conditions":{"N":1,"P":101325,"T":1273.15,"X_C":0.000184295,"X_MN":0.0003021829,"X_N":0.0000790162,"X_NI":0.2080991931,"X_SI":0.0374970167,"X_V":0.0096680759},"reference":"Yeo1963","disabled":false,"model":"martensite_start","inputs":{"martensite_start":427.5944444444,"martensite_type":"plate","PAGS":null,"parent_phase":"gamma","predicted_type":true,"solutionizing_temperature":1273.15},"outputs":{"calculation_error":false,"DG":1779.6082277408,"error":-63.8100834942,"error_message":[],"LC_martensite_start":491.4045279386,"PAGS_energy":0.0,"solutioning_conditions":{"N":1,"P":101325,"T":1273.15,"X_C":0.000184295,"X_MN":0.0003021829,"X_N":0.0000790162,"X_NI":0.2080991931,"X_SI":0.0374970167,"X_V":0.0096680759},"solutionizing_phases":["HCP_A3","FCC_A1","","","","","",""]}}