{"index":1081,"components":["C","FE","MN","N","NI","SI","VA"],"conditions":{"N":1,"P":101325,"T":1273.15,"X_C":0.0001878566,"X_MN":0.0003080228,"X_N":0.0000805432,"X_NI":0.2162360065,"X_SI":0.0015063083},"reference":"Yeo1963","disabled":false,"model":"martensite_start","inputs":{"martensite_start":435.9277777778,"martensite_type":"plate","PAGS":null,"parent_phase":"gamma","predicted_type":false,"solutionizing_temperature":1273.15},"outputs":{"calculation_error":false,"DG":1321.2531965181,"error":-20.5314792813,"error_message":[],"LC_martensite_start":456.4592570591,"PAGS_energy":0.0,"solutioning_conditions":{"N":1,"P":101325,"T":1273.15,"X_C":0.0001878566,"X_MN":0.0003080228,"X_N":0.0000805432,"X_NI":0.2162360065,"X_SI":0.0015063083},"solutionizing_phases":["FCC_A1","HCP_A3","","","","",""]}}