{"index":1062,"components":["AL","C","FE","MN","N","NI","SI","VA"],"conditions":{"N":1,"P":101325,"T":1273.15,"X_AL":0.0608619991,"X_C":0.000181887,"X_MN":0.0002982345,"X_N":0.0000779837,"X_NI":0.2030693978,"X_SI":0.0014584415},"reference":"Yeo1963","disabled":false,"model":"martensite_start","inputs":{"martensite_start":444.2611111111,"martensite_type":"plate","PAGS":null,"parent_phase":"gamma","predicted_type":false,"solutionizing_temperature":1273.15},"outputs":{"calculation_error":false,"DG":644.6917981187,"error":4.8631732347,"error_message":[],"LC_martensite_start":439.3979378764,"PAGS_energy":0.0,"solutioning_conditions":{"N":1,"P":101325,"T":1273.15,"X_AL":0.0608619991,"X_C":0.000181887,"X_MN":0.0002982345,"X_N":0.0000779837,"X_NI":0.2030693978,"X_SI":0.0014584415},"solutionizing_phases":["FCC_A1","HCP_A3","","","","","",""]}}