{"index":1058,"components":["C","FE","MN","N","NI","SI","VA"],"conditions":{"N":1,"P":101325,"T":1273.15,"X_C":0.0001877554,"X_MN":0.0003078568,"X_N":0.0000804998,"X_NI":0.2055536327,"X_SI":0.0015054965},"reference":"Yeo1963","disabled":false,"model":"martensite_start","inputs":{"martensite_start":474.8166666667,"martensite_type":"plate","PAGS":null,"parent_phase":"gamma","predicted_type":true,"solutionizing_temperature":1273.15},"outputs":{"calculation_error":false,"DG":1321.2812016438,"error":3.2172893683,"error_message":[],"LC_martensite_start":471.5993772984,"PAGS_energy":0.0,"solutioning_conditions":{"N":1,"P":101325,"T":1273.15,"X_C":0.0001877554,"X_MN":0.0003078568,"X_N":0.0000804998,"X_NI":0.2055536327,"X_SI":0.0015054965},"solutionizing_phases":["FCC_A1","HCP_A3","","","","",""]}}