{"index":1068,"components":["C","FE","MN","MO","N","NI","SI","VA"],"conditions":{"N":1,"P":101325,"T":1273.15,"X_C":0.0001886472,"X_MN":0.0003093192,"X_MO":0.0060192991,"X_N":0.0000808822,"X_NI":0.2149322886,"X_SI":0.001512648},"reference":"Yeo1963","disabled":false,"model":"martensite_start","inputs":{"martensite_start":427.5944444444,"martensite_type":"plate","PAGS":null,"parent_phase":"gamma","predicted_type":true,"solutionizing_temperature":1273.15},"outputs":{"calculation_error":false,"DG":1335.4955006927,"error":-19.0765885793,"error_message":[],"LC_martensite_start":446.6710330237,"PAGS_energy":0.0,"solutioning_conditions":{"N":1,"P":101325,"T":1273.15,"X_C":0.0001886472,"X_MN":0.0003093192,"X_MO":0.0060192991,"X_N":0.0000808822,"X_NI":0.2149322886,"X_SI":0.001512648},"solutionizing_phases":["HCP_A3","FCC_A1","","","","","",""]}}