{"index":1061,"components":["C","FE","MN","MO","N","NI","SI","VA"],"conditions":{"N":1,"P":101325,"T":1273.15,"X_C":0.0001903565,"X_MN":0.0003121218,"X_MO":0.0190322416,"X_N":0.000081615,"X_NI":0.21211382,"X_SI":0.0015263535},"reference":"Yeo1963","disabled":false,"model":"martensite_start","inputs":{"martensite_start":374.8166666667,"martensite_type":"plate","PAGS":null,"parent_phase":"gamma","predicted_type":true,"solutionizing_temperature":1273.15},"outputs":{"calculation_error":false,"DG":1644.3878750955,"error":-67.563555212,"error_message":[],"LC_martensite_start":442.3802218787,"PAGS_energy":0.0,"solutioning_conditions":{"N":1,"P":101325,"T":1273.15,"X_C":0.0001903565,"X_MN":0.0003121218,"X_MO":0.0190322416,"X_N":0.000081615,"X_NI":0.21211382,"X_SI":0.0015263535},"solutionizing_phases":["FCC_A1","HCP_A3","","","","","",""]}}