{"index":1074,"components":["AL","C","FE","MN","N","NI","SI","VA"],"conditions":{"N":1,"P":101325,"T":1273.15,"X_AL":0.0084985251,"X_C":0.000187023,"X_MN":0.000306656,"X_N":0.0000801858,"X_NI":0.2143974742,"X_SI":0.0014996244},"reference":"Yeo1963","disabled":false,"model":"martensite_start","inputs":{"martensite_start":444.2611111111,"martensite_type":"plate","PAGS":null,"parent_phase":"gamma","predicted_type":false,"solutionizing_temperature":1273.15},"outputs":{"calculation_error":false,"DG":1081.7542183923,"error":15.5437327268,"error_message":[],"LC_martensite_start":428.7173783843,"PAGS_energy":0.0,"solutioning_conditions":{"N":1,"P":101325,"T":1273.15,"X_AL":0.0084985251,"X_C":0.000187023,"X_MN":0.000306656,"X_N":0.0000801858,"X_NI":0.2143974742,"X_SI":0.0014996244},"solutionizing_phases":["FCC_A1","HCP_A3","","","","","",""]}}