{"index":1070,"components":["C","FE","MN","N","NI","SI","TI","VA"],"conditions":{"N":1,"P":101325,"T":1273.15,"X_C":0.0001875995,"X_MN":0.0003076012,"X_N":0.000080433,"X_NI":0.214289995,"X_SI":0.0015042465,"X_TI":0.0089921421},"reference":"Yeo1963","disabled":false,"model":"martensite_start","inputs":{"martensite_start":455.3722222222,"martensite_type":"plate","PAGS":null,"parent_phase":"gamma","predicted_type":true,"solutionizing_temperature":1273.15},"outputs":{"calculation_error":false,"DG":1279.5934902212,"error":-7.0340246397,"error_message":[],"LC_martensite_start":462.4062468619,"PAGS_energy":0.0,"solutioning_conditions":{"N":1,"P":101325,"T":1273.15,"X_C":0.0001875995,"X_MN":0.0003076012,"X_N":0.000080433,"X_NI":0.214289995,"X_SI":0.0015042465,"X_TI":0.0089921421},"solutionizing_phases":["FCC_A1","FCC_A1","","","","","",""]}}