{"index":1085,"components":["C","FE","MN","N","NI","SI","VA"],"conditions":{"N":1,"P":101325,"T":1273.15,"X_C":0.0001882904,"X_MN":0.0003087341,"X_N":0.0000807292,"X_NI":0.2620089431,"X_SI":0.0015097867},"reference":"Yeo1963","disabled":false,"model":"martensite_start","inputs":{"martensite_start":347.0388888889,"martensite_type":"plate","PAGS":null,"parent_phase":"gamma","predicted_type":false,"solutionizing_temperature":1273.15},"outputs":{"calculation_error":false,"DG":640.2763403717,"error":16.5707415623,"error_message":[],"LC_martensite_start":330.4681473266,"PAGS_energy":0.0,"solutioning_conditions":{"N":1,"P":101325,"T":1273.15,"X_C":0.0001882904,"X_MN":0.0003087341,"X_N":0.0000807292,"X_NI":0.2620089431,"X_SI":0.0015097867},"solutionizing_phases":["FCC_A1","HCP_A3","","","","",""]}}