{"index":1076,"components":["AL","C","FE","MN","N","NI","SI","VA"],"conditions":{"N":1,"P":101325,"T":1273.15,"X_AL":0.0049923464,"X_C":0.0001873669,"X_MN":0.0003072199,"X_N":0.0000803333,"X_NI":0.215155985,"X_SI":0.0015023819},"reference":"Yeo1963","disabled":false,"model":"martensite_start","inputs":{"martensite_start":447.0388888889,"martensite_type":"plate","PAGS":null,"parent_phase":"gamma","predicted_type":false,"solutionizing_temperature":1273.15},"outputs":{"calculation_error":false,"DG":1146.1527454086,"error":7.4484880786,"error_message":[],"LC_martensite_start":439.5904008103,"PAGS_energy":0.0,"solutioning_conditions":{"N":1,"P":101325,"T":1273.15,"X_AL":0.0049923464,"X_C":0.0001873669,"X_MN":0.0003072199,"X_N":0.0000803333,"X_NI":0.215155985,"X_SI":0.0015023819},"solutionizing_phases":["FCC_A1","HCP_A3","","","","","",""]}}