{"index":1073,"components":["C","FE","MN","N","NI","SI","TI","VA"],"conditions":{"N":1,"P":101325,"T":1273.15,"X_C":0.0001877091,"X_MN":0.0003077809,"X_N":0.00008048,"X_NI":0.2151196944,"X_SI":0.0015051256,"X_TI":0.0051582619},"reference":"Yeo1963","disabled":false,"model":"martensite_start","inputs":{"martensite_start":463.7055555556,"martensite_type":"plate","PAGS":null,"parent_phase":"gamma","predicted_type":true,"solutionizing_temperature":1273.15},"outputs":{"calculation_error":false,"DG":1218.2229623006,"error":3.99363721,"error_message":[],"LC_martensite_start":459.7119183456,"PAGS_energy":0.0,"solutioning_conditions":{"N":1,"P":101325,"T":1273.15,"X_C":0.0001877091,"X_MN":0.0003077809,"X_N":0.00008048,"X_NI":0.2151196944,"X_SI":0.0015051256,"X_TI":0.0051582619},"solutionizing_phases":["FCC_A1","FCC_A1","","","","","",""]}}