{"index":1092,"components":["C","FE","MN","N","NI","SI","V","VA"],"conditions":{"N":1,"P":101325,"T":1273.15,"X_C":0.0001859945,"X_MN":0.0003049696,"X_N":0.0000797449,"X_NI":0.2119939022,"X_SI":0.0194932007,"X_V":0.0097572351},"reference":"Yeo1963","disabled":false,"model":"martensite_start","inputs":{"martensite_start":458.15,"martensite_type":"lath","PAGS":null,"parent_phase":"gamma","predicted_type":true,"solutionizing_temperature":1273.15},"outputs":{"calculation_error":false,"DG":1419.9439292734,"error":-57.2742771125,"error_message":[],"LC_martensite_start":515.4242771125,"PAGS_energy":0.0,"solutioning_conditions":{"N":1,"P":101325,"T":1273.15,"X_C":0.0001859945,"X_MN":0.0003049696,"X_N":0.0000797449,"X_NI":0.2119939022,"X_SI":0.0194932007,"X_V":0.0097572351},"solutionizing_phases":["HCP_A3","FCC_A1","","","","","",""]}}