{"index":1096,"components":["C","FE","MN","N","NI","SI","V","VA"],"conditions":{"N":1,"P":101325,"T":1273.15,"X_C":0.0001810602,"X_MN":0.0002968789,"X_N":0.0000776293,"X_NI":0.2006864414,"X_SI":0.071763457,"X_V":0.0094983804},"reference":"Yeo1963","disabled":false,"model":"martensite_start","inputs":{"martensite_start":347.0388888889,"martensite_type":"plate","PAGS":null,"parent_phase":"gamma","predicted_type":true,"solutionizing_temperature":1273.15},"outputs":{"calculation_error":false,"DG":2766.3631412395,"error":-180.5222422956,"error_message":[],"LC_martensite_start":527.5611311845,"PAGS_energy":0.0,"solutioning_conditions":{"N":1,"P":101325,"T":1273.15,"X_C":0.0001810602,"X_MN":0.0002968789,"X_N":0.0000776293,"X_NI":0.2006864414,"X_SI":0.071763457,"X_V":0.0094983804},"solutionizing_phases":["FCC_A1","HCP_A3","FCC_A1","","","","",""]}}