{"index":1075,"components":["C","FE","MN","N","NI","SI","V","VA"],"conditions":{"N":1,"P":101325,"T":1273.15,"X_C":0.0001877736,"X_MN":0.0003078867,"X_N":0.0000805076,"X_NI":0.2152579072,"X_SI":0.0015056427,"X_V":0.004519371},"reference":"Yeo1963","disabled":false,"model":"martensite_start","inputs":{"martensite_start":458.15,"martensite_type":"plate","PAGS":null,"parent_phase":"gamma","predicted_type":true,"solutionizing_temperature":1273.15},"outputs":{"calculation_error":false,"DG":1246.2891274943,"error":-1.6936995125,"error_message":[],"LC_martensite_start":459.8436995125,"PAGS_energy":0.0,"solutioning_conditions":{"N":1,"P":101325,"T":1273.15,"X_C":0.0001877736,"X_MN":0.0003078867,"X_N":0.0000805076,"X_NI":0.2152579072,"X_SI":0.0015056427,"X_V":0.004519371},"solutionizing_phases":["FCC_A1","HCP_A3","","","","","",""]}}