{"index":1084,"components":["C","FE","MN","N","NI","SI","VA"],"conditions":{"N":1,"P":101325,"T":1273.15,"X_C":0.0001880686,"X_MN":0.0003083704,"X_N":0.0000806341,"X_NI":0.238609147,"X_SI":0.0015080085},"reference":"Yeo1963","disabled":false,"model":"martensite_start","inputs":{"martensite_start":402.5944444444,"martensite_type":"plate","PAGS":null,"parent_phase":"gamma","predicted_type":false,"solutionizing_temperature":1273.15},"outputs":{"calculation_error":false,"DG":1008.1016119237,"error":-10.9629828729,"error_message":[],"LC_martensite_start":413.5574273173,"PAGS_energy":0.0,"solutioning_conditions":{"N":1,"P":101325,"T":1273.15,"X_C":0.0001880686,"X_MN":0.0003083704,"X_N":0.0000806341,"X_NI":0.238609147,"X_SI":0.0015080085},"solutionizing_phases":["FCC_A1","HCP_A3","","","","",""]}}