{"index":1063,"components":["C","FE","MN","MO","N","NI","SI","VA"],"conditions":{"N":1,"P":101325,"T":1273.15,"X_C":0.0001893379,"X_MN":0.0003104516,"X_MO":0.0112772499,"X_N":0.0000811783,"X_NI":0.2137934709,"X_SI":0.0015181858},"reference":"Yeo1963","disabled":false,"model":"martensite_start","inputs":{"martensite_start":410.9277777778,"martensite_type":"plate","PAGS":null,"parent_phase":"gamma","predicted_type":true,"solutionizing_temperature":1273.15},"outputs":{"calculation_error":false,"DG":1425.7152056543,"error":-32.931093483,"error_message":[],"LC_martensite_start":443.8588712608,"PAGS_energy":0.0,"solutioning_conditions":{"N":1,"P":101325,"T":1273.15,"X_C":0.0001893379,"X_MN":0.0003104516,"X_MO":0.0112772499,"X_N":0.0000811783,"X_NI":0.2137934709,"X_SI":0.0015181858},"solutionizing_phases":["FCC_A1","HCP_A3","","","","","",""]}}