{"index":1071,"components":["AL","C","FE","MN","N","NI","SI","VA"],"conditions":{"N":1,"P":101325,"T":1273.15,"X_AL":0.0156398468,"X_C":0.0001863226,"X_MN":0.0003055075,"X_N":0.0000798855,"X_NI":0.212852553,"X_SI":0.0014940078},"reference":"Yeo1963","disabled":false,"model":"martensite_start","inputs":{"martensite_start":447.0388888889,"martensite_type":"plate","PAGS":null,"parent_phase":"gamma","predicted_type":false,"solutionizing_temperature":1273.15},"outputs":{"calculation_error":false,"DG":1247.9782400532,"error":37.8213105975,"error_message":[],"LC_martensite_start":409.2175782914,"PAGS_energy":0.0,"solutioning_conditions":{"N":1,"P":101325,"T":1273.15,"X_AL":0.0156398468,"X_C":0.0001863226,"X_MN":0.0003055075,"X_N":0.0000798855,"X_NI":0.212852553,"X_SI":0.0014940078},"solutionizing_phases":["FCC_A1","HCP_A3","","","","","",""]}}