{"index":1069,"components":["C","FE","MN","N","NI","SI","V","VA"],"conditions":{"N":1,"P":101325,"T":1273.15,"X_C":0.0001876774,"X_MN":0.0003077289,"X_N":0.0000804664,"X_NI":0.2141239995,"X_SI":0.0015048712,"X_V":0.0097586642},"reference":"Yeo1963","disabled":false,"model":"martensite_start","inputs":{"martensite_start":441.4833333333,"martensite_type":"plate","PAGS":null,"parent_phase":"gamma","predicted_type":true,"solutionizing_temperature":1273.15},"outputs":{"calculation_error":false,"DG":1368.6003789779,"error":-23.8913799302,"error_message":[],"LC_martensite_start":465.3747132635,"PAGS_energy":0.0,"solutioning_conditions":{"N":1,"P":101325,"T":1273.15,"X_C":0.0001876774,"X_MN":0.0003077289,"X_N":0.0000804664,"X_NI":0.2141239995,"X_SI":0.0015048712,"X_V":0.0097586642},"solutionizing_phases":["HCP_A3","FCC_A1","","","","","",""]}}