{"index":1089,"components":["C","CR","FE","MN","N","NI","SI","VA"],"conditions":{"N":1,"P":101325,"T":1273.15,"X_C":0.0001875026,"X_CR":0.0238267076,"X_MN":0.0003074423,"X_N":0.0000803914,"X_NI":0.2110792477,"X_SI":0.0015034698},"reference":"Yeo1963","disabled":false,"model":"martensite_start","inputs":{"martensite_start":363.7055555556,"martensite_type":"lath","PAGS":null,"parent_phase":"gamma","predicted_type":true,"solutionizing_temperature":1273.15},"outputs":{"calculation_error":false,"DG":1618.4980699575,"error":-73.5193186845,"error_message":[],"LC_martensite_start":437.2248742401,"PAGS_energy":0.0,"solutioning_conditions":{"N":1,"P":101325,"T":1273.15,"X_C":0.0001875026,"X_CR":0.0238267076,"X_MN":0.0003074423,"X_N":0.0000803914,"X_NI":0.2110792477,"X_SI":0.0015034698},"solutionizing_phases":["FCC_A1","HCP_A3","","","","","",""]}}