{"components": ["CR", "FE", "VA"], "reference": ["Mirzayev1973", "Mirzayev1985", "Morozov1980", "Wilson1965"], "phases": ["BCT_PLATE"], "output": "MS", "conditions": {"P": 101325, "N": 1, "T": [688.5665244531, 691.5728574608, 653.0357142857, 653.3648903193, 683.0803363215, 688.0473372781, 684.7475677998, 674.7197171171, 684.9370551568, 692.2529148527]}, "solver": {"mode": "manual", "sublattice_site_ratios": [1, 3], "sublattice_configurations": [[["CR", "FE"], "VA"], [["CR", "FE"], "VA"], [["CR", "FE"], "VA"], [["CR", "FE"], "VA"], [["CR", "FE"], "VA"], [["CR", "FE"], "VA"], [["CR", "FE"], "VA"], [["CR", "FE"], "VA"], [["CR", "FE"], "VA"], [["CR", "FE"], "VA"]], "sublattice_occupancies": [[[0.0522, 0.9478000000000001], 1.0], [[0.0175, 0.9825], 1.0], [[0.1, 0.8996900000000001], 1.0], [[0.0922, 0.9078], 1.0], [[0.042100000000000005, 0.9579000000000001], 1.0], [[0.045, 0.95491], 1.0], [[0.035, 0.965], 1.0], [[0.0733, 0.9267000000000001], 1.0], [[0.109, 0.891], 1.0], [[0.0502, 0.9498000000000001], 1.0]]}, "values": [[[2010.172035317, 2010.172035317, 2010.172035317, 2010.172035317, 2010.172035317, 2010.172035317, 2010.172035317, 2010.172035317, 2010.172035317, 2010.172035317], [2081.6890198935, 2081.6890198935, 2081.6890198935, 2081.6890198935, 2081.6890198935, 2081.6890198935, 2081.6890198935, 2081.6890198935, 2081.6890198935, 2081.6890198935], [2137.1984098867, 2137.1984098867, 2137.1984098867, 2137.1984098867, 2137.1984098867, 2137.1984098867, 2137.1984098867, 2137.1984098867, 2137.1984098867, 2137.1984098867], [2163.7917827512, 2163.7917827512, 2163.7917827512, 2163.7917827512, 2163.7917827512, 2163.7917827512, 2163.7917827512, 2163.7917827512, 2163.7917827512, 2163.7917827512], [2077.6893781078, 2077.6893781078, 2077.6893781078, 2077.6893781078, 2077.6893781078, 2077.6893781078, 2077.6893781078, 2077.6893781078, 2077.6893781078, 2077.6893781078], [2029.8684842674, 2029.8684842674, 2029.8684842674, 2029.8684842674, 2029.8684842674, 2029.8684842674, 2029.8684842674, 2029.8684842674, 2029.8684842674, 2029.8684842674], [2084.7227416678, 2084.7227416678, 2084.7227416678, 2084.7227416678, 2084.7227416678, 2084.7227416678, 2084.7227416678, 2084.7227416678, 2084.7227416678, 2084.7227416678], [2055.5835987283, 2055.5835987283, 2055.5835987283, 2055.5835987283, 2055.5835987283, 2055.5835987283, 2055.5835987283, 2055.5835987283, 2055.5835987283, 2055.5835987283], [1895.8570401878, 1895.8570401878, 1895.8570401878, 1895.8570401878, 1895.8570401878, 1895.8570401878, 1895.8570401878, 1895.8570401878, 1895.8570401878, 1895.8570401878], [1988.6214194385, 1988.6214194385, 1988.6214194385, 1988.6214194385, 1988.6214194385, 1988.6214194385, 1988.6214194385, 1988.6214194385, 1988.6214194385, 1988.6214194385]]]}