{"components": ["CR", "FE", "VA"], "reference": ["Mirzayev1973", "Mirzayev1985", "Morozov1980", "Pascover1968", "Wilson1965"], "phases": ["BCT_LATH"], "output": "MS", "conditions": {"P": 101325, "N": 1, "T": [764.4730625693, 802.9352512286, 743.3638853744, 747.8571428571, 773.4210126237, 778.0473372781, 782.8952780628, 750.1413212565, 760.7011145108, 748.15, 746.5841079382, 746.9129022059, 753.8954738628, 774.6821620283]}, "solver": {"mode": "manual", "sublattice_site_ratios": [1, 3], "sublattice_configurations": [[["CR", "FE"], "VA"], [["CR", "FE"], "VA"], [["CR", "FE"], "VA"], [["CR", "FE"], "VA"], [["CR", "FE"], "VA"], [["CR", "FE"], "VA"], [["CR", "FE"], "VA"], [["CR", "FE"], "VA"], [["CR", "FE"], "VA"], [["CR", "FE"], "VA"], [["CR", "FE"], "VA"], [["CR", "FE"], "VA"], [["CR", "FE"], "VA"], [["CR", "FE"], "VA"]], "sublattice_occupancies": [[[0.0524, 0.9476], 1.0], [[0.0175, 0.9825], 1.0], [[0.092, 0.908], 1.0], [[0.1, 0.8996900000000001], 1.0], [[0.042100000000000005, 0.9579000000000001], 1.0], [[0.045, 0.9548800000000001], 1.0], [[0.035, 0.965], 1.0], [[0.1, 0.9], 1.0], [[0.05, 0.9500000000000001], 1.0], [[0.102372736, 0.8975533995], 1.0], [[0.1092, 0.8908], 1.0], [[0.07350000000000001, 0.9265], 1.0], [[0.05, 0.9500000000000001], 1.0], [[0.027600000000000003, 0.9724], 1.0]]}, "values": [[[1478.5302601525, 1478.5302601525, 1478.5302601525, 1478.5302601525, 1478.5302601525, 1478.5302601525, 1478.5302601525, 1478.5302601525, 1478.5302601525, 1478.5302601525, 1478.5302601525, 1478.5302601525, 1478.5302601525, 1478.5302601525], [1308.0513951885, 1308.0513951885, 1308.0513951885, 1308.0513951885, 1308.0513951885, 1308.0513951885, 1308.0513951885, 1308.0513951885, 1308.0513951885, 1308.0513951885, 1308.0513951885, 1308.0513951885, 1308.0513951885, 1308.0513951885], [1530.376645838, 1530.376645838, 1530.376645838, 1530.376645838, 1530.376645838, 1530.376645838, 1530.376645838, 1530.376645838, 1530.376645838, 1530.376645838, 1530.376645838, 1530.376645838, 1530.376645838, 1530.376645838], [1475.1654789999, 1475.1654789999, 1475.1654789999, 1475.1654789999, 1475.1654789999, 1475.1654789999, 1475.1654789999, 1475.1654789999, 1475.1654789999, 1475.1654789999, 1475.1654789999, 1475.1654789999, 1475.1654789999, 1475.1654789999], [1443.2695979708, 1443.2695979708, 1443.2695979708, 1443.2695979708, 1443.2695979708, 1443.2695979708, 1443.2695979708, 1443.2695979708, 1443.2695979708, 1443.2695979708, 1443.2695979708, 1443.2695979708, 1443.2695979708, 1443.2695979708], [1401.7553678461, 1401.7553678461, 1401.7553678461, 1401.7553678461, 1401.7553678461, 1401.7553678461, 1401.7553678461, 1401.7553678461, 1401.7553678461, 1401.7553678461, 1401.7553678461, 1401.7553678461, 1401.7553678461, 1401.7553678461], [1397.4776737696, 1397.4776737696, 1397.4776737696, 1397.4776737696, 1397.4776737696, 1397.4776737696, 1397.4776737696, 1397.4776737696, 1397.4776737696, 1397.4776737696, 1397.4776737696, 1397.4776737696, 1397.4776737696, 1397.4776737696], [1469.0692815343, 1469.0692815343, 1469.0692815343, 1469.0692815343, 1469.0692815343, 1469.0692815343, 1469.0692815343, 1469.0692815343, 1469.0692815343, 1469.0692815343, 1469.0692815343, 1469.0692815343, 1469.0692815343, 1469.0692815343], [1509.4202682843, 1509.4202682843, 1509.4202682843, 1509.4202682843, 1509.4202682843, 1509.4202682843, 1509.4202682843, 1509.4202682843, 1509.4202682843, 1509.4202682843, 1509.4202682843, 1509.4202682843, 1509.4202682843, 1509.4202682843], [1475.3633071421, 1475.3633071421, 1475.3633071421, 1475.3633071421, 1475.3633071421, 1475.3633071421, 1475.3633071421, 1475.3633071421, 1475.3633071421, 1475.3633071421, 1475.3633071421, 1475.3633071421, 1475.3633071421, 1475.3633071421], [1474.6095053466, 1474.6095053466, 1474.6095053466, 1474.6095053466, 1474.6095053466, 1474.6095053466, 1474.6095053466, 1474.6095053466, 1474.6095053466, 1474.6095053466, 1474.6095053466, 1474.6095053466, 1474.6095053466, 1474.6095053466], [1547.3141399598, 1547.3141399598, 1547.3141399598, 1547.3141399598, 1547.3141399598, 1547.3141399598, 1547.3141399598, 1547.3141399598, 1547.3141399598, 1547.3141399598, 1547.3141399598, 1547.3141399598, 1547.3141399598, 1547.3141399598], [1555.3137959735, 1555.3137959735, 1555.3137959735, 1555.3137959735, 1555.3137959735, 1555.3137959735, 1555.3137959735, 1555.3137959735, 1555.3137959735, 1555.3137959735, 1555.3137959735, 1555.3137959735, 1555.3137959735, 1555.3137959735], [1469.3120142772, 1469.3120142772, 1469.3120142772, 1469.3120142772, 1469.3120142772, 1469.3120142772, 1469.3120142772, 1469.3120142772, 1469.3120142772, 1469.3120142772, 1469.3120142772, 1469.3120142772, 1469.3120142772, 1469.3120142772]]]}