{"index":353,"components":["C","CR","FE","MN","MO","NI","SI","VA"],"conditions":{"N":1,"P":101325,"T":1273.15,"X_C":0.0187455633,"X_CR":0.0081321038,"X_MN":0.0075966715,"X_MO":0.0001717135,"X_NI":0.0335883089,"X_SI":0.0062567784},"reference":"Cias1973","disabled":false,"model":"martensite_start","inputs":{"martensite_start":512.0,"martensite_type":"plate","PAGS":null,"parent_phase":"gamma","predicted_type":true,"solutionizing_temperature":1273.15},"outputs":{"calculation_error":false,"DG":3091.9364706039,"error":-49.8789550781,"error_message":[],"LC_martensite_start":561.8789550781,"PAGS_energy":0.0,"solutioning_conditions":{"N":1,"P":101325,"T":1273.15,"X_C":0.0187455633,"X_CR":0.0081321038,"X_MN":0.0075966715,"X_MO":0.0001717135,"X_NI":0.0335883089,"X_SI":0.0062567784},"solutionizing_phases":["FCC_A1","","","","","","",""]}}