{"index":335,"components":["C","CR","FE","MN","MO","NI","SI","VA"],"conditions":{"N":1,"P":101325,"T":1273.15,"X_C":0.0173719913,"X_CR":0.0078143935,"X_MN":0.008495326,"X_MO":0.0000572314,"X_NI":0.0136583398,"X_SI":0.0064515803},"reference":"Cias1973","disabled":false,"model":"martensite_start","inputs":{"martensite_start":607.0,"martensite_type":"lath","PAGS":null,"parent_phase":"gamma","predicted_type":true,"solutionizing_temperature":1273.15},"outputs":{"calculation_error":false,"DG":2367.7622076967,"error":-13.3708037376,"error_message":[],"LC_martensite_start":620.3708037376,"PAGS_energy":0.0,"solutioning_conditions":{"N":1,"P":101325,"T":1273.15,"X_C":0.0173719913,"X_CR":0.0078143935,"X_MN":0.008495326,"X_MO":0.0000572314,"X_NI":0.0136583398,"X_SI":0.0064515803},"solutionizing_phases":["FCC_A1","","","","","","",""]}}