{"index":368,"components":["C","CR","FE","MN","MO","NI","SI","VA"],"conditions":{"N":1,"P":101325,"T":1273.15,"X_C":0.018274577,"X_CR":0.0079149132,"X_MN":0.0072913059,"X_MO":0.0015442575,"X_NI":0.0072922407,"X_SI":0.0078150812},"reference":"Cias1973","disabled":false,"model":"martensite_start","inputs":{"martensite_start":573.0,"martensite_type":"lath","PAGS":null,"parent_phase":"gamma","predicted_type":true,"solutionizing_temperature":1273.15},"outputs":{"calculation_error":false,"DG":2697.2028838438,"error":-62.4696865082,"error_message":[],"LC_martensite_start":635.4696865082,"PAGS_energy":0.0,"solutioning_conditions":{"N":1,"P":101325,"T":1273.15,"X_C":0.018274577,"X_CR":0.0079149132,"X_MN":0.0072913059,"X_MO":0.0015442575,"X_NI":0.0072922407,"X_SI":0.0078150812},"solutionizing_phases":["FCC_A1","","","","","","",""]}}