{"index":359,"components":["C","CR","FE","MN","MO","NI","SI","VA"],"conditions":{"N":1,"P":101325,"T":1273.15,"X_C":0.0185448035,"X_CR":0.0081494919,"X_MN":0.0139428839,"X_MO":0.0014722458,"X_NI":0.0125879886,"X_SI":0.0272736744},"reference":"Cias1973","disabled":false,"model":"martensite_start","inputs":{"martensite_start":515.0,"martensite_type":"plate","PAGS":null,"parent_phase":"gamma","predicted_type":true,"solutionizing_temperature":1273.15},"outputs":{"calculation_error":false,"DG":3171.4228333278,"error":-23.8680901527,"error_message":[],"LC_martensite_start":538.8680901527,"PAGS_energy":0.0,"solutioning_conditions":{"N":1,"P":101325,"T":1273.15,"X_C":0.0185448035,"X_CR":0.0081494919,"X_MN":0.0139428839,"X_MO":0.0014722458,"X_NI":0.0125879886,"X_SI":0.0272736744},"solutionizing_phases":["FCC_A1","","","","","","",""]}}