{"index":349,"components":["C","CR","FE","MN","MO","NI","SI","VA"],"conditions":{"N":1,"P":101325,"T":1273.15,"X_C":0.0137626817,"X_CR":0.008265592,"X_MN":0.0069203175,"X_MO":0.0013783568,"X_NI":0.0168040472,"X_SI":0.0074550673},"reference":"Cias1973","disabled":false,"model":"martensite_start","inputs":{"martensite_start":615.0,"martensite_type":"lath","PAGS":null,"parent_phase":"gamma","predicted_type":true,"solutionizing_temperature":1273.15},"outputs":{"calculation_error":false,"DG":2278.1791676703,"error":-25.7803273201,"error_message":[],"LC_martensite_start":640.7803273201,"PAGS_energy":0.0,"solutioning_conditions":{"N":1,"P":101325,"T":1273.15,"X_C":0.0137626817,"X_CR":0.008265592,"X_MN":0.0069203175,"X_MO":0.0013783568,"X_NI":0.0168040472,"X_SI":0.0074550673},"solutionizing_phases":["FCC_A1","","","","","","",""]}}