{"index":336,"components":["C","CR","FE","MN","MO","NI","SI","VA"],"conditions":{"N":1,"P":101325,"T":1273.15,"X_C":0.0173850862,"X_CR":0.0077146044,"X_MN":0.0085017297,"X_MO":0.0013745897,"X_NI":0.0135750146,"X_SI":0.006847743},"reference":"Cias1973","disabled":false,"model":"martensite_start","inputs":{"martensite_start":591.0,"martensite_type":"lath","PAGS":null,"parent_phase":"gamma","predicted_type":true,"solutionizing_temperature":1273.15},"outputs":{"calculation_error":false,"DG":2480.9091987834,"error":-26.4707806349,"error_message":[],"LC_martensite_start":617.4707806349,"PAGS_energy":0.0,"solutioning_conditions":{"N":1,"P":101325,"T":1273.15,"X_C":0.0173850862,"X_CR":0.0077146044,"X_MN":0.0085017297,"X_MO":0.0013745897,"X_NI":0.0135750146,"X_SI":0.006847743},"solutionizing_phases":["FCC_A1","","","","","","",""]}}