{"index":384,"components":["C","CR","FE","MN","MO","NI","SI","VA"],"conditions":{"N":1,"P":101325,"T":1273.15,"X_C":0.018138903,"X_CR":0.0078561513,"X_MN":0.0135820934,"X_MO":0.004144217,"X_NI":0.012156299,"X_SI":0.0267618587},"reference":"Cias1973","disabled":false,"model":"martensite_start","inputs":{"martensite_start":520.0,"martensite_type":"plate","PAGS":null,"parent_phase":"gamma","predicted_type":true,"solutionizing_temperature":1273.15},"outputs":{"calculation_error":false,"DG":2999.3049661574,"error":-9.5278816223,"error_message":[],"LC_martensite_start":529.5278816223,"PAGS_energy":0.0,"solutioning_conditions":{"N":1,"P":101325,"T":1273.15,"X_C":0.018138903,"X_CR":0.0078561513,"X_MN":0.0135820934,"X_MO":0.004144217,"X_NI":0.012156299,"X_SI":0.0267618587},"solutionizing_phases":["FCC_A1","","","","","","",""]}}