{"index":369,"components":["C","CR","FE","MN","MO","NI","SI","VA"],"conditions":{"N":1,"P":101325,"T":1273.15,"X_C":0.0183319196,"X_CR":0.0081514755,"X_MN":0.0074143791,"X_MO":0.0028687094,"X_NI":0.0333869695,"X_SI":0.0060756928},"reference":"Cias1973","disabled":false,"model":"martensite_start","inputs":{"martensite_start":510.0,"martensite_type":"plate","PAGS":null,"parent_phase":"gamma","predicted_type":true,"solutionizing_temperature":1273.15},"outputs":{"calculation_error":false,"DG":2996.4027664477,"error":-43.9893579483,"error_message":[],"LC_martensite_start":553.9893579483,"PAGS_energy":0.0,"solutioning_conditions":{"N":1,"P":101325,"T":1273.15,"X_C":0.0183319196,"X_CR":0.0081514755,"X_MN":0.0074143791,"X_MO":0.0028687094,"X_NI":0.0333869695,"X_SI":0.0060756928},"solutionizing_phases":["FCC_A1","","","","","","",""]}}