{"index":352,"components":["C","CR","FE","MN","MO","NI","SI","VA"],"conditions":{"N":1,"P":101325,"T":1273.15,"X_C":0.0187400006,"X_CR":0.0079185298,"X_MN":0.0073945642,"X_MO":0.0001716626,"X_NI":0.0426510413,"X_SI":0.0078186522},"reference":"Cias1973","disabled":false,"model":"martensite_start","inputs":{"martensite_start":510.0,"martensite_type":"plate","PAGS":null,"parent_phase":"gamma","predicted_type":true,"solutionizing_temperature":1273.15},"outputs":{"calculation_error":false,"DG":3035.2370262559,"error":-45.2501850128,"error_message":[],"LC_martensite_start":555.2501850128,"PAGS_energy":0.0,"solutioning_conditions":{"N":1,"P":101325,"T":1273.15,"X_C":0.0187400006,"X_CR":0.0079185298,"X_MN":0.0073945642,"X_MO":0.0001716626,"X_NI":0.0426510413,"X_SI":0.0078186522},"solutionizing_phases":["FCC_A1","","","","","","",""]}}