{"index":366,"components":["C","CR","FE","MN","MO","NI","SI","VA"],"conditions":{"N":1,"P":101325,"T":1273.15,"X_C":0.0182915768,"X_CR":0.007922276,"X_MN":0.0072980886,"X_MO":0.0013739502,"X_NI":0.0241429264,"X_SI":0.0074312335},"reference":"Cias1973","disabled":false,"model":"martensite_start","inputs":{"martensite_start":549.0,"martensite_type":"lath","PAGS":null,"parent_phase":"gamma","predicted_type":true,"solutionizing_temperature":1273.15},"outputs":{"calculation_error":false,"DG":2786.7872395994,"error":-49.3577794075,"error_message":[],"LC_martensite_start":598.3577794075,"PAGS_energy":0.0,"solutioning_conditions":{"N":1,"P":101325,"T":1273.15,"X_C":0.0182915768,"X_CR":0.007922276,"X_MN":0.0072980886,"X_MO":0.0013739502,"X_NI":0.0241429264,"X_SI":0.0074312335},"solutionizing_phases":["FCC_A1","","","","","","",""]}}