{"index":386,"components":["C","CR","FE","MN","MO","NI","SI","VA"],"conditions":{"N":1,"P":101325,"T":1273.15,"X_C":0.0181252042,"X_CR":0.0079548878,"X_MN":0.013769965,"X_MO":0.0029498156,"X_NI":0.0124252967,"X_SI":0.0265478677},"reference":"Cias1973","disabled":false,"model":"martensite_start","inputs":{"martensite_start":519.0,"martensite_type":"plate","PAGS":null,"parent_phase":"gamma","predicted_type":true,"solutionizing_temperature":1273.15},"outputs":{"calculation_error":false,"DG":3059.0302298724,"error":-14.7570430756,"error_message":[],"LC_martensite_start":533.7570430756,"PAGS_energy":0.0,"solutioning_conditions":{"N":1,"P":101325,"T":1273.15,"X_C":0.0181252042,"X_CR":0.0079548878,"X_MN":0.013769965,"X_MO":0.0029498156,"X_NI":0.0124252967,"X_SI":0.0265478677},"solutionizing_phases":["FCC_A1","","","","","","",""]}}