{"index":305,"components":["C","CR","FE","MN","MO","NI","SI","V","VA"],"conditions":{"N":1,"P":101325,"T":1273.15,"X_C":0.0158430735,"X_CR":0.0156841216,"X_MN":0.0085106937,"X_MO":0.00328676,"X_NI":0.002130484,"X_SI":0.0305854334,"X_V":0.0007577507},"reference":"Cias1973","disabled":false,"model":"martensite_start","inputs":{"martensite_start":584.0,"martensite_type":"lath","PAGS":null,"parent_phase":"gamma","predicted_type":true,"solutionizing_temperature":1273.15},"outputs":{"calculation_error":false,"DG":2589.2677895911,"error":-44.7073760986,"error_message":[],"LC_martensite_start":628.7073760986,"PAGS_energy":0.0,"solutioning_conditions":{"N":1,"P":101325,"T":1273.15,"X_C":0.0158430735,"X_CR":0.0156841216,"X_MN":0.0085106937,"X_MO":0.00328676,"X_NI":0.002130484,"X_SI":0.0305854334,"X_V":0.0007577507},"solutionizing_phases":["FCC_A1","","","","","","","",""]}}