{"index":334,"components":["C","CR","FE","MN","MO","NI","SI","VA"],"conditions":{"N":1,"P":101325,"T":1273.15,"X_C":0.0174040665,"X_CR":0.0077230269,"X_MN":0.008410882,"X_MO":0.0027521809,"X_NI":0.0136835582,"X_SI":0.0066593557},"reference":"Cias1973","disabled":false,"model":"martensite_start","inputs":{"martensite_start":591.0,"martensite_type":"lath","PAGS":null,"parent_phase":"gamma","predicted_type":true,"solutionizing_temperature":1273.15},"outputs":{"calculation_error":false,"DG":2436.4722147909,"error":-22.245859623,"error_message":[],"LC_martensite_start":613.245859623,"PAGS_energy":0.0,"solutioning_conditions":{"N":1,"P":101325,"T":1273.15,"X_C":0.0174040665,"X_CR":0.0077230269,"X_MN":0.008410882,"X_MO":0.0027521809,"X_NI":0.0136835582,"X_SI":0.0066593557},"solutionizing_phases":["FCC_A1","","","","","","",""]}}