{"index":365,"components":["C","CR","FE","MN","MO","NI","SI","VA"],"conditions":{"N":1,"P":101325,"T":1273.15,"X_C":0.0182918829,"X_CR":0.0079224085,"X_MN":0.0071982353,"X_MO":0.0028624442,"X_NI":0.0072991464,"X_SI":0.007822482},"reference":"Cias1973","disabled":false,"model":"martensite_start","inputs":{"martensite_start":567.0,"martensite_type":"lath","PAGS":null,"parent_phase":"gamma","predicted_type":true,"solutionizing_temperature":1273.15},"outputs":{"calculation_error":false,"DG":2712.3391442424,"error":-65.9309669495,"error_message":[],"LC_martensite_start":632.9309669495,"PAGS_energy":0.0,"solutioning_conditions":{"N":1,"P":101325,"T":1273.15,"X_C":0.0182918829,"X_CR":0.0079224085,"X_MN":0.0071982353,"X_MO":0.0028624442,"X_NI":0.0072991464,"X_SI":0.007822482},"solutionizing_phases":["FCC_A1","","","","","","",""]}}