{"index":361,"components":["C","CR","FE","MN","MO","NI","SI","VA"],"conditions":{"N":1,"P":101325,"T":1273.15,"X_C":0.0185257572,"X_CR":0.008141122,"X_MN":0.0140273481,"X_MO":0.0001697001,"X_NI":0.0126675238,"X_SI":0.0274388949},"reference":"Cias1973","disabled":false,"model":"martensite_start","inputs":{"martensite_start":522.0,"martensite_type":"plate","PAGS":null,"parent_phase":"gamma","predicted_type":true,"solutionizing_temperature":1273.15},"outputs":{"calculation_error":false,"DG":3172.1385524276,"error":-22.8092737198,"error_message":[],"LC_martensite_start":544.8092737198,"PAGS_energy":0.0,"solutioning_conditions":{"N":1,"P":101325,"T":1273.15,"X_C":0.0185257572,"X_CR":0.008141122,"X_MN":0.0140273481,"X_MO":0.0001697001,"X_NI":0.0126675238,"X_SI":0.0274388949},"solutionizing_phases":["FCC_A1","","","","","","",""]}}