{"index":351,"components":["C","CR","FE","MN","MO","NI","SI","VA"],"conditions":{"N":1,"P":101325,"T":1273.15,"X_C":0.0187539285,"X_CR":0.007924415,"X_MN":0.0073000591,"X_MO":0.001488848,"X_NI":0.0424955351,"X_SI":0.0082156863},"reference":"Cias1973","disabled":false,"model":"martensite_start","inputs":{"martensite_start":506.0,"martensite_type":"plate","PAGS":null,"parent_phase":"gamma","predicted_type":true,"solutionizing_temperature":1273.15},"outputs":{"calculation_error":false,"DG":3016.0981995154,"error":-45.0484700203,"error_message":[],"LC_martensite_start":551.0484700203,"PAGS_energy":0.0,"solutioning_conditions":{"N":1,"P":101325,"T":1273.15,"X_C":0.0187539285,"X_CR":0.007924415,"X_MN":0.0073000591,"X_MO":0.001488848,"X_NI":0.0424955351,"X_SI":0.0082156863},"solutionizing_phases":["FCC_A1","","","","","","",""]}}