{"index":371,"components":["C","CR","FE","MN","MO","NI","SI","VA"],"conditions":{"N":1,"P":101325,"T":1273.15,"X_C":0.0182565549,"X_CR":0.0079071076,"X_MN":0.0073838978,"X_MO":0.0001714149,"X_NI":0.0072850492,"X_SI":0.0078073741},"reference":"Cias1973","disabled":false,"model":"martensite_start","inputs":{"martensite_start":573.0,"martensite_type":"lath","PAGS":null,"parent_phase":"gamma","predicted_type":true,"solutionizing_temperature":1273.15},"outputs":{"calculation_error":false,"DG":2736.372078226,"error":-64.8204282761,"error_message":[],"LC_martensite_start":637.8204282761,"PAGS_energy":0.0,"solutioning_conditions":{"N":1,"P":101325,"T":1273.15,"X_C":0.0182565549,"X_CR":0.0079071076,"X_MN":0.0073838978,"X_MO":0.0001714149,"X_NI":0.0072850492,"X_SI":0.0078073741},"solutionizing_phases":["FCC_A1","","","","","","",""]}}