{"index":354,"components":["C","CR","FE","MN","MO","NI","SI","VA"],"conditions":{"N":1,"P":101325,"T":1273.15,"X_C":0.0187625263,"X_CR":0.0081394626,"X_MN":0.0076035458,"X_MO":0.0014322409,"X_NI":0.0336187032,"X_SI":0.0062624402},"reference":"Cias1973","disabled":false,"model":"martensite_start","inputs":{"martensite_start":514.0,"martensite_type":"plate","PAGS":null,"parent_phase":"gamma","predicted_type":true,"solutionizing_temperature":1273.15},"outputs":{"calculation_error":false,"DG":3018.3218806239,"error":-43.151890564,"error_message":[],"LC_martensite_start":557.151890564,"PAGS_energy":0.0,"solutioning_conditions":{"N":1,"P":101325,"T":1273.15,"X_C":0.0187625263,"X_CR":0.0081394626,"X_MN":0.0076035458,"X_MO":0.0014322409,"X_NI":0.0336187032,"X_SI":0.0062624402},"solutionizing_phases":["FCC_A1","","","","","","",""]}}