{"index":370,"components":["C","CR","FE","MN","MO","NI","SI","VA"],"conditions":{"N":1,"P":101325,"T":1273.15,"X_C":0.0182736591,"X_CR":0.0079145156,"X_MN":0.0073908156,"X_MO":0.0000171576,"X_NI":0.0240257914,"X_SI":0.0074239542},"reference":"Cias1973","disabled":false,"model":"martensite_start","inputs":{"martensite_start":551.0,"martensite_type":"lath","PAGS":null,"parent_phase":"gamma","predicted_type":true,"solutionizing_temperature":1273.15},"outputs":{"calculation_error":false,"DG":2814.3098903352,"error":-50.8726492167,"error_message":[],"LC_martensite_start":601.8726492167,"PAGS_energy":0.0,"solutioning_conditions":{"N":1,"P":101325,"T":1273.15,"X_C":0.0182736591,"X_CR":0.0079145156,"X_MN":0.0073908156,"X_MO":0.0000171576,"X_NI":0.0240257914,"X_SI":0.0074239542},"solutionizing_phases":["FCC_A1","","","","","","",""]}}