{"index":350,"components":["C","CR","FE","MN","MO","NI","SI","VA"],"conditions":{"N":1,"P":101325,"T":1273.15,"X_C":0.0137581924,"X_CR":0.0104875216,"X_MN":0.0069180601,"X_MO":0.0024687504,"X_NI":0.0018769347,"X_SI":0.0078448794},"reference":"Cias1973","disabled":false,"model":"martensite_start","inputs":{"martensite_start":633.0,"martensite_type":"lath","PAGS":null,"parent_phase":"gamma","predicted_type":true,"solutionizing_temperature":1273.15},"outputs":{"calculation_error":false,"DG":2204.9710604596,"error":-31.9232236862,"error_message":[],"LC_martensite_start":664.9232236862,"PAGS_energy":0.0,"solutioning_conditions":{"N":1,"P":101325,"T":1273.15,"X_C":0.0137581924,"X_CR":0.0104875216,"X_MN":0.0069180601,"X_MO":0.0024687504,"X_NI":0.0018769347,"X_SI":0.0078448794},"solutionizing_phases":["FCC_A1","","","","","","",""]}}