{"index":298,"components":["C","CR","FE","MN","MO","NI","SI","VA"],"conditions":{"N":1,"P":101325,"T":1273.15,"X_C":0.0142247378,"X_CR":0.0083735037,"X_MN":0.0069219234,"X_MO":0.0032743571,"X_NI":0.0018779829,"X_SI":0.0074567972},"reference":"Cias1973","disabled":false,"model":"martensite_start","inputs":{"martensite_start":650.0,"martensite_type":"lath","PAGS":null,"parent_phase":"gamma","predicted_type":true,"solutionizing_temperature":1273.15},"outputs":{"calculation_error":false,"DG":2046.0171078342,"error":-15.7459998131,"error_message":[],"LC_martensite_start":665.7459998131,"PAGS_energy":0.0,"solutioning_conditions":{"N":1,"P":101325,"T":1273.15,"X_C":0.0142247378,"X_CR":0.0083735037,"X_MN":0.0069219234,"X_MO":0.0032743571,"X_NI":0.0018779829,"X_SI":0.0074567972},"solutionizing_phases":["FCC_A1","","","","","","",""]}}