{"index":332,"components":["C","CR","FE","MN","MO","NI","SI","VA"],"conditions":{"N":1,"P":101325,"T":1273.15,"X_C":0.0174225168,"X_CR":0.0079430282,"X_MN":0.0082193271,"X_MO":0.0042474436,"X_NI":0.0136980643,"X_SI":0.0066664154},"reference":"Cias1973","disabled":false,"model":"martensite_start","inputs":{"martensite_start":585.0,"martensite_type":"lath","PAGS":null,"parent_phase":"gamma","predicted_type":true,"solutionizing_temperature":1273.15},"outputs":{"calculation_error":false,"DG":2450.7637704891,"error":-24.9260001183,"error_message":[],"LC_martensite_start":609.9260001183,"PAGS_energy":0.0,"solutioning_conditions":{"N":1,"P":101325,"T":1273.15,"X_C":0.0174225168,"X_CR":0.0079430282,"X_MN":0.0082193271,"X_MO":0.0042474436,"X_NI":0.0136980643,"X_SI":0.0066664154},"solutionizing_phases":["FCC_A1","","","","","","",""]}}