{"index":367,"components":["C","CR","FE","MN","MO","NI","SI","VA"],"conditions":{"N":1,"P":101325,"T":1273.15,"X_C":0.0183228678,"X_CR":0.0079358284,"X_MN":0.0073105733,"X_MO":0.002867293,"X_NI":0.0424630036,"X_SI":0.0080316259},"reference":"Cias1973","disabled":false,"model":"martensite_start","inputs":{"martensite_start":495.0,"martensite_type":"plate","PAGS":null,"parent_phase":"gamma","predicted_type":true,"solutionizing_temperature":1273.15},"outputs":{"calculation_error":false,"DG":3050.7001754793,"error":-50.9430434704,"error_message":[],"LC_martensite_start":545.9430434704,"PAGS_energy":0.0,"solutioning_conditions":{"N":1,"P":101325,"T":1273.15,"X_C":0.0183228678,"X_CR":0.0079358284,"X_MN":0.0073105733,"X_MO":0.002867293,"X_NI":0.0424630036,"X_SI":0.0080316259},"solutionizing_phases":["FCC_A1","","","","","","",""]}}