{"index":304,"components":["C","CR","FE","MN","MO","NI","SI","V","VA"],"conditions":{"N":1,"P":101325,"T":1273.15,"X_C":0.0158513173,"X_CR":0.0126584414,"X_MN":0.0085151222,"X_MO":0.0032884702,"X_NI":0.0019462367,"X_SI":0.0300203101,"X_V":0.0003950896},"reference":"Cias1973","disabled":false,"model":"martensite_start","inputs":{"martensite_start":588.0,"martensite_type":"lath","PAGS":null,"parent_phase":"gamma","predicted_type":true,"solutionizing_temperature":1273.15},"outputs":{"calculation_error":false,"DG":2574.6931677538,"error":-50.3331893921,"error_message":[],"LC_martensite_start":638.3331893921,"PAGS_energy":0.0,"solutioning_conditions":{"N":1,"P":101325,"T":1273.15,"X_C":0.0158513173,"X_CR":0.0126584414,"X_MN":0.0085151222,"X_MO":0.0032884702,"X_NI":0.0019462367,"X_SI":0.0300203101,"X_V":0.0003950896},"solutionizing_phases":["FCC_A1","","","","","","","",""]}}