{"index":342,"components":["C","CR","FE","MN","MO","NI","SI","VA"],"conditions":{"N":1,"P":101325,"T":1273.15,"X_C":0.0178636679,"X_CR":0.0079353273,"X_MN":0.0073101116,"X_MO":0.0028097696,"X_NI":0.0235265802,"X_SI":0.0068558331},"reference":"Cias1973","disabled":false,"model":"martensite_start","inputs":{"martensite_start":534.0,"martensite_type":"plate","PAGS":null,"parent_phase":"gamma","predicted_type":true,"solutionizing_temperature":1273.15},"outputs":{"calculation_error":false,"DG":2875.1324182619,"error":-33.3472706795,"error_message":[],"LC_martensite_start":567.3472706795,"PAGS_energy":0.0,"solutioning_conditions":{"N":1,"P":101325,"T":1273.15,"X_C":0.0178636679,"X_CR":0.0079353273,"X_MN":0.0073101116,"X_MO":0.0028097696,"X_NI":0.0235265802,"X_SI":0.0068558331},"solutionizing_phases":["FCC_A1","","","","","","",""]}}