{"index":299,"components":["C","CR","FE","MN","MO","NI","SI","V","VA"],"conditions":{"N":1,"P":101325,"T":1273.15,"X_C":0.0145218693,"X_CR":0.0105874523,"X_MN":0.0085323,"X_MO":0.0027837949,"X_NI":0.0047361099,"X_SI":0.0279460992,"X_V":0.0007596744},"reference":"Cias1973","disabled":false,"model":"martensite_start","inputs":{"martensite_start":601.0,"martensite_type":"lath","PAGS":null,"parent_phase":"gamma","predicted_type":true,"solutionizing_temperature":1273.15},"outputs":{"calculation_error":false,"DG":2451.8987228676,"error":-43.5331469536,"error_message":[],"LC_martensite_start":644.5331469536,"PAGS_energy":0.0,"solutioning_conditions":{"N":1,"P":101325,"T":1273.15,"X_C":0.0145218693,"X_CR":0.0105874523,"X_MN":0.0085323,"X_MO":0.0027837949,"X_NI":0.0047361099,"X_SI":0.0279460992,"X_V":0.0007596744},"solutionizing_phases":["FCC_A1","","","","","","","",""]}}