{"components": ["AL", "FE", "NI", "VA"], "reference": ["Ishida1974"], "phases": ["BCT_LATH"], "output": "MS", "conditions": {"P": 101325, "N": 1, "T": [587.15, 597.15, 606.15, 547.15]}, "solver": {"mode": "manual", "sublattice_site_ratios": [1, 3], "sublattice_configurations": [[["AL", "FE", "NI"], "VA"], [["AL", "FE", "NI"], "VA"], [["AL", "FE", "NI"], "VA"], [["AL", "FE", "NI"], "VA"]], "sublattice_occupancies": [[[0.0090989214, 0.8099226954000001, 0.1809783832], 1.0], [[0.0259970172, 0.7840249519, 0.1899780309], 1.0], [[0.036095922600000004, 0.771925937, 0.1919781404], 1.0], [[0.0161981421, 0.7838249756, 0.19997688230000002], 1.0]]}, "values": [[[852.2216700728, 852.2216700728, 852.2216700728, 852.2216700728], [467.8589916033, 467.8589916033, 467.8589916033, 467.8589916033], [267.9007187298, 267.9007187298, 267.9007187298, 267.9007187298], [723.6805816153, 723.6805816153, 723.6805816153, 723.6805816153]]]}