{"components": ["AL", "FE", "NI", "VA"], "reference": ["Yeo1963"], "phases": ["BCT_PLATE"], "output": "MS", "conditions": {"P": 101325, "N": 1, "T": [444.2611111111, 444.2611111111, 447.0388888889, 447.0388888889, 444.2611111111]}, "solver": {"mode": "manual", "sublattice_site_ratios": [1, 3], "sublattice_configurations": [[["AL", "FE", "NI"], "VA"], [["AL", "FE", "NI"], "VA"], [["AL", "FE", "NI"], "VA"], [["AL", "FE", "NI"], "VA"], [["AL", "FE", "NI"], "VA"]], "sublattice_occupancies": [[[0.0608619991, 0.7340520564, 0.2030693978], 1.0], [[0.0343196818, 0.7548234658, 0.2088114423], 1.0], [[0.0214794383, 0.7648719462, 0.2115892423], 1.0], [[0.0156398468, 0.7694418768, 0.212852553], 1.0], [[0.008498525100000001, 0.7750305116, 0.21439747420000002], 1.0]]}, "values": [[[644.6917981187, 644.6917981187, 644.6917981187, 644.6917981187, 644.6917981187], [738.6455208834, 738.6455208834, 738.6455208834, 738.6455208834, 738.6455208834], [1178.349555883, 1178.349555883, 1178.349555883, 1178.349555883, 1178.349555883], [1247.9782400532, 1247.9782400532, 1247.9782400532, 1247.9782400532, 1247.9782400532], [1081.7542183923, 1081.7542183923, 1081.7542183923, 1081.7542183923, 1081.7542183923]]]}