{"components": ["FE", "NI", "VA"], "reference": ["Banerjee1968", "Izumiyama1970", "Jones1949", "Mirzayev1973", "Mushnikov2022", "Shibata2006", "Swanson1964", "Tsuzaki1991", "Wilson1965", "Goodenow1965", "Ishida1974"], "phases": ["BCT_LATH"], "output": "MS", "conditions": {"P": 101325, "N": 1, "T": [550.8522164098, 572.4778115411, 592.5349099503, 590.25, 658.15, 740.55, 531.0712916246, 713.0863503241, 737.6759798088, 783.0488858461, 569.920938446, 617.9532290616, 434.0, 484.0, 632.8486587228, 682.7781581278, 718.3760683761, 481.0, 645.15, 663.7, 564.15, 539.15, 579.15, 543.15]}, "solver": {"mode": "manual", "sublattice_site_ratios": [1, 3], "sublattice_configurations": [[["FE", "NI"], "VA"], [["FE", "NI"], "VA"], [["FE", "NI"], "VA"], [["FE", "NI"], "VA"], [["FE", "NI"], "VA"], [["FE", "NI"], "VA"], [["FE", "NI"], "VA"], [["FE", "NI"], "VA"], [["FE", "NI"], "VA"], [["FE", "NI"], "VA"], [["FE", "NI"], "VA"], [["FE", "NI"], "VA"], [["FE", "NI"], "VA"], [["FE", "NI"], "VA"], [["FE", "NI"], "VA"], [["FE", "NI"], "VA"], [["FE", "NI"], "VA"], [["FE", "NI"], "VA"], [["FE", "NI"], "VA"], [["FE", "NI"], "VA"], [["FE", "NI"], "VA"], [["FE", "NI"], "VA"], [["FE", "NI"], "VA"], [["FE", "NI"], "VA"]], "sublattice_occupancies": [[[0.834, 0.166], 1.0], [[0.8300000000000001, 0.17], 1.0], [[0.851, 0.149], 1.0], [[0.854, 0.146], 1.0], [[0.899, 0.101], 1.0], [[0.981, 0.019], 1.0], [[0.809781164, 0.190218836], 1.0], [[0.9524, 0.0476], 1.0], [[0.9734, 0.026600000000000002], 1.0], [[0.9906, 0.0094], 1.0], [[0.8562329682, 0.1437670318], 1.0], [[0.8562329682, 0.1437670318], 1.0], [[0.7630128702000001, 0.2369871298], 1.0], [[0.7786917073, 0.22130829270000002], 1.0], [[0.9002, 0.0998], 1.0], [[0.93, 0.07], 1.0], [[0.9500000000000001, 0.05], 1.0], [[0.7740618450000001, 0.22517149320000002], 1.0], [[0.9043, 0.09570000000000001], 1.0], [[0.9112356713, 0.0883814331], 1.0], [[0.8149219967, 0.1819780764], 1.0], [[0.8081226368000001, 0.18697766470000002], 1.0], [[0.8101225708, 0.18497787570000002], 1.0], [[0.8161218322, 0.1799782739], 1.0]]}, "values": [[[1410.7800881846, 1410.7800881846, 1410.7800881846, 1410.7800881846, 1410.7800881846, 1410.7800881846, 1410.7800881846, 1410.7800881846, 1410.7800881846, 1410.7800881846, 1410.7800881846, 1410.7800881846, 1410.7800881846, 1410.7800881846, 1410.7800881846, 1410.7800881846, 1410.7800881846, 1410.7800881846, 1410.7800881846, 1410.7800881846, 1410.7800881846, 1410.7800881846, 1410.7800881846, 1410.7800881846], [1199.6290589352, 1199.6290589352, 1199.6290589352, 1199.6290589352, 1199.6290589352, 1199.6290589352, 1199.6290589352, 1199.6290589352, 1199.6290589352, 1199.6290589352, 1199.6290589352, 1199.6290589352, 1199.6290589352, 1199.6290589352, 1199.6290589352, 1199.6290589352, 1199.6290589352, 1199.6290589352, 1199.6290589352, 1199.6290589352, 1199.6290589352, 1199.6290589352, 1199.6290589352, 1199.6290589352], [1328.5791930196, 1328.5791930196, 1328.5791930196, 1328.5791930196, 1328.5791930196, 1328.5791930196, 1328.5791930196, 1328.5791930196, 1328.5791930196, 1328.5791930196, 1328.5791930196, 1328.5791930196, 1328.5791930196, 1328.5791930196, 1328.5791930196, 1328.5791930196, 1328.5791930196, 1328.5791930196, 1328.5791930196, 1328.5791930196, 1328.5791930196, 1328.5791930196, 1328.5791930196, 1328.5791930196], [1383.4519188403, 1383.4519188403, 1383.4519188403, 1383.4519188403, 1383.4519188403, 1383.4519188403, 1383.4519188403, 1383.4519188403, 1383.4519188403, 1383.4519188403, 1383.4519188403, 1383.4519188403, 1383.4519188403, 1383.4519188403, 1383.4519188403, 1383.4519188403, 1383.4519188403, 1383.4519188403, 1383.4519188403, 1383.4519188403, 1383.4519188403, 1383.4519188403, 1383.4519188403, 1383.4519188403], [1425.8831520435, 1425.8831520435, 1425.8831520435, 1425.8831520435, 1425.8831520435, 1425.8831520435, 1425.8831520435, 1425.8831520435, 1425.8831520435, 1425.8831520435, 1425.8831520435, 1425.8831520435, 1425.8831520435, 1425.8831520435, 1425.8831520435, 1425.8831520435, 1425.8831520435, 1425.8831520435, 1425.8831520435, 1425.8831520435, 1425.8831520435, 1425.8831520435, 1425.8831520435, 1425.8831520435], [1626.4335817095, 1626.4335817095, 1626.4335817095, 1626.4335817095, 1626.4335817095, 1626.4335817095, 1626.4335817095, 1626.4335817095, 1626.4335817095, 1626.4335817095, 1626.4335817095, 1626.4335817095, 1626.4335817095, 1626.4335817095, 1626.4335817095, 1626.4335817095, 1626.4335817095, 1626.4335817095, 1626.4335817095, 1626.4335817095, 1626.4335817095, 1626.4335817095, 1626.4335817095, 1626.4335817095], [1220.9123901053, 1220.9123901053, 1220.9123901053, 1220.9123901053, 1220.9123901053, 1220.9123901053, 1220.9123901053, 1220.9123901053, 1220.9123901053, 1220.9123901053, 1220.9123901053, 1220.9123901053, 1220.9123901053, 1220.9123901053, 1220.9123901053, 1220.9123901053, 1220.9123901053, 1220.9123901053, 1220.9123901053, 1220.9123901053, 1220.9123901053, 1220.9123901053, 1220.9123901053, 1220.9123901053], [1574.321197346, 1574.321197346, 1574.321197346, 1574.321197346, 1574.321197346, 1574.321197346, 1574.321197346, 1574.321197346, 1574.321197346, 1574.321197346, 1574.321197346, 1574.321197346, 1574.321197346, 1574.321197346, 1574.321197346, 1574.321197346, 1574.321197346, 1574.321197346, 1574.321197346, 1574.321197346, 1574.321197346, 1574.321197346, 1574.321197346, 1574.321197346], [1584.4742900788, 1584.4742900788, 1584.4742900788, 1584.4742900788, 1584.4742900788, 1584.4742900788, 1584.4742900788, 1584.4742900788, 1584.4742900788, 1584.4742900788, 1584.4742900788, 1584.4742900788, 1584.4742900788, 1584.4742900788, 1584.4742900788, 1584.4742900788, 1584.4742900788, 1584.4742900788, 1584.4742900788, 1584.4742900788, 1584.4742900788, 1584.4742900788, 1584.4742900788, 1584.4742900788], [1410.4205338706, 1410.4205338706, 1410.4205338706, 1410.4205338706, 1410.4205338706, 1410.4205338706, 1410.4205338706, 1410.4205338706, 1410.4205338706, 1410.4205338706, 1410.4205338706, 1410.4205338706, 1410.4205338706, 1410.4205338706, 1410.4205338706, 1410.4205338706, 1410.4205338706, 1410.4205338706, 1410.4205338706, 1410.4205338706, 1410.4205338706, 1410.4205338706, 1410.4205338706, 1410.4205338706], [1561.905330127, 1561.905330127, 1561.905330127, 1561.905330127, 1561.905330127, 1561.905330127, 1561.905330127, 1561.905330127, 1561.905330127, 1561.905330127, 1561.905330127, 1561.905330127, 1561.905330127, 1561.905330127, 1561.905330127, 1561.905330127, 1561.905330127, 1561.905330127, 1561.905330127, 1561.905330127, 1561.905330127, 1561.905330127, 1561.905330127, 1561.905330127], [1211.0236944345, 1211.0236944345, 1211.0236944345, 1211.0236944345, 1211.0236944345, 1211.0236944345, 1211.0236944345, 1211.0236944345, 1211.0236944345, 1211.0236944345, 1211.0236944345, 1211.0236944345, 1211.0236944345, 1211.0236944345, 1211.0236944345, 1211.0236944345, 1211.0236944345, 1211.0236944345, 1211.0236944345, 1211.0236944345, 1211.0236944345, 1211.0236944345, 1211.0236944345, 1211.0236944345], [936.5996341123, 936.5996341123, 936.5996341123, 936.5996341123, 936.5996341123, 936.5996341123, 936.5996341123, 936.5996341123, 936.5996341123, 936.5996341123, 936.5996341123, 936.5996341123, 936.5996341123, 936.5996341123, 936.5996341123, 936.5996341123, 936.5996341123, 936.5996341123, 936.5996341123, 936.5996341123, 936.5996341123, 936.5996341123, 936.5996341123, 936.5996341123], [1010.2692587505, 1010.2692587505, 1010.2692587505, 1010.2692587505, 1010.2692587505, 1010.2692587505, 1010.2692587505, 1010.2692587505, 1010.2692587505, 1010.2692587505, 1010.2692587505, 1010.2692587505, 1010.2692587505, 1010.2692587505, 1010.2692587505, 1010.2692587505, 1010.2692587505, 1010.2692587505, 1010.2692587505, 1010.2692587505, 1010.2692587505, 1010.2692587505, 1010.2692587505, 1010.2692587505], [1624.0515967542, 1624.0515967542, 1624.0515967542, 1624.0515967542, 1624.0515967542, 1624.0515967542, 1624.0515967542, 1624.0515967542, 1624.0515967542, 1624.0515967542, 1624.0515967542, 1624.0515967542, 1624.0515967542, 1624.0515967542, 1624.0515967542, 1624.0515967542, 