{"components": ["FE", "NI", "VA"], "reference": ["Banerjee1968", "Hanson1920", "Izumiyama1970", "Kaufman1956", "Lecroisey1972", "Mirzayev1973", "Mushnikov2022", "Peschard1925", "Wilson1965", "Yeo1963"], "phases": ["BCT_PLATE"], "output": "MS", "conditions": {"P": 101325, "N": 1, "T": [487.0438892735, 505.7333611132, 335.6390803566, 343.1866694874, 380.6996672019, 468.5811014219, 547.3693500599, 491.05, 383.0, 383.15, 537.564319907, 587.1942936628, 648.226210464, 663.4335555664, 683.3574945406, 476.6817860747, 334.0014497709, 357.4755550669, 395.3305800767, 533.15, 601.15, 447.0388888889, 435.9277777778, 438.7055555556, 413.7055555556, 402.5944444444, 347.0388888889, 308.15]}, "solver": {"mode": "manual", "sublattice_site_ratios": [1, 3], "sublattice_configurations": [[["FE", "NI"], "VA"], [["FE", "NI"], "VA"], [["FE", "NI"], "VA"], [["FE", "NI"], "VA"], [["FE", "NI"], "VA"], [["FE", "NI"], "VA"], [["FE", "NI"], "VA"], [["FE", "NI"], "VA"], [["FE", "NI"], "VA"], [["FE", "NI"], "VA"], [["FE", "NI"], "VA"], [["FE", "NI"], "VA"], [["FE", "NI"], "VA"], [["FE", "NI"], "VA"], [["FE", "NI"], "VA"], [["FE", "NI"], "VA"], [["FE", "NI"], "VA"], [["FE", "NI"], "VA"], [["FE", "NI"], "VA"], [["FE", "NI"], "VA"], [["FE", "NI"], "VA"], [["FE", "NI"], "VA"], [["FE", "NI"], "VA"], [["FE", "NI"], "VA"], [["FE", "NI"], "VA"], [["FE", "NI"], "VA"], [["FE", "NI"], "VA"], [["FE", "NI"], "VA"]], "sublattice_occupancies": [[[0.794, 0.20600000000000002], 1.0], [[0.811, 0.189], 1.0], [[0.728, 0.272], 1.0], [[0.745, 0.255], 1.0], [[0.7530668561, 0.2469331439], 1.0], [[0.8059973547, 0.1940026453], 1.0], [[0.8558467707, 0.14415322930000002], 1.0], [[0.804, 0.196], 1.0], [[0.7625000000000001, 0.23750000000000002], 1.0], [[0.7592111595000001, 0.24078884050000002], 1.0], [[0.856, 0.14400000000000002], 1.0], [[0.9063, 0.0937], 1.0], [[0.9524, 0.0476], 1.0], [[0.9734, 0.026600000000000002], 1.0], [[0.9906, 0.0094], 1.0], [[0.8078409297, 0.1921590703], 1.0], [[0.7262996986, 0.2737003014], 1.0], [[0.7371520208, 0.2628479792], 1.0], [[0.7559931893, 0.24400681070000002], 1.0], [[0.8557, 0.1443], 1.0], [[0.9235000000000001, 0.0765], 1.0], [[0.7777743667, 0.21515598500000002], 1.0], [[0.7816812626, 0.2162360065], 1.0], [[0.7797375708000001, 0.2181794941], 1.0], [[0.7680674111, 0.2298484277], 1.0], [[0.7593057713, 0.23860914700000002], 1.0], [[0.7359035166, 0.2620089431], 1.0], [[0.7280904957000001, 0.2698211432], 1.0]]}, "values": [[[1254.5608478251, 1254.5608478251, 1254.5608478251, 1254.5608478251, 1254.5608478251, 1254.5608478251, 1254.5608478251, 1254.5608478251, 1254.5608478251, 1254.5608478251, 1254.5608478251, 1254.5608478251, 1254.5608478251, 1254.5608478251, 1254.5608478251, 1254.5608478251, 1254.5608478251, 1254.5608478251, 1254.5608478251, 1254.5608478251, 1254.5608478251, 1254.5608478251, 1254.5608478251, 1254.5608478251, 1254.5608478251, 1254.5608478251, 1254.5608478251, 1254.5608478251], [1411.1897069535, 1411.1897069535, 1411.1897069535, 1411.1897069535, 1411.1897069535, 1411.1897069535, 1411.1897069535, 1411.1897069535, 1411.1897069535, 1411.1897069535, 1411.1897069535, 1411.1897069535, 1411.1897069535, 1411.1897069535, 1411.1897069535, 1411.1897069535, 1411.1897069535, 1411.1897069535, 1411.1897069535, 1411.1897069535, 1411.1897069535, 1411.1897069535, 1411.1897069535, 1411.1897069535, 1411.1897069535, 1411.1897069535, 1411.1897069535, 1411.1897069535], [425.4363474999, 425.4363474999, 425.4363474999, 425.4363474999, 425.4363474999, 425.4363474999, 425.4363474999, 425.4363474999, 425.4363474999, 425.4363474999, 425.4363474999, 425.4363474999, 425.4363474999, 425.4363474999, 425.4363474999, 425.4363474999, 425.4363474999, 425.4363474999, 425.4363474999, 425.4363474999, 425.4363474999, 425.4363474999, 425.4363474999, 425.4363474999, 425.4363474999, 425.4363474999, 425.4363474999, 425.4363474999], [808.4135694105, 808.4135694105, 808.4135694105, 808.4135694105, 808.4135694105, 808.4135694105, 808.4135694105, 808.4135694105, 808.4135694105, 808.4135694105, 808.4135694105, 808.4135694105, 808.4135694105, 808.4135694105, 808.4135694105, 808.4135694105, 808.4135694105, 808.4135694105, 808.4135694105, 808.4135694105, 808.4135694105, 808.4135694105, 808.4135694105, 808.4135694105, 808.4135694105, 808.4135694105, 808.4135694105, 808.4135694105], [899.4624384856, 899.4624384856, 899.4624384856, 899.4624384856, 899.4624384856, 899.4624384856, 899.4624384856, 899.4624384856, 899.4624384856, 899.4624384856, 899.4624384856, 899.4624384856, 899.4624384856, 899.4624384856, 899.4624384856, 899.4624384856, 899.4624384856, 899.4624384856, 899.4624384856, 899.4624384856, 899.4624384856, 899.4624384856, 899.4624384856, 899.4624384856, 899.4624384856, 899.4624384856, 899.4624384856, 899.4624384856], [1558.8164047022, 1558.8164047022, 1558.8164047022, 1558.8164047022, 1558.8164047022, 1558.8164047022, 1558.8164047022, 1558.8164047022, 1558.8164047022, 1558.8164047022, 1558.8164047022, 1558.8164047022, 1558.8164047022, 1558.8164047022, 1558.8164047022, 1558.8164047022, 1558.8164047022, 1558.8164047022, 1558.8164047022, 1558.8164047022, 1558.8164047022, 1558.8164047022, 1558.8164047022, 1558.8164047022, 1558.8164047022, 1558.8164047022, 1558.8164047022, 1558.8164047022], [1725.911654742, 1725.911654742, 1725.911654742, 1725.911654742, 1725.911654742, 1725.911654742, 1725.911654742, 1725.911654742, 1725.911654742, 1725.911654742, 1725.911654742, 1725.911654742, 1725.911654742, 1725.911654742, 1725.911654742, 1725.911654742, 1725.911654742, 1725.911654742, 1725.911654742, 1725.911654742, 1725.911654742, 1725.911654742, 1725.911654742, 1725.911654742, 1725.911654742, 1725.911654742, 1725.911654742, 1725.911654742], [1394.5271493117, 1394.5271493117, 1394.5271493117, 1394.5271493117, 1394.5271493117, 1394.5271493117, 1394.5271493117, 1394.5271493117, 1394.5271493117, 1394.5271493117, 1394.5271493117, 1394.5271493117, 1394.5271493117, 1394.5271493117, 1394.5271493117, 1394.5271493117, 1394.5271493117, 1394.5271493117, 1394.5271493117, 1394.5271493117, 1394.5271493117, 1394.5271493117, 1394.5271493117, 1394.5271493117, 1394.5271493117, 1394.5271493117, 1394.5271493117, 1394.5271493117], [1094.9255932532, 1094.9255932532, 1094.9255932532, 1094.9255932532, 1094.9255932532, 1094.9255932532, 1094.9255932532, 1094.9255932532, 1094.9255932532, 1094.9255932532, 1094.9255932532, 1094.9255932532, 1094.9255932532, 1094.9255932532, 1094.9255932532, 1094.9255932532, 1094.9255932532, 1094.9255932532, 1094.9255932532, 1094.9255932532, 1094.9255932532, 1094.9255932532, 1094.9255932532, 1094.9255932532, 1094.9255932532, 1094.9255932532, 1094.9255932532, 1094.9255932532], [1026.3927750991, 1026.3927750991, 1026.3927750991, 1026.3927750991, 1026.3927750991, 1026.3927750991, 1026.3927750991, 1026.3927750991, 1026.3927750991, 1026.3927750991, 1026.3927750991, 1026.3927750991, 1026.3927750991, 1026.3927750991, 1026.3927750991, 1026.3927750991, 1026.3927750991, 1026.3927750991, 1026.3927750991, 1026.3927750991, 1026.3927750991, 1026.3927750991, 1026.3927750991, 1026.3927750991, 1026.3927750991, 1026.3927750991, 1026.3927750991, 1026.3927750991], [1802.1277106614, 1802.1277106614, 1802.1277106614, 1802.1277106614, 1802.1277106614, 1802.1277106614, 1802.1277106614, 1802.1277106614, 1802.1277106614, 1802.1277106614, 1802.1277106614, 1802.1277106614, 1802.1277106614, 1802.1277106614, 1802.1277106614, 1802.1277106614, 1802.1277106614, 1802.1277106614, 1802.1277106614, 1802.1277106614, 1802.1277106614, 1802.1277106614, 1802.1277106614, 1802.1277106614, 1802.1277106614, 1802.1277106614, 1802.1277106614, 1802.1277106614], [2037.6984519033, 2037.6984519033, 2037.6984519033, 2037.6984519033, 2037.6984519033, 2037.6984519033, 2037.6984519033, 2037.6984519033, 2037.6984519033, 2037.6984519033, 2037.6984519033, 2037.6984519033, 2037.6984519033, 2037.6984519033, 2037.6984519033, 2037.6984519033, 2037.6984519033, 2037.6984519033, 2037.6984519033, 2037.6984519033, 2037.6984519033, 2037.6984519033, 2037.6984519033, 2037.6984519033, 