{"index":463,"components":["C","CR","FE","N","NI","VA"],"conditions":{"N":1,"P":101325,"T":1320.0,"X_C":0.0000598751,"X_CR":0.191501778,"X_N":0.0000355449,"X_NI":0.0754000779},"reference":"Harmelin1982","disabled":false,"model":"martensite_start","inputs":{"martensite_start":358.7570621469,"martensite_type":"lath","PAGS":30.0,"parent_phase":"gamma","predicted_type":false,"solutionizing_temperature":1320.0},"outputs":{"calculation_error":false,"DG":4144.2808704983,"error":-146.6234600477,"error_message":[],"LC_martensite_start":505.3805221946,"PAGS_energy":108.6060896463,"solutioning_conditions":{"N":1,"P":101325,"T":1320.0,"X_C":0.0000598751,"X_CR":0.191501778,"X_N":0.0000355449,"X_NI":0.0754000779},"solutionizing_phases":["BCC_A2","FCC_A1","","","",""]}}