{"index":847,"components":["AL","C","CR","FE","MN","MO","N","NI","SI","V","VA"],"conditions":{"N":1,"P":101325,"T":1273.15,"X_AL":0.0002050779,"X_C":0.0078318835,"X_CR":0.0001064179,"X_MN":0.0155107622,"X_MO":0.0027107144,"X_N":0.0002370288,"X_NI":0.0001885499,"X_SI":0.0086687432,"X_V":0.0015206943},"reference":"VANITEC1985","disabled":false,"model":"martensite_start","inputs":{"martensite_start":730.0,"martensite_type":"lath","PAGS":null,"parent_phase":"gamma","predicted_type":true,"solutionizing_temperature":1273.15},"outputs":{"calculation_error":false,"DG":1412.5109088925,"error":69.0411944389,"error_message":[],"LC_martensite_start":660.9588055611,"PAGS_energy":0.0,"solutioning_conditions":{"N":1,"P":101325,"T":1273.15,"X_AL":0.0002050779,"X_C":0.0078318835,"X_CR":0.0001064179,"X_MN":0.0155107622,"X_MO":0.0027107144,"X_N":0.0002370288,"X_NI":0.0001885499,"X_SI":0.0086687432,"X_V":0.0015206943},"solutionizing_phases":["FCC_A1","FCC_A1","","","","","","","","",""]}}