{"index":942,"components":["C","CR","CU","FE","MN","MO","N","NI","SI","V","VA"],"conditions":{"N":1,"P":101325,"T":1273.15,"X_C":0.0182720778,"X_CR":0.0101297033,"X_CU":0.0017267841,"X_MN":0.0074900433,"X_MO":0.0004003083,"X_N":0.0003917062,"X_NI":0.0012152072,"X_SI":0.0052744584,"X_V":0.0006462131},"reference":"VANITEC1985","disabled":false,"model":"martensite_start","inputs":{"martensite_start":634.0,"martensite_type":"lath","PAGS":null,"parent_phase":"gamma","predicted_type":true,"solutionizing_temperature":1273.15},"outputs":{"calculation_error":false,"DG":2162.4701037946,"error":-3.0625694275,"error_message":[],"LC_martensite_start":637.0625694275,"PAGS_energy":0.0,"solutioning_conditions":{"N":1,"P":101325,"T":1273.15,"X_C":0.0182720778,"X_CR":0.0101297033,"X_CU":0.0017267841,"X_MN":0.0074900433,"X_MO":0.0004003083,"X_N":0.0003917062,"X_NI":0.0012152072,"X_SI":0.0052744584,"X_V":0.0006462131},"solutionizing_phases":["FCC_A1","FCC_A1","","","","","","","","",""]}}