{"index":874,"components":["C","CR","FE","MN","MO","NI","SI","V","VA"],"conditions":{"N":1,"P":101325,"T":1273.15,"X_C":0.0119894373,"X_CR":0.011503944,"X_MN":0.0076618592,"X_MO":0.0072161254,"X_NI":0.0067941793,"X_SI":0.0063104683,"X_V":0.0033704178},"reference":"VANITEC1985","disabled":false,"model":"martensite_start","inputs":{"martensite_start":634.0,"martensite_type":"lath","PAGS":null,"parent_phase":"gamma","predicted_type":true,"solutionizing_temperature":1273.15},"outputs":{"calculation_error":false,"DG":1971.1785829473,"error":-0.9255064011,"error_message":[],"LC_martensite_start":634.9255064011,"PAGS_energy":0.0,"solutioning_conditions":{"N":1,"P":101325,"T":1273.15,"X_C":0.0119894373,"X_CR":0.011503944,"X_MN":0.0076618592,"X_MO":0.0072161254,"X_NI":0.0067941793,"X_SI":0.0063104683,"X_V":0.0033704178},"solutionizing_phases":["FCC_A1","FCC_A1","","","","","","",""]}}