{"index":807,"components":["AL","C","FE","MN","MO","N","SI","V","VA"],"conditions":{"N":1,"P":101325,"T":1273.15,"X_AL":0.0004116858,"X_C":0.0027745054,"X_MN":0.0198146096,"X_MO":0.0010420185,"X_N":0.0001982608,"X_SI":0.0063280583,"X_V":0.0023985767},"reference":"VANITEC1985","disabled":false,"model":"martensite_start","inputs":{"martensite_start":721.0,"martensite_type":"lath","PAGS":null,"parent_phase":"gamma","predicted_type":true,"solutionizing_temperature":1273.15},"outputs":{"calculation_error":false,"DG":1489.7625797302,"error":47.6133554459,"error_message":[],"LC_martensite_start":673.3866445541,"PAGS_energy":0.0,"solutioning_conditions":{"N":1,"P":101325,"T":1273.15,"X_AL":0.0004116858,"X_C":0.0027745054,"X_MN":0.0198146096,"X_MO":0.0010420185,"X_N":0.0001982608,"X_SI":0.0063280583,"X_V":0.0023985767},"solutionizing_phases":["FCC_A1","FCC_A1","","","","","","",""]}}