{"index":854,"components":["C","CR","CU","FE","MN","MO","NI","SI","V","VA"],"conditions":{"N":1,"P":101325,"T":1273.15,"X_C":0.0046317844,"X_CR":0.0072753652,"X_CU":0.0018384327,"X_MN":0.007695858,"X_MO":0.0027832882,"X_NI":0.0080564982,"X_SI":0.0043576985,"X_V":0.0007644392},"reference":"VANITEC1985","disabled":false,"model":"martensite_start","inputs":{"martensite_start":695.0,"martensite_type":"lath","PAGS":null,"parent_phase":"gamma","predicted_type":true,"solutionizing_temperature":1273.15},"outputs":{"calculation_error":false,"DG":1750.7502073657,"error":-11.4027414322,"error_message":[],"LC_martensite_start":706.4027414322,"PAGS_energy":0.0,"solutioning_conditions":{"N":1,"P":101325,"T":1273.15,"X_C":0.0046317844,"X_CR":0.0072753652,"X_CU":0.0018384327,"X_MN":0.007695858,"X_MO":0.0027832882,"X_NI":0.0080564982,"X_SI":0.0043576985,"X_V":0.0007644392},"solutionizing_phases":["FCC_A1","","","","","","","","",""]}}