{"index":833,"components":["C","CR","FE","MN","MO","NI","SI","V","VA"],"conditions":{"N":1,"P":101325,"T":1273.15,"X_C":0.0069419767,"X_CR":0.013576667,"X_MN":0.0077907226,"X_MO":0.002607192,"X_NI":0.0402494432,"X_SI":0.003958294,"X_V":0.0010911601},"reference":"VANITEC1985","disabled":false,"model":"martensite_start","inputs":{"martensite_start":630.0,"martensite_type":"lath","PAGS":null,"parent_phase":"gamma","predicted_type":true,"solutionizing_temperature":1273.15},"outputs":{"calculation_error":false,"DG":1918.4719048632,"error":15.4338512421,"error_message":[],"LC_martensite_start":614.5661487579,"PAGS_energy":0.0,"solutioning_conditions":{"N":1,"P":101325,"T":1273.15,"X_C":0.0069419767,"X_CR":0.013576667,"X_MN":0.0077907226,"X_MO":0.002607192,"X_NI":0.0402494432,"X_SI":0.003958294,"X_V":0.0010911601},"solutionizing_phases":["FCC_A1","","","","","","","",""]}}