{"index":892,"components":["AL","C","CR","FE","MN","MO","N","NI","SI","V","VA"],"conditions":{"N":1,"P":101325,"T":1273.15,"X_AL":0.0007451758,"X_C":0.0158351956,"X_CR":0.012645567,"X_MN":0.0085064618,"X_MO":0.0032851257,"X_N":0.0008147177,"X_NI":0.0019442573,"X_SI":0.0299897776,"X_V":0.0006400343},"reference":"VANITEC1985","disabled":false,"model":"martensite_start","inputs":{"martensite_start":595.0,"martensite_type":"lath","PAGS":null,"parent_phase":"gamma","predicted_type":true,"solutionizing_temperature":1273.15},"outputs":{"calculation_error":false,"DG":2508.677057381,"error":-42.9256136417,"error_message":[],"LC_martensite_start":637.9256136417,"PAGS_energy":0.0,"solutioning_conditions":{"N":1,"P":101325,"T":1273.15,"X_AL":0.0007451758,"X_C":0.0158351956,"X_CR":0.012645567,"X_MN":0.0085064618,"X_MO":0.0032851257,"X_N":0.0008147177,"X_NI":0.0019442573,"X_SI":0.0299897776,"X_V":0.0006400343},"solutionizing_phases":["ALN_B4","FCC_A1","FCC_A1","","","","","","","",""]}}