{"index":851,"components":["C","CR","FE","MN","MO","SI","V","VA"],"conditions":{"N":1,"P":101325,"T":1273.15,"X_C":0.0083182324,"X_CR":0.0106747103,"X_MN":0.0053546308,"X_MO":0.0055539042,"X_SI":0.0051382834,"X_V":0.002070183},"reference":"VANITEC1985","disabled":false,"model":"martensite_start","inputs":{"martensite_start":695.0,"martensite_type":"lath","PAGS":null,"parent_phase":"gamma","predicted_type":true,"solutionizing_temperature":1273.15},"outputs":{"calculation_error":false,"DG":1711.9847239278,"error":-6.690870285,"error_message":[],"LC_martensite_start":701.690870285,"PAGS_energy":0.0,"solutioning_conditions":{"N":1,"P":101325,"T":1273.15,"X_C":0.0083182324,"X_CR":0.0106747103,"X_MN":0.0053546308,"X_MO":0.0055539042,"X_SI":0.0051382834,"X_V":0.002070183},"solutionizing_phases":["FCC_A1","","","","","","",""]}}