{"index":805,"components":["AL","C","FE","MN","MO","N","SI","V","VA"],"conditions":{"N":1,"P":101325,"T":1273.15,"X_AL":0.000618264,"X_C":0.0027778089,"X_MN":0.012247053,"X_MO":0.0014489711,"X_N":0.0001190981,"X_SI":0.0049496818,"X_V":0.0008732482},"reference":"VANITEC1985","disabled":false,"model":"martensite_start","inputs":{"martensite_start":743.0,"martensite_type":"lath","PAGS":null,"parent_phase":"gamma","predicted_type":true,"solutionizing_temperature":1273.15},"outputs":{"calculation_error":false,"DG":1477.0536158982,"error":19.9016920805,"error_message":[],"LC_martensite_start":723.0983079195,"PAGS_energy":0.0,"solutioning_conditions":{"N":1,"P":101325,"T":1273.15,"X_AL":0.000618264,"X_C":0.0027778089,"X_MN":0.012247053,"X_MO":0.0014489711,"X_N":0.0001190981,"X_SI":0.0049496818,"X_V":0.0008732482},"solutionizing_phases":["FCC_A1","ALN_B4","","","","","","",""]}}