{"index":811,"components":["AL","C","FE","MN","MO","N","SI","V","VA"],"conditions":{"N":1,"P":101325,"T":1273.15,"X_AL":0.0012341593,"X_C":0.003234569,"X_MN":0.0191940709,"X_MO":0.0004627825,"X_N":0.0003566099,"X_SI":0.0047425921,"X_V":0.0046847177},"reference":"VANITEC1985","disabled":false,"model":"martensite_start","inputs":{"martensite_start":638.0,"martensite_type":"lath","PAGS":null,"parent_phase":"gamma","predicted_type":true,"solutionizing_temperature":1273.15},"outputs":{"calculation_error":false,"DG":2064.3117896162,"error":-33.6586471558,"error_message":[],"LC_martensite_start":671.6586471558,"PAGS_energy":0.0,"solutioning_conditions":{"N":1,"P":101325,"T":1273.15,"X_AL":0.0012341593,"X_C":0.003234569,"X_MN":0.0191940709,"X_MO":0.0004627825,"X_N":0.0003566099,"X_SI":0.0047425921,"X_V":0.0046847177},"solutionizing_phases":["FCC_A1","FCC_A1","","","","","","",""]}}