{"index":934,"components":["C","CR","CU","FE","MN","NI","SI","V","VA"],"conditions":{"N":1,"P":101325,"T":1273.15,"X_C":0.0213920766,"X_CR":0.0126163544,"X_CU":0.0012043791,"X_MN":0.0081595096,"X_NI":0.0003725582,"X_SI":0.0068125435,"X_V":0.0011804412},"reference":"VANITEC1985","disabled":false,"model":"martensite_start","inputs":{"martensite_start":573.0,"martensite_type":"lath","PAGS":null,"parent_phase":"gamma","predicted_type":true,"solutionizing_temperature":1273.15},"outputs":{"calculation_error":false,"DG":2695.0870406305,"error":-37.196603179,"error_message":[],"LC_martensite_start":610.196603179,"PAGS_energy":0.0,"solutioning_conditions":{"N":1,"P":101325,"T":1273.15,"X_C":0.0213920766,"X_CR":0.0126163544,"X_CU":0.0012043791,"X_MN":0.0081595096,"X_NI":0.0003725582,"X_SI":0.0068125435,"X_V":0.0011804412},"solutionizing_phases":["FCC_A1","","","","","","","",""]}}