{"index":945,"components":["C","CR","FE","MN","MO","NI","SI","V","VA"],"conditions":{"N":1,"P":101325,"T":1273.15,"X_C":0.0236908372,"X_CR":0.0114709955,"X_MN":0.0069722062,"X_MO":0.0024525289,"X_NI":0.0104417704,"X_SI":0.0056501662,"X_V":0.0015038402},"reference":"VANITEC1985","disabled":false,"model":"martensite_start","inputs":{"martensite_start":534.0,"martensite_type":"plate","PAGS":null,"parent_phase":"gamma","predicted_type":true,"solutionizing_temperature":1273.15},"outputs":{"calculation_error":false,"DG":2900.7194058044,"error":-23.8057107925,"error_message":[],"LC_martensite_start":557.8057107925,"PAGS_energy":0.0,"solutioning_conditions":{"N":1,"P":101325,"T":1273.15,"X_C":0.0236908372,"X_CR":0.0114709955,"X_MN":0.0069722062,"X_MO":0.0024525289,"X_NI":0.0104417704,"X_SI":0.0056501662,"X_V":0.0015038402},"solutionizing_phases":["FCC_A1","","","","","","","",""]}}