{"index":876,"components":["C","CR","FE","MN","MO","NI","SI","V","VA"],"conditions":{"N":1,"P":101325,"T":1273.15,"X_C":0.0123833403,"X_CR":0.0061446845,"X_MN":0.0136366619,"X_MO":0.0019521877,"X_NI":0.0063820765,"X_SI":0.0098068653,"X_V":0.0008650887},"reference":"VANITEC1985","disabled":false,"model":"martensite_start","inputs":{"martensite_start":625.0,"martensite_type":"lath","PAGS":null,"parent_phase":"gamma","predicted_type":true,"solutionizing_temperature":1273.15},"outputs":{"calculation_error":false,"DG":2164.3242436598,"error":3.4656226635,"error_message":[],"LC_martensite_start":621.5343773365,"PAGS_energy":0.0,"solutioning_conditions":{"N":1,"P":101325,"T":1273.15,"X_C":0.0123833403,"X_CR":0.0061446845,"X_MN":0.0136366619,"X_MO":0.0019521877,"X_NI":0.0063820765,"X_SI":0.0098068653,"X_V":0.0008650887},"solutionizing_phases":["FCC_A1","","","","","","","",""]}}