{"index":870,"components":["C","CR","CU","FE","MN","MO","NI","SI","V","VA"],"conditions":{"N":1,"P":101325,"T":1273.15,"X_C":0.0110342116,"X_CR":0.0083898598,"X_CU":0.0014772673,"X_MN":0.0106544503,"X_MO":0.0001151141,"X_NI":0.001693486,"X_SI":0.004128911,"X_V":0.0010839934},"reference":"VANITEC1985","disabled":false,"model":"martensite_start","inputs":{"martensite_start":699.0,"martensite_type":"lath","PAGS":null,"parent_phase":"gamma","predicted_type":true,"solutionizing_temperature":1273.15},"outputs":{"calculation_error":false,"DG":1644.0139317765,"error":42.8746422529,"error_message":[],"LC_martensite_start":656.1253577471,"PAGS_energy":0.0,"solutioning_conditions":{"N":1,"P":101325,"T":1273.15,"X_C":0.0110342116,"X_CR":0.0083898598,"X_CU":0.0014772673,"X_MN":0.0106544503,"X_MO":0.0001151141,"X_NI":0.001693486,"X_SI":0.004128911,"X_V":0.0010839934},"solutionizing_phases":["FCC_A1","","","","","","","","",""]}}