{"index":948,"components":["C","CR","CU","FE","MN","NI","SI","V","VA"],"conditions":{"N":1,"P":101325,"T":1273.15,"X_C":0.0249934664,"X_CR":0.0107068452,"X_CU":0.0006012318,"X_MN":0.0097360994,"X_NI":0.0000929914,"X_SI":0.0042753596,"X_V":0.0011785638},"reference":"VANITEC1985","disabled":false,"model":"martensite_start","inputs":{"martensite_start":538.0,"martensite_type":"plate","PAGS":null,"parent_phase":"gamma","predicted_type":true,"solutionizing_temperature":1273.15},"outputs":{"calculation_error":false,"DG":3022.5172186161,"error":-16.3538606644,"error_message":[],"LC_martensite_start":554.3538606644,"PAGS_energy":0.0,"solutioning_conditions":{"N":1,"P":101325,"T":1273.15,"X_C":0.0249934664,"X_CR":0.0107068452,"X_CU":0.0006012318,"X_MN":0.0097360994,"X_NI":0.0000929914,"X_SI":0.0042753596,"X_V":0.0011785638},"solutionizing_phases":["FCC_A1","","","","","","","",""]}}