{"index":844,"components":["AL","C","FE","MN","N","SI","V","VA"],"conditions":{"N":1,"P":101325,"T":1273.15,"X_AL":0.000821706,"X_C":0.0073837134,"X_MN":0.0141246599,"X_N":0.0007122949,"X_SI":0.000789407,"X_V":0.0011968621},"reference":"VANITEC1985","disabled":false,"model":"martensite_start","inputs":{"martensite_start":638.0,"martensite_type":"lath","PAGS":null,"parent_phase":"gamma","predicted_type":true,"solutionizing_temperature":1273.15},"outputs":{"calculation_error":false,"DG":2173.6233343312,"error":-40.2250988007,"error_message":[],"LC_martensite_start":678.2250988007,"PAGS_energy":0.0,"solutioning_conditions":{"N":1,"P":101325,"T":1273.15,"X_AL":0.000821706,"X_C":0.0073837134,"X_MN":0.0141246599,"X_N":0.0007122949,"X_SI":0.000789407,"X_V":0.0011968621},"solutionizing_phases":["FCC_A1","ALN_B4","FCC_A1","","","","",""]}}