{"index":826,"components":["AL","C","CR","CU","FE","MN","MO","NI","SI","V","VA"],"conditions":{"N":1,"P":101325,"T":1273.15,"X_AL":0.0002054524,"X_C":0.0060000242,"X_CR":0.0104480027,"X_CU":0.0001744696,"X_MN":0.0060541896,"X_MO":0.001791183,"X_NI":0.0000944471,"X_SI":0.0057239233,"X_V":0.0021763876},"reference":"VANITEC1985","disabled":false,"model":"martensite_start","inputs":{"martensite_start":717.0,"martensite_type":"lath","PAGS":null,"parent_phase":"gamma","predicted_type":true,"solutionizing_temperature":1273.15},"outputs":{"calculation_error":false,"DG":1631.8357722419,"error":-2.4306999922,"error_message":[],"LC_martensite_start":719.4306999922,"PAGS_energy":0.0,"solutioning_conditions":{"N":1,"P":101325,"T":1273.15,"X_AL":0.0002054524,"X_C":0.0060000242,"X_CR":0.0104480027,"X_CU":0.0001744696,"X_MN":0.0060541896,"X_MO":0.001791183,"X_NI":0.0000944471,"X_SI":0.0057239233,"X_V":0.0021763876},"solutionizing_phases":["FCC_A1","","","","","","","","","",""]}}