{"index":867,"components":["C","CR","FE","MN","MO","NI","SI","V","VA"],"conditions":{"N":1,"P":101325,"T":1273.15,"X_C":0.0110730532,"X_CR":0.0186505543,"X_MN":0.0035303626,"X_MO":0.0028302241,"X_NI":0.0330448086,"X_SI":0.0025649899,"X_V":0.0013053711},"reference":"VANITEC1985","disabled":false,"model":"martensite_start","inputs":{"martensite_start":608.0,"martensite_type":"lath","PAGS":null,"parent_phase":"gamma","predicted_type":true,"solutionizing_temperature":1273.15},"outputs":{"calculation_error":false,"DG":2139.8246453193,"error":-2.6803115845,"error_message":[],"LC_martensite_start":610.6803115845,"PAGS_energy":0.0,"solutioning_conditions":{"N":1,"P":101325,"T":1273.15,"X_C":0.0110730532,"X_CR":0.0186505543,"X_MN":0.0035303626,"X_MO":0.0028302241,"X_NI":0.0330448086,"X_SI":0.0025649899,"X_V":0.0013053711},"solutionizing_phases":["FCC_A1","","","","","","","",""]}}