{"index":886,"components":["C","CR","FE","MN","MO","NI","SI","V","VA"],"conditions":{"N":1,"P":101325,"T":1273.15,"X_C":0.0151832825,"X_CR":0.0120095774,"X_MN":0.008952346,"X_MO":0.0068543662,"X_NI":0.001412284,"X_SI":0.0047222517,"X_V":0.0023865526},"reference":"VANITEC1985","disabled":false,"model":"martensite_start","inputs":{"martensite_start":612.0,"martensite_type":"lath","PAGS":null,"parent_phase":"gamma","predicted_type":true,"solutionizing_temperature":1273.15},"outputs":{"calculation_error":false,"DG":2159.6952115079,"error":-3.9548034668,"error_message":[],"LC_martensite_start":615.9548034668,"PAGS_energy":0.0,"solutioning_conditions":{"N":1,"P":101325,"T":1273.15,"X_C":0.0151832825,"X_CR":0.0120095774,"X_MN":0.008952346,"X_MO":0.0068543662,"X_NI":0.001412284,"X_SI":0.0047222517,"X_V":0.0023865526},"solutionizing_phases":["FCC_A1","","","","","","","",""]}}