{"index":936,"components":["C","CR","CU","FE","MN","MO","NI","SI","V","VA"],"conditions":{"N":1,"P":101325,"T":1273.15,"X_C":0.0213961001,"X_CR":0.0126187274,"X_CU":0.0013766922,"X_MN":0.0103505928,"X_MO":0.0002849544,"X_NI":0.0004657853,"X_SI":0.0068138249,"X_V":0.0012879963},"reference":"VANITEC1985","disabled":false,"model":"martensite_start","inputs":{"martensite_start":564.0,"martensite_type":"lath","PAGS":null,"parent_phase":"gamma","predicted_type":true,"solutionizing_temperature":1273.15},"outputs":{"calculation_error":false,"DG":2751.7476709417,"error":-26.5973556519,"error_message":[],"LC_martensite_start":590.5973556519,"PAGS_energy":0.0,"solutioning_conditions":{"N":1,"P":101325,"T":1273.15,"X_C":0.0213961001,"X_CR":0.0126187274,"X_CU":0.0013766922,"X_MN":0.0103505928,"X_MO":0.0002849544,"X_NI":0.0004657853,"X_SI":0.0068138249,"X_V":0.0012879963},"solutionizing_phases":["FCC_A1","","","","","","","","",""]}}