{"index":939,"components":["C","CR","FE","MN","MO","NI","SI","V","VA"],"conditions":{"N":1,"P":101325,"T":1273.15,"X_C":0.0223981818,"X_CR":0.0109811437,"X_MN":0.0077948257,"X_MO":0.0054935936,"X_NI":0.0046769825,"X_SI":0.005082486,"X_V":0.0009699644},"reference":"VANITEC1985","disabled":false,"model":"martensite_start","inputs":{"martensite_start":564.0,"martensite_type":"lath","PAGS":null,"parent_phase":"gamma","predicted_type":true,"solutionizing_temperature":1273.15},"outputs":{"calculation_error":false,"DG":2596.9280278374,"error":-26.2447534561,"error_message":[],"LC_martensite_start":590.2447534561,"PAGS_energy":0.0,"solutioning_conditions":{"N":1,"P":101325,"T":1273.15,"X_C":0.0223981818,"X_CR":0.0109811437,"X_MN":0.0077948257,"X_MO":0.0054935936,"X_NI":0.0046769825,"X_SI":0.005082486,"X_V":0.0009699644},"solutionizing_phases":["FCC_A1","","","","","","","",""]}}