{"index":894,"components":["C","CU","FE","MN","MO","SI","V","VA"],"conditions":{"N":1,"P":101325,"T":1400.0,"X_C":0.0161048323,"X_CU":0.0008696976,"X_MN":0.0151900858,"X_MO":0.0074309866,"X_SI":0.0055097558,"X_V":0.002278264},"reference":"VANITEC1985","disabled":false,"model":"martensite_start","inputs":{"martensite_start":617.0,"martensite_type":"lath","PAGS":null,"parent_phase":"gamma","predicted_type":true,"solutionizing_temperature":1400.0},"outputs":{"calculation_error":false,"DG":2060.7711641285,"error":26.0775258064,"error_message":[],"LC_martensite_start":590.9224741936,"PAGS_energy":0.0,"solutioning_conditions":{"N":1,"P":101325,"T":1400.0,"X_C":0.0161048323,"X_CU":0.0008696976,"X_MN":0.0151900858,"X_MO":0.0074309866,"X_SI":0.0055097558,"X_V":0.002278264},"solutionizing_phases":["FCC_A1","","","","","","",""]}}