{"index":846,"components":["AL","C","CR","CU","FE","MN","MO","N","NI","SI","VA"],"conditions":{"N":1,"P":101325,"T":1273.15,"X_AL":0.000634554,"X_C":0.007817254,"X_CR":0.009453505,"X_CU":0.0006083919,"X_MN":0.0084446121,"X_MO":0.0023026816,"X_N":0.000315448,"X_NI":0.0004704943,"X_SI":0.0106190391},"reference":"VANITEC1985","disabled":false,"model":"martensite_start","inputs":{"martensite_start":765.0,"martensite_type":"lath","PAGS":null,"parent_phase":"gamma","predicted_type":true,"solutionizing_temperature":1273.15},"outputs":{"calculation_error":false,"DG":1258.8947589511,"error":68.7839455605,"error_message":[],"LC_martensite_start":696.2160544395,"PAGS_energy":0.0,"solutioning_conditions":{"N":1,"P":101325,"T":1273.15,"X_AL":0.000634554,"X_C":0.007817254,"X_CR":0.009453505,"X_CU":0.0006083919,"X_MN":0.0084446121,"X_MO":0.0023026816,"X_N":0.000315448,"X_NI":0.0004704943,"X_SI":0.0106190391},"solutionizing_phases":["FCC_A1","ALN_B4","","","","","","","","",""]}}