{"index":865,"components":["AL","C","CR","CU","FE","MN","MO","NI","SI","V","VA"],"conditions":{"N":1,"P":101325,"T":1273.15,"X_AL":0.0010452043,"X_C":0.0105890561,"X_CR":0.001276169,"X_CU":0.0006961447,"X_MN":0.006542412,"X_MO":0.0028818278,"X_NI":0.0004710624,"X_SI":0.00590659,"X_V":0.0003256471},"reference":"VANITEC1985","disabled":false,"model":"martensite_start","inputs":{"martensite_start":695.0,"martensite_type":"lath","PAGS":null,"parent_phase":"gamma","predicted_type":true,"solutionizing_temperature":1273.15},"outputs":{"calculation_error":false,"DG":1763.9050371033,"error":-12.7193346024,"error_message":[],"LC_martensite_start":707.7193346024,"PAGS_energy":0.0,"solutioning_conditions":{"N":1,"P":101325,"T":1273.15,"X_AL":0.0010452043,"X_C":0.0105890561,"X_CR":0.001276169,"X_CU":0.0006961447,"X_MN":0.006542412,"X_MO":0.0028818278,"X_NI":0.0004710624,"X_SI":0.00590659,"X_V":0.0003256471},"solutionizing_phases":["FCC_A1","","","","","","","","","",""]}}