{"index":852,"components":["AL","C","CR","CU","FE","MN","N","NI","SI","V","VA"],"conditions":{"N":1,"P":101325,"T":1273.15,"X_AL":0.0006139481,"X_C":0.0087349893,"X_CR":0.0010619555,"X_CU":0.0017378764,"X_MN":0.0144732608,"X_N":0.0003942224,"X_NI":0.0007526236,"X_SI":0.0072743913,"X_V":0.0018426985},"reference":"VANITEC1985","disabled":false,"model":"martensite_start","inputs":{"martensite_start":669.0,"martensite_type":"lath","PAGS":null,"parent_phase":"gamma","predicted_type":true,"solutionizing_temperature":1273.15},"outputs":{"calculation_error":false,"DG":1889.1595863398,"error":7.2584269524,"error_message":[],"LC_martensite_start":661.7415730476,"PAGS_energy":0.0,"solutioning_conditions":{"N":1,"P":101325,"T":1273.15,"X_AL":0.0006139481,"X_C":0.0087349893,"X_CR":0.0010619555,"X_CU":0.0017378764,"X_MN":0.0144732608,"X_N":0.0003942224,"X_NI":0.0007526236,"X_SI":0.0072743913,"X_V":0.0018426985},"solutionizing_phases":["FCC_A1","FCC_A1","","","","","","","","",""]}}