{"index":959,"components":["AL","C","CR","CU","FE","MN","N","NI","SI","V","VA"],"conditions":{"N":1,"P":101325,"T":1273.15,"X_AL":0.0001202141,"X_C":0.028805962,"X_CR":0.0130999761,"X_CU":0.0002552136,"X_MN":0.0071832402,"X_N":0.0004631441,"X_NI":0.0004605231,"X_SI":0.0157834675,"X_V":0.0016979269},"reference":"VANITEC1985","disabled":false,"model":"martensite_start","inputs":{"martensite_start":469.0,"martensite_type":"plate","PAGS":null,"parent_phase":"gamma","predicted_type":true,"solutionizing_temperature":1273.15},"outputs":{"calculation_error":false,"DG":3716.8999068475,"error":-94.3276035309,"error_message":[],"LC_martensite_start":563.3276035309,"PAGS_energy":0.0,"solutioning_conditions":{"N":1,"P":101325,"T":1273.15,"X_AL":0.0001202141,"X_C":0.028805962,"X_CR":0.0130999761,"X_CU":0.0002552136,"X_MN":0.0071832402,"X_N":0.0004631441,"X_NI":0.0004605231,"X_SI":0.0157834675,"X_V":0.0016979269},"solutionizing_phases":["FCC_A1","FCC_A1","","","","","","","","",""]}}