{"index":803,"components":["AL","C","CR","FE","MN","MO","NI","SI","V","VA"],"conditions":{"N":1,"P":101325,"T":1273.15,"X_AL":0.0011751222,"X_C":0.0018525356,"X_CR":0.0002139607,"X_MN":0.0120489344,"X_MO":0.0019133266,"X_NI":0.0001895464,"X_SI":0.0059417445,"X_V":0.0009827559},"reference":"VANITEC1985","disabled":false,"model":"martensite_start","inputs":{"martensite_start":769.0,"martensite_type":"lath","PAGS":null,"parent_phase":"gamma","predicted_type":true,"solutionizing_temperature":1273.15},"outputs":{"calculation_error":false,"DG":1336.0376067413,"error":36.0174666405,"error_message":[],"LC_martensite_start":732.9825333595,"PAGS_energy":0.0,"solutioning_conditions":{"N":1,"P":101325,"T":1273.15,"X_AL":0.0011751222,"X_C":0.0018525356,"X_CR":0.0002139607,"X_MN":0.0120489344,"X_MO":0.0019133266,"X_NI":0.0001895464,"X_SI":0.0059417445,"X_V":0.0009827559},"solutionizing_phases":["FCC_A1","","","","","","","","",""]}}