{"index":882,"components":["AL","C","CR","FE","MN","MO","N","NI","SI","V","VA"],"conditions":{"N":1,"P":101325,"T":1273.15,"X_AL":0.0007459537,"X_C":0.0144930073,"X_CR":0.0105664099,"X_MN":0.0085153421,"X_MO":0.0027782621,"X_N":0.0008544049,"X_NI":0.004726697,"X_SI":0.029827401,"X_V":0.0007474862},"reference":"VANITEC1985","disabled":false,"model":"martensite_start","inputs":{"martensite_start":608.0,"martensite_type":"lath","PAGS":null,"parent_phase":"gamma","predicted_type":true,"solutionizing_temperature":1273.15},"outputs":{"calculation_error":false,"DG":2406.9548427052,"error":-38.8295394897,"error_message":[],"LC_martensite_start":646.8295394897,"PAGS_energy":0.0,"solutioning_conditions":{"N":1,"P":101325,"T":1273.15,"X_AL":0.0007459537,"X_C":0.0144930073,"X_CR":0.0105664099,"X_MN":0.0085153421,"X_MO":0.0027782621,"X_N":0.0008544049,"X_NI":0.004726697,"X_SI":0.029827401,"X_V":0.0007474862},"solutionizing_phases":["ALN_B4","FCC_A1","FCC_A1","","","","","","","",""]}}