{"index":884,"components":["AL","C","CR","FE","MN","MO","N","NI","SI","V","VA"],"conditions":{"N":1,"P":101325,"T":1273.15,"X_AL":0.0008058633,"X_C":0.0149352927,"X_CR":0.0084680296,"X_MN":0.0085092908,"X_MO":0.0022663574,"X_N":0.0007761797,"X_NI":0.0166706047,"X_SI":0.0313545788,"X_V":0.000746955},"reference":"VANITEC1985","disabled":false,"model":"martensite_start","inputs":{"martensite_start":599.0,"martensite_type":"lath","PAGS":null,"parent_phase":"gamma","predicted_type":true,"solutionizing_temperature":1273.15},"outputs":{"calculation_error":false,"DG":2417.8265268941,"error":-26.9193996429,"error_message":[],"LC_martensite_start":625.9193996429,"PAGS_energy":0.0,"solutioning_conditions":{"N":1,"P":101325,"T":1273.15,"X_AL":0.0008058633,"X_C":0.0149352927,"X_CR":0.0084680296,"X_MN":0.0085092908,"X_MO":0.0022663574,"X_N":0.0007761797,"X_NI":0.0166706047,"X_SI":0.0313545788,"X_V":0.000746955},"solutionizing_phases":["FCC_A1","ALN_B4","FCC_A1","","","","","","","",""]}}