{"index":840,"components":["AL","C","CR","FE","MN","MO","NI","SI","V","VA"],"conditions":{"N":1,"P":101325,"T":1273.15,"X_AL":0.0003077053,"X_C":0.0073733031,"X_CR":0.0105384041,"X_MN":0.0112837965,"X_MO":0.0001153827,"X_NI":0.0011316247,"X_SI":0.0043356173,"X_V":0.0001086522},"reference":"VANITEC1985","disabled":false,"model":"martensite_start","inputs":{"martensite_start":665.0,"martensite_type":"lath","PAGS":null,"parent_phase":"gamma","predicted_type":true,"solutionizing_temperature":1273.15},"outputs":{"calculation_error":false,"DG":1982.9869628256,"error":-14.2345981598,"error_message":[],"LC_martensite_start":679.2345981598,"PAGS_energy":0.0,"solutioning_conditions":{"N":1,"P":101325,"T":1273.15,"X_AL":0.0003077053,"X_C":0.0073733031,"X_CR":0.0105384041,"X_MN":0.0112837965,"X_MO":0.0001153827,"X_NI":0.0011316247,"X_SI":0.0043356173,"X_V":0.0001086522},"solutionizing_phases":["FCC_A1","","","","","","","","",""]}}