{"index":862,"components":["AL","C","CR","CU","FE","MN","MO","NI","SI","V","VA"],"conditions":{"N":1,"P":101325,"T":1273.15,"X_AL":0.000901172,"X_C":0.0101222274,"X_CR":0.0104154259,"X_CU":0.0000869628,"X_MN":0.0145853391,"X_MO":0.0025919972,"X_NI":0.0000941526,"X_SI":0.0059028375,"X_V":0.0003254402},"reference":"VANITEC1985","disabled":false,"model":"martensite_start","inputs":{"martensite_start":617.0,"martensite_type":"lath","PAGS":null,"parent_phase":"gamma","predicted_type":true,"solutionizing_temperature":1273.15},"outputs":{"calculation_error":false,"DG":2267.2377973595,"error":-16.7345341135,"error_message":[],"LC_martensite_start":633.7345341135,"PAGS_energy":0.0,"solutioning_conditions":{"N":1,"P":101325,"T":1273.15,"X_AL":0.000901172,"X_C":0.0101222274,"X_CR":0.0104154259,"X_CU":0.0000869628,"X_MN":0.0145853391,"X_MO":0.0025919972,"X_NI":0.0000941526,"X_SI":0.0059028375,"X_V":0.0003254402},"solutionizing_phases":["FCC_A1","","","","","","","","","",""]}}