{"index":812,"components":["C","CR","FE","MN","MO","NI","V","VA"],"conditions":{"N":1,"P":101325,"T":1273.15,"X_C":0.0037220031,"X_CR":0.0021493854,"X_MN":0.0106799977,"X_MO":0.0043683418,"X_NI":0.0190412647,"X_V":0.0027423529},"reference":"VANITEC1985","disabled":false,"model":"martensite_start","inputs":{"martensite_start":717.0,"martensite_type":"lath","PAGS":null,"parent_phase":"gamma","predicted_type":true,"solutionizing_temperature":1273.15},"outputs":{"calculation_error":false,"DG":1458.364083977,"error":38.7083559036,"error_message":[],"LC_martensite_start":678.2916440964,"PAGS_energy":0.0,"solutioning_conditions":{"N":1,"P":101325,"T":1273.15,"X_C":0.0037220031,"X_CR":0.0021493854,"X_MN":0.0106799977,"X_MO":0.0043683418,"X_NI":0.0190412647,"X_V":0.0027423529},"solutionizing_phases":["FCC_A1","","","","","","",""]}}