{"index":946,"components":["C","CR","FE","MN","MO","NI","SI","V","VA"],"conditions":{"N":1,"P":101325,"T":1273.15,"X_C":0.0249079522,"X_CR":0.0010460992,"X_MN":0.0049504019,"X_MO":0.0031182191,"X_NI":0.0009267325,"X_SI":0.0168492567,"X_V":0.0023490627},"reference":"VANITEC1985","disabled":false,"model":"martensite_start","inputs":{"martensite_start":564.0,"martensite_type":"lath","PAGS":null,"parent_phase":"gamma","predicted_type":true,"solutionizing_temperature":1273.15},"outputs":{"calculation_error":false,"DG":2762.7533218889,"error":-96.92797966,"error_message":[],"LC_martensite_start":660.92797966,"PAGS_energy":0.0,"solutioning_conditions":{"N":1,"P":101325,"T":1273.15,"X_C":0.0249079522,"X_CR":0.0010460992,"X_MN":0.0049504019,"X_MO":0.0031182191,"X_NI":0.0009267325,"X_SI":0.0168492567,"X_V":0.0023490627},"solutionizing_phases":["FCC_A1","FCC_A1","","","","","","",""]}}