{"index":954,"components":["AL","C","CR","CU","FE","MN","MO","NI","SI","V","VA"],"conditions":{"N":1,"P":101325,"T":1273.15,"X_AL":0.0002024009,"X_C":0.0254623718,"X_CR":0.0079821883,"X_CU":0.0005156348,"X_MN":0.0066601,"X_MO":0.0013661257,"X_NI":0.0142357814,"X_SI":0.0060277979,"X_V":0.0015008437},"reference":"VANITEC1985","disabled":false,"model":"martensite_start","inputs":{"martensite_start":508.0,"martensite_type":"plate","PAGS":null,"parent_phase":"gamma","predicted_type":true,"solutionizing_temperature":1273.15},"outputs":{"calculation_error":false,"DG":3157.1786611778,"error":-56.1141136169,"error_message":[],"LC_martensite_start":564.1141136169,"PAGS_energy":0.0,"solutioning_conditions":{"N":1,"P":101325,"T":1273.15,"X_AL":0.0002024009,"X_C":0.0254623718,"X_CR":0.0079821883,"X_CU":0.0005156348,"X_MN":0.0066601,"X_MO":0.0013661257,"X_NI":0.0142357814,"X_SI":0.0060277979,"X_V":0.0015008437},"solutionizing_phases":["FCC_A1","","","","","","","","","",""]}}