{"index":906,"components":["C","CR","CU","FE","MN","MO","N","NI","SI","VA"],"conditions":{"N":1,"P":101325,"T":1273.15,"X_C":0.0178224624,"X_CR":0.009922669,"X_CU":0.0018138547,"X_MN":0.0074930647,"X_MO":0.0001716299,"X_N":0.0003918642,"X_NI":0.0017767886,"X_SI":0.0050811569},"reference":"VANITEC1985","disabled":false,"model":"martensite_start","inputs":{"martensite_start":660.0,"martensite_type":"lath","PAGS":null,"parent_phase":"gamma","predicted_type":true,"solutionizing_temperature":1273.15},"outputs":{"calculation_error":false,"DG":1945.6438456288,"error":20.2632222176,"error_message":[],"LC_martensite_start":639.7367777824,"PAGS_energy":0.0,"solutioning_conditions":{"N":1,"P":101325,"T":1273.15,"X_C":0.0178224624,"X_CR":0.009922669,"X_CU":0.0018138547,"X_MN":0.0074930647,"X_MO":0.0001716299,"X_N":0.0003918642,"X_NI":0.0017767886,"X_SI":0.0050811569},"solutionizing_phases":["FCC_A1","","","","","","","","",""]}}