{"index":955,"components":["C","CR","CU","FE","MN","MO","NI","SI","V","VA"],"conditions":{"N":1,"P":101325,"T":1273.15,"X_C":0.0261634089,"X_CR":0.0132332831,"X_CU":0.001193643,"X_MN":0.0007889536,"X_MO":0.0001129445,"X_NI":0.0005538557,"X_SI":0.0171689012,"X_V":0.0011699185},"reference":"VANITEC1985","disabled":false,"model":"martensite_start","inputs":{"martensite_start":538.0,"martensite_type":"plate","PAGS":null,"parent_phase":"gamma","predicted_type":true,"solutionizing_temperature":1273.15},"outputs":{"calculation_error":false,"DG":2894.4805494242,"error":-67.0826343536,"error_message":[],"LC_martensite_start":605.0826343536,"PAGS_energy":0.0,"solutioning_conditions":{"N":1,"P":101325,"T":1273.15,"X_C":0.0261634089,"X_CR":0.0132332831,"X_CU":0.001193643,"X_MN":0.0007889536,"X_MO":0.0001129445,"X_NI":0.0005538557,"X_SI":0.0171689012,"X_V":0.0011699185},"solutionizing_phases":["FCC_A1","","","","","","","","",""]}}