{"index":823,"components":["AL","C","CR","CU","FE","MN","MO","NI","SI","V","VA"],"conditions":{"N":1,"P":101325,"T":1273.15,"X_AL":0.0012798535,"X_C":0.0055647826,"X_CR":0.0061057548,"X_CU":0.0021912255,"X_MN":0.0076036714,"X_MO":0.0027866139,"X_NI":0.0248626434,"X_SI":0.0011898833,"X_V":0.0005466805},"reference":"VANITEC1985","disabled":false,"model":"martensite_start","inputs":{"martensite_start":673.0,"martensite_type":"lath","PAGS":null,"parent_phase":"gamma","predicted_type":true,"solutionizing_temperature":1273.15},"outputs":{"calculation_error":false,"DG":1771.9258717422,"error":2.983449173,"error_message":[],"LC_martensite_start":670.016550827,"PAGS_energy":0.0,"solutioning_conditions":{"N":1,"P":101325,"T":1273.15,"X_AL":0.0012798535,"X_C":0.0055647826,"X_CR":0.0061057548,"X_CU":0.0021912255,"X_MN":0.0076036714,"X_MO":0.0027866139,"X_NI":0.0248626434,"X_SI":0.0011898833,"X_V":0.0005466805},"solutionizing_phases":["FCC_A1","","","","","","","","","",""]}}