{"index":893,"components":["AL","C","CR","FE","MN","MO","N","NI","SI","V","VA"],"conditions":{"N":1,"P":101325,"T":1273.15,"X_AL":0.0007852524,"X_C":0.0158311002,"X_CR":0.0156722685,"X_MN":0.0085042619,"X_MO":0.003284276,"X_N":0.0008532931,"X_NI":0.0021288739,"X_SI":0.0299820215,"X_V":0.0007465135},"reference":"VANITEC1985","disabled":false,"model":"martensite_start","inputs":{"martensite_start":595.0,"martensite_type":"lath","PAGS":null,"parent_phase":"gamma","predicted_type":true,"solutionizing_temperature":1273.15},"outputs":{"calculation_error":false,"DG":2500.1566744029,"error":-34.5885853767,"error_message":[],"LC_martensite_start":629.5885853767,"PAGS_energy":0.0,"solutioning_conditions":{"N":1,"P":101325,"T":1273.15,"X_AL":0.0007852524,"X_C":0.0158311002,"X_CR":0.0156722685,"X_MN":0.0085042619,"X_MO":0.003284276,"X_N":0.0008532931,"X_NI":0.0021288739,"X_SI":0.0299820215,"X_V":0.0007465135},"solutionizing_phases":["ALN_B4","FCC_A1","FCC_A1","","","","","","","",""]}}