{"index":838,"components":["AL","C","CR","FE","MN","MO","NI","SI","V","VA"],"conditions":{"N":1,"P":101325,"T":1273.15,"X_AL":0.0006149873,"X_C":0.0073682319,"X_CR":0.0207431861,"X_MN":0.0050339445,"X_MO":0.000172955,"X_NI":0.0190359135,"X_SI":0.0061050771,"X_V":0.0001085775},"reference":"VANITEC1985","disabled":false,"model":"martensite_start","inputs":{"martensite_start":725.0,"martensite_type":"lath","PAGS":null,"parent_phase":"gamma","predicted_type":true,"solutionizing_temperature":1273.15},"outputs":{"calculation_error":false,"DG":1442.6058208582,"error":58.4141016006,"error_message":[],"LC_martensite_start":666.5858983994,"PAGS_energy":0.0,"solutioning_conditions":{"N":1,"P":101325,"T":1273.15,"X_AL":0.0006149873,"X_C":0.0073682319,"X_CR":0.0207431861,"X_MN":0.0050339445,"X_MO":0.000172955,"X_NI":0.0190359135,"X_SI":0.0061050771,"X_V":0.0001085775},"solutionizing_phases":["FCC_A1","","","","","","","","",""]}}