{"index":864,"components":["C","CR","CU","FE","MN","MO","NI","SI","V","VA"],"conditions":{"N":1,"P":101325,"T":1273.15,"X_C":0.01057454,"X_CR":0.0164612533,"X_CU":0.0009558867,"X_MN":0.0053272691,"X_MO":0.0016691688,"X_NI":0.0028225,"X_SI":0.0058984929,"X_V":0.002276405},"reference":"VANITEC1985","disabled":false,"model":"martensite_start","inputs":{"martensite_start":621.0,"martensite_type":"lath","PAGS":null,"parent_phase":"gamma","predicted_type":true,"solutionizing_temperature":1273.15},"outputs":{"calculation_error":false,"DG":2264.1946233103,"error":-50.4236772537,"error_message":[],"LC_martensite_start":671.4236772537,"PAGS_energy":0.0,"solutioning_conditions":{"N":1,"P":101325,"T":1273.15,"X_C":0.01057454,"X_CR":0.0164612533,"X_CU":0.0009558867,"X_MN":0.0053272691,"X_MO":0.0016691688,"X_NI":0.0028225,"X_SI":0.0058984929,"X_V":0.002276405},"solutionizing_phases":["FCC_A1","","","","","","","","",""]}}