{"index":909,"components":["C","CR","FE","MN","MO","NI","SI","V","VA"],"conditions":{"N":1,"P":101325,"T":1273.15,"X_C":0.0136299973,"X_CR":0.0081859044,"X_MN":0.0068535995,"X_MO":0.0017632131,"X_NI":0.015898263,"X_SI":0.0272012404,"X_V":0.0004284805},"reference":"VANITEC1985","disabled":false,"model":"martensite_start","inputs":{"martensite_start":595.0,"martensite_type":"lath","PAGS":null,"parent_phase":"gamma","predicted_type":true,"solutionizing_temperature":1273.15},"outputs":{"calculation_error":false,"DG":2489.1895944343,"error":-53.0662379265,"error_message":[],"LC_martensite_start":648.0662379265,"PAGS_energy":0.0,"solutioning_conditions":{"N":1,"P":101325,"T":1273.15,"X_C":0.0136299973,"X_CR":0.0081859044,"X_MN":0.0068535995,"X_MO":0.0017632131,"X_NI":0.015898263,"X_SI":0.0272012404,"X_V":0.0004284805},"solutionizing_phases":["FCC_A1","","","","","","","",""]}}