{"index":822,"components":["AL","C","CR","CU","FE","MN","MO","NI","SI","V","VA"],"conditions":{"N":1,"P":101325,"T":1273.15,"X_AL":0.0002061542,"X_C":0.0055574025,"X_CR":0.0124092674,"X_CU":0.0001750656,"X_MN":0.006581109,"X_MO":0.0059137013,"X_NI":0.0000947697,"X_SI":0.0051493227,"X_V":0.0028389683},"reference":"VANITEC1985","disabled":false,"model":"martensite_start","inputs":{"martensite_start":738.0,"martensite_type":"lath","PAGS":null,"parent_phase":"gamma","predicted_type":true,"solutionizing_temperature":1273.15},"outputs":{"calculation_error":false,"DG":1452.607621079,"error":26.6396226883,"error_message":[],"LC_martensite_start":711.3603773117,"PAGS_energy":0.0,"solutioning_conditions":{"N":1,"P":101325,"T":1273.15,"X_AL":0.0002061542,"X_C":0.0055574025,"X_CR":0.0124092674,"X_CU":0.0001750656,"X_MN":0.006581109,"X_MO":0.0059137013,"X_NI":0.0000947697,"X_SI":0.0051493227,"X_V":0.0028389683},"solutionizing_phases":["FCC_A1","","","","","","","","","",""]}}