{"index":878,"components":["AL","C","CR","CU","FE","MN","N","NI","SI","V","VA"],"conditions":{"N":1,"P":101325,"T":1273.15,"X_AL":0.0006139007,"X_C":0.0091940162,"X_CR":0.0012742483,"X_CU":0.0016508552,"X_MN":0.0146731462,"X_N":0.0004730304,"X_NI":0.0009407069,"X_SI":0.0066840601,"X_V":0.0015173994},"reference":"VANITEC1985","disabled":false,"model":"martensite_start","inputs":{"martensite_start":669.0,"martensite_type":"lath","PAGS":null,"parent_phase":"gamma","predicted_type":true,"solutionizing_temperature":1273.15},"outputs":{"calculation_error":false,"DG":1883.3755183311,"error":12.0965063095,"error_message":[],"LC_martensite_start":656.9034936905,"PAGS_energy":0.0,"solutioning_conditions":{"N":1,"P":101325,"T":1273.15,"X_AL":0.0006139007,"X_C":0.0091940162,"X_CR":0.0012742483,"X_CU":0.0016508552,"X_MN":0.0146731462,"X_N":0.0004730304,"X_NI":0.0009407069,"X_SI":0.0066840601,"X_V":0.0015173994},"solutionizing_phases":["FCC_A1","ALN_B4","FCC_A1","","","","","","","",""]}}