{"index":834,"components":["C","CR","CU","FE","MN","MO","NI","V","VA"],"conditions":{"N":1,"P":101325,"T":1273.15,"X_C":0.0069513494,"X_CR":0.0053523612,"X_CU":0.0028029022,"X_MN":0.0093209635,"X_MO":0.0026687279,"X_NI":0.0083452545,"X_V":0.00065558},"reference":"VANITEC1985","disabled":false,"model":"martensite_start","inputs":{"martensite_start":673.0,"martensite_type":"lath","PAGS":null,"parent_phase":"gamma","predicted_type":true,"solutionizing_temperature":1273.15},"outputs":{"calculation_error":false,"DG":1851.8139285349,"error":-6.6996032715,"error_message":[],"LC_martensite_start":679.6996032715,"PAGS_energy":0.0,"solutioning_conditions":{"N":1,"P":101325,"T":1273.15,"X_C":0.0069513494,"X_CR":0.0053523612,"X_CU":0.0028029022,"X_MN":0.0093209635,"X_MO":0.0026687279,"X_NI":0.0083452545,"X_V":0.00065558},"solutionizing_phases":["FCC_A1","","","","","","","",""]}}