{"index":820,"components":["C","CR","FE","MN","MO","SI","V","VA"],"conditions":{"N":1,"P":101325,"T":1273.15,"X_C":0.0055192148,"X_CR":0.0217794778,"X_MN":0.0055303658,"X_MO":0.0028789536,"X_SI":0.0133749179,"X_V":0.003470105},"reference":"VANITEC1985","disabled":false,"model":"martensite_start","inputs":{"martensite_start":678.0,"martensite_type":"lath","PAGS":null,"parent_phase":"gamma","predicted_type":true,"solutionizing_temperature":1273.15},"outputs":{"calculation_error":false,"DG":1887.100369016,"error":-29.061137867,"error_message":[],"LC_martensite_start":707.061137867,"PAGS_energy":0.0,"solutioning_conditions":{"N":1,"P":101325,"T":1273.15,"X_C":0.0055192148,"X_CR":0.0217794778,"X_MN":0.0055303658,"X_MO":0.0028789536,"X_SI":0.0133749179,"X_V":0.003470105},"solutionizing_phases":["FCC_A1","","","","","","",""]}}