{"index":850,"components":["AL","C","FE","MN","N","SI","V","VA"],"conditions":{"N":1,"P":101325,"T":1273.15,"X_AL":0.0004098856,"X_C":0.0078267228,"X_MN":0.0176142516,"X_N":0.0015001929,"X_SI":0.0039377413,"X_V":0.0010854945},"reference":"VANITEC1985","disabled":false,"model":"martensite_start","inputs":{"martensite_start":686.0,"martensite_type":"lath","PAGS":null,"parent_phase":"gamma","predicted_type":true,"solutionizing_temperature":1273.15},"outputs":{"calculation_error":false,"DG":1731.1763920872,"error":34.9900064468,"error_message":[],"LC_martensite_start":651.0099935532,"PAGS_energy":0.0,"solutioning_conditions":{"N":1,"P":101325,"T":1273.15,"X_AL":0.0004098856,"X_C":0.0078267228,"X_MN":0.0176142516,"X_N":0.0015001929,"X_SI":0.0039377413,"X_V":0.0010854945},"solutionizing_phases":["ALN_B4","FCC_A1","FCC_A1","","","","",""]}}