{"index":804,"components":["AL","C","FE","MN","N","SI","V","VA"],"conditions":{"N":1,"P":101325,"T":1273.15,"X_AL":0.0002262056,"X_C":0.0023098252,"X_MN":0.0183812741,"X_N":0.0004357469,"X_SI":0.0077047734,"X_V":0.0006535171},"reference":"VANITEC1985","disabled":false,"model":"martensite_start","inputs":{"martensite_start":647.0,"martensite_type":"lath","PAGS":null,"parent_phase":"gamma","predicted_type":false,"solutionizing_temperature":1273.15},"outputs":{"calculation_error":false,"DG":2084.7059108459,"error":-42.3799635887,"error_message":[],"LC_martensite_start":689.3799635887,"PAGS_energy":0.0,"solutioning_conditions":{"N":1,"P":101325,"T":1273.15,"X_AL":0.0002262056,"X_C":0.0023098252,"X_MN":0.0183812741,"X_N":0.0004357469,"X_SI":0.0077047734,"X_V":0.0006535171},"solutionizing_phases":["ALN_B4","FCC_A1","FCC_A1","","","","",""]}}