{"index":916,"components":["AL","C","CR","FE","MN","N","SI","V","VA"],"conditions":{"N":1,"P":101325,"T":1273.15,"X_AL":0.0003043952,"X_C":0.0196025872,"X_CR":0.0031591027,"X_MN":0.008969796,"X_N":0.0005863659,"X_SI":0.0062385129,"X_V":0.0010748343},"reference":"VANITEC1985","disabled":false,"model":"martensite_start","inputs":{"martensite_start":695.0,"martensite_type":"lath","PAGS":null,"parent_phase":"gamma","predicted_type":true,"solutionizing_temperature":1273.15},"outputs":{"calculation_error":false,"DG":1654.974299054,"error":47.5284401178,"error_message":[],"LC_martensite_start":647.4715598822,"PAGS_energy":0.0,"solutioning_conditions":{"N":1,"P":101325,"T":1273.15,"X_AL":0.0003043952,"X_C":0.0196025872,"X_CR":0.0031591027,"X_MN":0.008969796,"X_N":0.0005863659,"X_SI":0.0062385129,"X_V":0.0010748343},"solutionizing_phases":["ALN_B4","FCC_A1","FCC_A1","","","","","",""]}}