{"index":908,"components":["C","CR","CU","FE","MN","MO","N","NI","SI","V","VA"],"conditions":{"N":1,"P":101325,"T":1273.15,"X_C":0.0178020533,"X_CR":0.010122185,"X_CU":0.0018117776,"X_MN":0.0076840704,"X_MO":0.0004571556,"X_N":0.0003914155,"X_NI":0.0013077134,"X_SI":0.0076130075,"X_V":0.0005381113},"reference":"VANITEC1985","disabled":false,"model":"martensite_start","inputs":{"martensite_start":647.0,"martensite_type":"lath","PAGS":null,"parent_phase":"gamma","predicted_type":true,"solutionizing_temperature":1273.15},"outputs":{"calculation_error":false,"DG":2054.5790480499,"error":8.7726625204,"error_message":[],"LC_martensite_start":638.2273374796,"PAGS_energy":0.0,"solutioning_conditions":{"N":1,"P":101325,"T":1273.15,"X_C":0.0178020533,"X_CR":0.010122185,"X_CU":0.0018117776,"X_MN":0.0076840704,"X_MO":0.0004571556,"X_N":0.0003914155,"X_NI":0.0013077134,"X_SI":0.0076130075,"X_V":0.0005381113},"solutionizing_phases":["FCC_A1","FCC_A1","","","","","","","","",""]}}