{"index":891,"components":["C","CR","FE","MN","MO","NI","SI","V","VA"],"conditions":{"N":1,"P":101325,"T":1273.15,"X_C":0.0154334529,"X_CR":0.009961055,"X_MN":0.0097253531,"X_MO":0.0023867233,"X_NI":0.0169057571,"X_SI":0.0265944438,"X_V":0.0014983346},"reference":"VANITEC1985","disabled":false,"model":"martensite_start","inputs":{"martensite_start":573.0,"martensite_type":"lath","PAGS":null,"parent_phase":"gamma","predicted_type":true,"solutionizing_temperature":1273.15},"outputs":{"calculation_error":false,"DG":2557.0786857848,"error":-28.5702341593,"error_message":[],"LC_martensite_start":601.5702341593,"PAGS_energy":0.0,"solutioning_conditions":{"N":1,"P":101325,"T":1273.15,"X_C":0.0154334529,"X_CR":0.009961055,"X_MN":0.0097253531,"X_MO":0.0023867233,"X_NI":0.0169057571,"X_SI":0.0265944438,"X_V":0.0014983346},"solutionizing_phases":["FCC_A1","","","","","","","",""]}}