{"index":814,"components":["AL","C","CR","CU","FE","MN","MO","NI","SI","V","VA"],"conditions":{"N":1,"P":101325,"T":1273.15,"X_AL":0.0008255336,"X_C":0.0050999489,"X_CR":0.0059973407,"X_CU":0.0008763009,"X_MN":0.0052707401,"X_MO":0.0030762216,"X_NI":0.0466785434,"X_SI":0.0051550472,"X_V":0.0008744998},"reference":"VANITEC1985","disabled":false,"model":"martensite_start","inputs":{"martensite_start":651.0,"martensite_type":"lath","PAGS":null,"parent_phase":"gamma","predicted_type":true,"solutionizing_temperature":1273.15},"outputs":{"calculation_error":false,"DG":1774.4068653756,"error":4.9809531212,"error_message":[],"LC_martensite_start":646.0190468788,"PAGS_energy":0.0,"solutioning_conditions":{"N":1,"P":101325,"T":1273.15,"X_AL":0.0008255336,"X_C":0.0050999489,"X_CR":0.0059973407,"X_CU":0.0008763009,"X_MN":0.0052707401,"X_MO":0.0030762216,"X_NI":0.0466785434,"X_SI":0.0051550472,"X_V":0.0008744998},"solutionizing_phases":["FCC_A1","","","","","","","","","",""]}}