{"index":832,"components":["AL","C","CR","FE","MN","MO","NI","SI","V","VA"],"conditions":{"N":1,"P":101325,"T":1273.15,"X_AL":0.0006580798,"X_C":0.006929761,"X_CR":0.0067230308,"X_MN":0.0057570099,"X_MO":0.0035279745,"X_NI":0.0086029509,"X_SI":0.0055318601,"X_V":0.0032677201},"reference":"VANITEC1985","disabled":false,"model":"martensite_start","inputs":{"martensite_start":691.0,"martensite_type":"lath","PAGS":null,"parent_phase":"gamma","predicted_type":true,"solutionizing_temperature":1273.15},"outputs":{"calculation_error":false,"DG":1713.2667201486,"error":-6.8850177288,"error_message":[],"LC_martensite_start":697.8850177288,"PAGS_energy":0.0,"solutioning_conditions":{"N":1,"P":101325,"T":1273.15,"X_AL":0.0006580798,"X_C":0.006929761,"X_CR":0.0067230308,"X_MN":0.0057570099,"X_MO":0.0035279745,"X_NI":0.0086029509,"X_SI":0.0055318601,"X_V":0.0032677201},"solutionizing_phases":["FCC_A1","","","","","","","","",""]}}