{"index":859,"components":["AL","C","FE","MN","N","NI","SI","V","VA"],"conditions":{"N":1,"P":101325,"T":1273.15,"X_AL":0.0008173109,"X_C":0.009639289,"X_MN":0.0152533212,"X_N":0.0007478454,"X_NI":0.0006575107,"X_SI":0.0078518476,"X_V":0.0014069078},"reference":"VANITEC1985","disabled":false,"model":"martensite_start","inputs":{"martensite_start":695.0,"martensite_type":"lath","PAGS":null,"parent_phase":"gamma","predicted_type":true,"solutionizing_temperature":1273.15},"outputs":{"calculation_error":false,"DG":1682.3388892378,"error":38.8029780388,"error_message":[],"LC_martensite_start":656.1970219612,"PAGS_energy":0.0,"solutioning_conditions":{"N":1,"P":101325,"T":1273.15,"X_AL":0.0008173109,"X_C":0.009639289,"X_MN":0.0152533212,"X_N":0.0007478454,"X_NI":0.0006575107,"X_SI":0.0078518476,"X_V":0.0014069078},"solutionizing_phases":["FCC_A1","ALN_B4","FCC_A1","","","","","",""]}}