{"index":856,"components":["AL","C","FE","MN","MO","N","SI","V","VA"],"conditions":{"N":1,"P":101325,"T":1273.15,"X_AL":0.0009239237,"X_C":0.0046123473,"X_MN":0.0154279616,"X_MO":0.0000577418,"X_N":0.0002768551,"X_SI":0.0069036093,"X_V":0.0007612313},"reference":"VANITEC1985","disabled":false,"model":"martensite_start","inputs":{"martensite_start":743.0,"martensite_type":"lath","PAGS":null,"parent_phase":"gamma","predicted_type":true,"solutionizing_temperature":1273.15},"outputs":{"calculation_error":false,"DG":1396.8799492421,"error":53.0147168636,"error_message":[],"LC_martensite_start":689.9852831364,"PAGS_energy":0.0,"solutioning_conditions":{"N":1,"P":101325,"T":1273.15,"X_AL":0.0009239237,"X_C":0.0046123473,"X_MN":0.0154279616,"X_MO":0.0000577418,"X_N":0.0002768551,"X_SI":0.0069036093,"X_V":0.0007612313},"solutionizing_phases":["FCC_A1","ALN_B4","","","","","","",""]}}