{"index":881,"components":["C","CR","FE","MN","MO","NI","SI","V","VA"],"conditions":{"N":1,"P":101325,"T":1273.15,"X_C":0.0146738983,"X_CR":0.0151470867,"X_MN":0.0040100578,"X_MO":0.0018944279,"X_NI":0.0309662429,"X_SI":0.0078440739,"X_V":0.0020542142},"reference":"VANITEC1985","disabled":false,"model":"martensite_start","inputs":{"martensite_start":556.0,"martensite_type":"lath","PAGS":null,"parent_phase":"gamma","predicted_type":true,"solutionizing_temperature":1273.15},"outputs":{"calculation_error":false,"DG":2574.8176331637,"error":-40.5213760376,"error_message":[],"LC_martensite_start":596.5213760376,"PAGS_energy":0.0,"solutioning_conditions":{"N":1,"P":101325,"T":1273.15,"X_C":0.0146738983,"X_CR":0.0151470867,"X_MN":0.0040100578,"X_MO":0.0018944279,"X_NI":0.0309662429,"X_SI":0.0078440739,"X_V":0.0020542142},"solutionizing_phases":["FCC_A1","","","","","","","",""]}}