{"index":957,"components":["AL","C","CR","CU","FE","MN","MO","NI","SI","V","VA"],"conditions":{"N":1,"P":101325,"T":1273.15,"X_AL":0.0010321495,"X_C":0.0263693139,"X_CR":0.0012602295,"X_CU":0.0006874497,"X_MN":0.0064606961,"X_MO":0.0028458332,"X_NI":0.0004651788,"X_SI":0.0058328156,"X_V":0.0003215797},"reference":"VANITEC1985","disabled":false,"model":"martensite_start","inputs":{"martensite_start":569.0,"martensite_type":"lath","PAGS":null,"parent_phase":"gamma","predicted_type":true,"solutionizing_temperature":1273.15},"outputs":{"calculation_error":false,"DG":2731.2995398641,"error":-72.1774787426,"error_message":[],"LC_martensite_start":641.1774787426,"PAGS_energy":0.0,"solutioning_conditions":{"N":1,"P":101325,"T":1273.15,"X_AL":0.0010321495,"X_C":0.0263693139,"X_CR":0.0012602295,"X_CU":0.0006874497,"X_MN":0.0064606961,"X_MO":0.0028458332,"X_NI":0.0004651788,"X_SI":0.0058328156,"X_V":0.0003215797},"solutionizing_phases":["FCC_A1","","","","","","","","","",""]}}