{"index":806,"components":["AL","C","CR","CU","FE","MN","MO","NI","SI","V","VA"],"conditions":{"N":1,"P":101325,"T":1273.15,"X_AL":0.0007220298,"X_C":0.0027805886,"X_CR":0.0021409821,"X_CU":0.0000875922,"X_MN":0.0147922235,"X_MO":0.0014504211,"X_NI":0.0001896682,"X_SI":0.0027745955,"X_V":0.0003277958},"reference":"VANITEC1985","disabled":false,"model":"martensite_start","inputs":{"martensite_start":725.0,"martensite_type":"lath","PAGS":null,"parent_phase":"gamma","predicted_type":true,"solutionizing_temperature":1273.15},"outputs":{"calculation_error":false,"DG":1570.1564398114,"error":18.4152555466,"error_message":[],"LC_martensite_start":706.5847444534,"PAGS_energy":0.0,"solutioning_conditions":{"N":1,"P":101325,"T":1273.15,"X_AL":0.0007220298,"X_C":0.0027805886,"X_CR":0.0021409821,"X_CU":0.0000875922,"X_MN":0.0147922235,"X_MO":0.0014504211,"X_NI":0.0001896682,"X_SI":0.0027745955,"X_V":0.0003277958},"solutionizing_phases":["FCC_A1","","","","","","","","","",""]}}