{"index":919,"components":["C","CR","CU","FE","MN","MO","NI","SI","V","VA"],"conditions":{"N":1,"P":101325,"T":1273.15,"X_C":0.01962401,"X_CR":0.0033733921,"X_CU":0.000517548,"X_MN":0.0166621443,"X_MO":0.0001713993,"X_NI":0.0010272852,"X_SI":0.0054646644,"X_V":0.001076009},"reference":"VANITEC1985","disabled":false,"model":"martensite_start","inputs":{"martensite_start":591.0,"martensite_type":"lath","PAGS":null,"parent_phase":"gamma","predicted_type":true,"solutionizing_temperature":1273.15},"outputs":{"calculation_error":false,"DG":2471.9161780461,"error":15.3485694408,"error_message":[],"LC_martensite_start":575.6514305592,"PAGS_energy":0.0,"solutioning_conditions":{"N":1,"P":101325,"T":1273.15,"X_C":0.01962401,"X_CR":0.0033733921,"X_CU":0.000517548,"X_MN":0.0166621443,"X_MO":0.0001713993,"X_NI":0.0010272852,"X_SI":0.0054646644,"X_V":0.001076009},"solutionizing_phases":["FCC_A1","","","","","","","","",""]}}