{"index":929,"components":["C","CR","CU","FE","MN","MO","NI","SI","V","VA"],"conditions":{"N":1,"P":101325,"T":1273.15,"X_C":0.0204997877,"X_CR":0.0128379071,"X_CU":0.0013776438,"X_MN":0.0103577472,"X_MO":0.0002851514,"X_NI":0.0004661073,"X_SI":0.0068185347,"X_V":0.0013962937},"reference":"VANITEC1985","disabled":false,"model":"martensite_start","inputs":{"martensite_start":564.0,"martensite_type":"lath","PAGS":null,"parent_phase":"gamma","predicted_type":true,"solutionizing_temperature":1273.15},"outputs":{"calculation_error":false,"DG":2747.7743452887,"error":-30.1463178635,"error_message":[],"LC_martensite_start":594.1463178635,"PAGS_energy":0.0,"solutioning_conditions":{"N":1,"P":101325,"T":1273.15,"X_C":0.0204997877,"X_CR":0.0128379071,"X_CU":0.0013776438,"X_MN":0.0103577472,"X_MO":0.0002851514,"X_NI":0.0004661073,"X_SI":0.0068185347,"X_V":0.0013962937},"solutionizing_phases":["FCC_A1","","","","","","","","",""]}}