{"index":889,"components":["C","CR","FE","MN","MO","NI","SI","V","VA"],"conditions":{"N":1,"P":101325,"T":1273.15,"X_C":0.015610079,"X_CR":0.0129384891,"X_MN":0.006223189,"X_MO":0.0028738546,"X_NI":0.0263065118,"X_SI":0.0053012234,"X_V":0.0009742385},"reference":"VANITEC1985","disabled":false,"model":"martensite_start","inputs":{"martensite_start":586.0,"martensite_type":"lath","PAGS":null,"parent_phase":"gamma","predicted_type":true,"solutionizing_temperature":1273.15},"outputs":{"calculation_error":false,"DG":2348.3578144707,"error":-6.3577928543,"error_message":[],"LC_martensite_start":592.3577928543,"PAGS_energy":0.0,"solutioning_conditions":{"N":1,"P":101325,"T":1273.15,"X_C":0.015610079,"X_CR":0.0129384891,"X_MN":0.006223189,"X_MO":0.0028738546,"X_NI":0.0263065118,"X_SI":0.0053012234,"X_V":0.0009742385},"solutionizing_phases":["FCC_A1","","","","","","","",""]}}