{"index":926,"components":["C","CR","CU","FE","MN","MO","NI","SI","V","VA"],"conditions":{"N":1,"P":101325,"T":1273.15,"X_C":0.0200677016,"X_CR":0.0179098286,"X_CU":0.0015516636,"X_MN":0.0074782734,"X_MO":0.0004567763,"X_NI":0.00158662,"X_SI":0.0050711268,"X_V":0.0009677965},"reference":"VANITEC1985","disabled":false,"model":"martensite_start","inputs":{"martensite_start":578.0,"martensite_type":"lath","PAGS":null,"parent_phase":"gamma","predicted_type":true,"solutionizing_temperature":1273.15},"outputs":{"calculation_error":false,"DG":2614.8237666876,"error":-23.3536417007,"error_message":[],"LC_martensite_start":601.3536417007,"PAGS_energy":0.0,"solutioning_conditions":{"N":1,"P":101325,"T":1273.15,"X_C":0.0200677016,"X_CR":0.0179098286,"X_CU":0.0015516636,"X_MN":0.0074782734,"X_MO":0.0004567763,"X_NI":0.00158662,"X_SI":0.0050711268,"X_V":0.0009677965},"solutionizing_phases":["FCC_A1","","","","","","","","",""]}}