{"index":830,"components":["AL","C","CR","CU","FE","MN","MO","NI","SI","V","VA"],"conditions":{"N":1,"P":101325,"T":1273.15,"X_AL":0.001168617,"X_C":0.0064479815,"X_CR":0.000638329,"X_CU":0.0001741028,"X_MN":0.0154057305,"X_MO":0.0000576586,"X_NI":0.0002827457,"X_SI":0.0070906232,"X_V":0.0004343625},"reference":"VANITEC1985","disabled":false,"model":"martensite_start","inputs":{"martensite_start":708.0,"martensite_type":"lath","PAGS":null,"parent_phase":"gamma","predicted_type":true,"solutionizing_temperature":1273.15},"outputs":{"calculation_error":false,"DG":1632.5234310391,"error":31.1637525558,"error_message":[],"LC_martensite_start":676.8362474442,"PAGS_energy":0.0,"solutioning_conditions":{"N":1,"P":101325,"T":1273.15,"X_AL":0.001168617,"X_C":0.0064479815,"X_CR":0.000638329,"X_CU":0.0001741028,"X_MN":0.0154057305,"X_MO":0.0000576586,"X_NI":0.0002827457,"X_SI":0.0070906232,"X_V":0.0004343625},"solutionizing_phases":["FCC_A1","","","","","","","","","",""]}}