{"index":913,"components":["C","CR","FE","MN","MO","NI","SI","V","VA"],"conditions":{"N":1,"P":101325,"T":1273.15,"X_C":0.0194335673,"X_CR":0.0094999871,"X_MN":0.0082008201,"X_MO":0.0022631465,"X_NI":0.0279299442,"X_SI":0.0299572492,"X_V":0.0012786801},"reference":"VANITEC1985","disabled":false,"model":"martensite_start","inputs":{"martensite_start":569.0,"martensite_type":"lath","PAGS":null,"parent_phase":"gamma","predicted_type":true,"solutionizing_temperature":1273.15},"outputs":{"calculation_error":false,"DG":2560.1431477618,"error":-4.5440731049,"error_message":[],"LC_martensite_start":573.5440731049,"PAGS_energy":0.0,"solutioning_conditions":{"N":1,"P":101325,"T":1273.15,"X_C":0.0194335673,"X_CR":0.0094999871,"X_MN":0.0082008201,"X_MO":0.0022631465,"X_NI":0.0279299442,"X_SI":0.0299572492,"X_V":0.0012786801},"solutionizing_phases":["FCC_A1","FCC_A1","","","","","","",""]}}