{"index":898,"components":["C","CR","CU","FE","MN","MO","N","NI","SI","V","VA"],"conditions":{"N":1,"P":101325,"T":1273.15,"X_C":0.0173638712,"X_CR":0.0104495046,"X_CU":0.001727321,"X_MN":0.007792067,"X_MO":0.0004576374,"X_N":0.000391828,"X_NI":0.0013090916,"X_SI":0.0056669204,"X_V":0.0006464141},"reference":"VANITEC1985","disabled":false,"model":"martensite_start","inputs":{"martensite_start":630.0,"martensite_type":"lath","PAGS":null,"parent_phase":"gamma","predicted_type":true,"solutionizing_temperature":1273.15},"outputs":{"calculation_error":false,"DG":2202.0848717198,"error":-8.3009777069,"error_message":[],"LC_martensite_start":638.3009777069,"PAGS_energy":0.0,"solutioning_conditions":{"N":1,"P":101325,"T":1273.15,"X_C":0.0173638712,"X_CR":0.0104495046,"X_CU":0.001727321,"X_MN":0.007792067,"X_MO":0.0004576374,"X_N":0.000391828,"X_NI":0.0013090916,"X_SI":0.0056669204,"X_V":0.0006464141},"solutionizing_phases":["FCC_A1","FCC_A1","","","","","","","","",""]}}