{"index":879,"components":["AL","C","CR","CU","FE","MN","MO","NI","SI","V","VA"],"conditions":{"N":1,"P":101325,"T":1273.15,"X_AL":0.0010421913,"X_C":0.0142310639,"X_CR":0.0012724903,"X_CU":0.0006941379,"X_MN":0.0065235523,"X_MO":0.0028735204,"X_NI":0.0004697045,"X_SI":0.0058895632,"X_V":0.0003247084},"reference":"VANITEC1985","disabled":false,"model":"martensite_start","inputs":{"martensite_start":699.0,"martensite_type":"lath","PAGS":null,"parent_phase":"gamma","predicted_type":true,"solutionizing_temperature":1273.15},"outputs":{"calculation_error":false,"DG":1679.2288242783,"error":9.0092136383,"error_message":[],"LC_martensite_start":689.9907863617,"PAGS_energy":0.0,"solutioning_conditions":{"N":1,"P":101325,"T":1273.15,"X_AL":0.0010421913,"X_C":0.0142310639,"X_CR":0.0012724903,"X_CU":0.0006941379,"X_MN":0.0065235523,"X_MO":0.0028735204,"X_NI":0.0004697045,"X_SI":0.0058895632,"X_V":0.0003247084},"solutionizing_phases":["FCC_A1","","","","","","","","","",""]}}