{"index":827,"components":["AL","C","CR","CU","FE","MN","MO","NI","SI","V","VA"],"conditions":{"N":1,"P":101325,"T":1273.15,"X_AL":0.0002054994,"X_C":0.0060013953,"X_CR":0.0024526426,"X_CU":0.0000872547,"X_MN":0.0117074412,"X_MO":0.0015604191,"X_NI":0.0000944687,"X_SI":0.0061200748,"X_V":0.0005442212},"reference":"VANITEC1985","disabled":false,"model":"martensite_start","inputs":{"martensite_start":734.0,"martensite_type":"lath","PAGS":null,"parent_phase":"gamma","predicted_type":true,"solutionizing_temperature":1273.15},"outputs":{"calculation_error":false,"DG":1481.9601794936,"error":34.6157590866,"error_message":[],"LC_martensite_start":699.3842409134,"PAGS_energy":0.0,"solutioning_conditions":{"N":1,"P":101325,"T":1273.15,"X_AL":0.0002054994,"X_C":0.0060013953,"X_CR":0.0024526426,"X_CU":0.0000872547,"X_MN":0.0117074412,"X_MO":0.0015604191,"X_NI":0.0000944687,"X_SI":0.0061200748,"X_V":0.0005442212},"solutionizing_phases":["FCC_A1","","","","","","","","","",""]}}