{"index":836,"components":["AL","C","CR","CU","FE","MN","N","NI","SI","V","VA"],"conditions":{"N":1,"P":101325,"T":1273.15,"X_AL":0.0004104053,"X_C":0.006914689,"X_CR":0.0015972401,"X_CU":0.0016554463,"X_MN":0.013101465,"X_N":0.0003952882,"X_NI":0.0014149846,"X_SI":0.0053226917,"X_V":0.0014129322},"reference":"VANITEC1985","disabled":false,"model":"martensite_start","inputs":{"martensite_start":651.0,"martensite_type":"lath","PAGS":null,"parent_phase":"gamma","predicted_type":true,"solutionizing_temperature":1273.15},"outputs":{"calculation_error":false,"DG":2064.6636443631,"error":-29.1573469162,"error_message":[],"LC_martensite_start":680.1573469162,"PAGS_energy":0.0,"solutioning_conditions":{"N":1,"P":101325,"T":1273.15,"X_AL":0.0004104053,"X_C":0.006914689,"X_CR":0.0015972401,"X_CU":0.0016554463,"X_MN":0.013101465,"X_N":0.0003952882,"X_NI":0.0014149846,"X_SI":0.0053226917,"X_V":0.0014129322},"solutionizing_phases":["FCC_A1","FCC_A1","","","","","","","","",""]}}