{"index":828,"components":["AL","C","CR","CU","FE","MN","MO","NI","SI","V","VA"],"conditions":{"N":1,"P":101325,"T":1273.15,"X_AL":0.0002056423,"X_C":0.0064675355,"X_CR":0.00405501,"X_CU":0.0000873154,"X_MN":0.0050498201,"X_MO":0.0031808419,"X_NI":0.0002836032,"X_SI":0.0059267717,"X_V":0.0029408382},"reference":"VANITEC1985","disabled":false,"model":"martensite_start","inputs":{"martensite_start":756.0,"martensite_type":"lath","PAGS":null,"parent_phase":"gamma","predicted_type":true,"solutionizing_temperature":1273.15},"outputs":{"calculation_error":false,"DG":1351.4201473795,"error":25.8420066833,"error_message":[],"LC_martensite_start":730.1579933167,"PAGS_energy":0.0,"solutioning_conditions":{"N":1,"P":101325,"T":1273.15,"X_AL":0.0002056423,"X_C":0.0064675355,"X_CR":0.00405501,"X_CU":0.0000873154,"X_MN":0.0050498201,"X_MO":0.0031808419,"X_NI":0.0002836032,"X_SI":0.0059267717,"X_V":0.0029408382},"solutionizing_phases":["FCC_A1","","","","","","","","","",""]}}