{"index":887,"components":["C","FE","MN","MO","NI","SI","V","VA"],"conditions":{"N":1,"P":101325,"T":1273.15,"X_C":0.0151611096,"X_MN":0.0216953128,"X_MO":0.0036809984,"X_NI":0.018990984,"X_SI":0.0062871408,"X_V":0.0015164974},"reference":"VANITEC1985","disabled":false,"model":"martensite_start","inputs":{"martensite_start":551.0,"martensite_type":"lath","PAGS":null,"parent_phase":"gamma","predicted_type":true,"solutionizing_temperature":1273.15},"outputs":{"calculation_error":false,"DG":2496.1265084108,"error":31.2308441162,"error_message":[],"LC_martensite_start":519.7691558838,"PAGS_energy":0.0,"solutioning_conditions":{"N":1,"P":101325,"T":1273.15,"X_C":0.0151611096,"X_MN":0.0216953128,"X_MO":0.0036809984,"X_NI":0.018990984,"X_SI":0.0062871408,"X_V":0.0015164974},"solutionizing_phases":["FCC_A1","","","","","","",""]}}