{"index":858,"components":["C","CR","FE","MN","MO","SI","V","VA"],"conditions":{"N":1,"P":101325,"T":1273.15,"X_C":0.004587609,"X_CR":0.0190746445,"X_MN":0.0200591032,"X_MO":0.0037330891,"X_SI":0.0213844978,"X_V":0.0016224609},"reference":"VANITEC1985","disabled":false,"model":"martensite_start","inputs":{"martensite_start":617.0,"martensite_type":"lath","PAGS":null,"parent_phase":"gamma","predicted_type":true,"solutionizing_temperature":1273.15},"outputs":{"calculation_error":false,"DG":2189.4152853248,"error":-14.1783207893,"error_message":[],"LC_martensite_start":631.1783207893,"PAGS_energy":0.0,"solutioning_conditions":{"N":1,"P":101325,"T":1273.15,"X_C":0.004587609,"X_CR":0.0190746445,"X_MN":0.0200591032,"X_MO":0.0037330891,"X_SI":0.0213844978,"X_V":0.0016224609},"solutionizing_phases":["FCC_A1","","","","","","",""]}}