{"index":899,"components":["C","CR","FE","MN","MO","NI","SI","V","VA"],"conditions":{"N":1,"P":101325,"T":1273.15,"X_C":0.0174150484,"X_CR":0.0163026934,"X_MN":0.0087167675,"X_MO":0.0036145168,"X_NI":0.0000937821,"X_SI":0.0035277659,"X_V":0.0029174367},"reference":"VANITEC1985","disabled":false,"model":"martensite_start","inputs":{"martensite_start":551.0,"martensite_type":"plate","PAGS":null,"parent_phase":"gamma","predicted_type":true,"solutionizing_temperature":1273.15},"outputs":{"calculation_error":false,"DG":2722.1056177137,"error":-1.394924736,"error_message":[],"LC_martensite_start":552.394924736,"PAGS_energy":0.0,"solutioning_conditions":{"N":1,"P":101325,"T":1273.15,"X_C":0.0174150484,"X_CR":0.0163026934,"X_MN":0.0087167675,"X_MO":0.0036145168,"X_NI":0.0000937821,"X_SI":0.0035277659,"X_V":0.0029174367},"solutionizing_phases":["FCC_A1","FCC_A1","","","","","","",""]}}