{"index":965,"components":["AL","C","CU","FE","MN","N","SI","V","VA"],"conditions":{"N":1,"P":101325,"T":1400.0,"X_AL":0.0003602545,"X_C":0.0350695303,"X_CU":0.0015296355,"X_MN":0.0158254599,"X_N":0.0006939694,"X_SI":0.0092291721,"X_V":0.0016961018},"reference":"VANITEC1985","disabled":false,"model":"martensite_start","inputs":{"martensite_start":651.0,"martensite_type":"lath","PAGS":null,"parent_phase":"gamma","predicted_type":true,"solutionizing_temperature":1400.0},"outputs":{"calculation_error":false,"DG":1920.14964689,"error":121.6998817205,"error_message":[],"LC_martensite_start":529.3001182795,"PAGS_energy":0.0,"solutioning_conditions":{"N":1,"P":101325,"T":1400.0,"X_AL":0.0003602545,"X_C":0.0350695303,"X_CU":0.0015296355,"X_MN":0.0158254599,"X_N":0.0006939694,"X_SI":0.0092291721,"X_V":0.0016961018},"solutionizing_phases":["FCC_A1","FCC_A1","","","","","","",""]}}