{"index":962,"components":["AL","C","CR","CU","FE","MN","N","NI","SI","V","VA"],"conditions":{"N":1,"P":101325,"T":1400.0,"X_AL":0.0000401122,"X_C":0.0301869709,"X_CR":0.000312222,"X_CU":0.0034063152,"X_MN":0.0136916142,"X_N":0.0003863467,"X_NI":0.0029503515,"X_SI":0.0144508089,"X_V":0.0020183428},"reference":"VANITEC1985","disabled":false,"model":"martensite_start","inputs":{"martensite_start":473.0,"martensite_type":"plate","PAGS":null,"parent_phase":"gamma","predicted_type":true,"solutionizing_temperature":1400.0},"outputs":{"calculation_error":false,"DG":3680.3501972173,"error":-63.347483006,"error_message":[],"LC_martensite_start":536.347483006,"PAGS_energy":0.0,"solutioning_conditions":{"N":1,"P":101325,"T":1400.0,"X_AL":0.0000401122,"X_C":0.0301869709,"X_CR":0.000312222,"X_CU":0.0034063152,"X_MN":0.0136916142,"X_N":0.0003863467,"X_NI":0.0029503515,"X_SI":0.0144508089,"X_V":0.0020183428},"solutionizing_phases":["FCC_A1","FCC_A1","","","","","","","","",""]}}