{"index":888,"components":["C","CR","FE","MN","MO","NI","SI","V","VA"],"conditions":{"N":1,"P":101325,"T":1273.15,"X_C":0.0156585719,"X_CR":0.0064893413,"X_MN":0.0026178316,"X_MO":0.0030557492,"X_NI":0.0480642822,"X_SI":0.0025603701,"X_V":0.000977265},"reference":"VANITEC1985","disabled":false,"model":"martensite_start","inputs":{"martensite_start":551.0,"martensite_type":"lath","PAGS":null,"parent_phase":"gamma","predicted_type":true,"solutionizing_temperature":1273.15},"outputs":{"calculation_error":false,"DG":2492.0549174915,"error":-36.2786183119,"error_message":[],"LC_martensite_start":587.2786183119,"PAGS_energy":0.0,"solutioning_conditions":{"N":1,"P":101325,"T":1273.15,"X_C":0.0156585719,"X_CR":0.0064893413,"X_MN":0.0026178316,"X_MO":0.0030557492,"X_NI":0.0480642822,"X_SI":0.0025603701,"X_V":0.000977265},"solutionizing_phases":["FCC_A1","","","","","","","",""]}}