{"index":813,"components":["C","CR","FE","MN","MO","SI","V","VA"],"conditions":{"N":1,"P":101325,"T":1273.15,"X_C":0.004149324,"X_CR":0.0212991555,"X_MN":0.0059467813,"X_MO":0.0032321497,"X_SI":0.0112381766,"X_V":0.0040219175},"reference":"VANITEC1985","disabled":false,"model":"martensite_start","inputs":{"martensite_start":721.0,"martensite_type":"lath","PAGS":null,"parent_phase":"gamma","predicted_type":true,"solutionizing_temperature":1273.15},"outputs":{"calculation_error":false,"DG":1600.4942503755,"error":4.0541879177,"error_message":[],"LC_martensite_start":716.9458120823,"PAGS_energy":0.0,"solutioning_conditions":{"N":1,"P":101325,"T":1273.15,"X_C":0.004149324,"X_CR":0.0212991555,"X_MN":0.0059467813,"X_MO":0.0032321497,"X_SI":0.0112381766,"X_V":0.0040219175},"solutionizing_phases":["FCC_A1","","","","","","",""]}}