{"index":883,"components":["AL","C","CR","CU","FE","MN","MO","NI","SI","V","VA"],"conditions":{"N":1,"P":101325,"T":1273.15,"X_AL":0.0001844617,"X_C":0.0151941379,"X_CR":0.011592742,"X_CU":0.0007832217,"X_MN":0.0039257429,"X_MO":0.0041501446,"X_NI":0.0339190497,"X_SI":0.0031504186,"X_V":0.0013026866},"reference":"VANITEC1985","disabled":false,"model":"martensite_start","inputs":{"martensite_start":564.0,"martensite_type":"lath","PAGS":null,"parent_phase":"gamma","predicted_type":true,"solutionizing_temperature":1273.15},"outputs":{"calculation_error":false,"DG":2444.2484164722,"error":-28.1975257874,"error_message":[],"LC_martensite_start":592.1975257874,"PAGS_energy":0.0,"solutioning_conditions":{"N":1,"P":101325,"T":1273.15,"X_AL":0.0001844617,"X_C":0.0151941379,"X_CR":0.011592742,"X_CU":0.0007832217,"X_MN":0.0039257429,"X_MO":0.0041501446,"X_NI":0.0339190497,"X_SI":0.0031504186,"X_V":0.0013026866},"solutionizing_phases":["FCC_A1","","","","","","","","","",""]}}