{"index":907,"components":["C","CR","CU","FE","MN","MO","N","NI","SI","V","VA"],"conditions":{"N":1,"P":101325,"T":1273.15,"X_C":0.0178158765,"X_CR":0.0104466088,"X_CU":0.0018131844,"X_MN":0.0075901664,"X_MO":0.0001715665,"X_N":0.0003917194,"X_NI":0.0013087288,"X_SI":0.0054699931,"X_V":0.0012924699},"reference":"VANITEC1985","disabled":false,"model":"martensite_start","inputs":{"martensite_start":656.0,"martensite_type":"lath","PAGS":null,"parent_phase":"gamma","predicted_type":true,"solutionizing_temperature":1273.15},"outputs":{"calculation_error":false,"DG":1968.9006291733,"error":17.8109390259,"error_message":[],"LC_martensite_start":638.1890609741,"PAGS_energy":0.0,"solutioning_conditions":{"N":1,"P":101325,"T":1273.15,"X_C":0.0178158765,"X_CR":0.0104466088,"X_CU":0.0018131844,"X_MN":0.0075901664,"X_MO":0.0001715665,"X_N":0.0003917194,"X_NI":0.0013087288,"X_SI":0.0054699931,"X_V":0.0012924699},"solutionizing_phases":["FCC_A1","FCC_A1","","","","","","","","",""]}}