{"index":821,"components":["C","CR","FE","MN","MO","NI","SI","V","VA"],"conditions":{"N":1,"P":101325,"T":1273.15,"X_C":0.0055456943,"X_CR":0.0050173002,"X_MN":0.0057589679,"X_MO":0.0010413957,"X_NI":0.0175900339,"X_SI":0.0057313752,"X_V":0.0007627273},"reference":"VANITEC1985","disabled":false,"model":"martensite_start","inputs":{"martensite_start":712.0,"martensite_type":"lath","PAGS":null,"parent_phase":"gamma","predicted_type":true,"solutionizing_temperature":1273.15},"outputs":{"calculation_error":false,"DG":1591.7336313959,"error":9.970401001,"error_message":[],"LC_martensite_start":702.029598999,"PAGS_energy":0.0,"solutioning_conditions":{"N":1,"P":101325,"T":1273.15,"X_C":0.0055456943,"X_CR":0.0050173002,"X_MN":0.0057589679,"X_MO":0.0010413957,"X_NI":0.0175900339,"X_SI":0.0057313752,"X_V":0.0007627273},"solutionizing_phases":["FCC_A1","","","","","","","",""]}}