{"index":895,"components":["AL","C","CR","CU","FE","MN","MO","NI","SI","V","VA"],"conditions":{"N":1,"P":101325,"T":1273.15,"X_AL":0.0004067021,"X_C":0.01598869,"X_CR":0.0010552185,"X_CU":0.0012087959,"X_MN":0.0161791228,"X_MO":0.0000571891,"X_NI":0.0009348112,"X_SI":0.0091818217,"X_V":0.0011847702},"reference":"VANITEC1985","disabled":false,"model":"martensite_start","inputs":{"martensite_start":586.0,"martensite_type":"lath","PAGS":null,"parent_phase":"gamma","predicted_type":true,"solutionizing_temperature":1273.15},"outputs":{"calculation_error":false,"DG":2539.2704812154,"error":-20.1186574936,"error_message":[],"LC_martensite_start":606.1186574936,"PAGS_energy":0.0,"solutioning_conditions":{"N":1,"P":101325,"T":1273.15,"X_AL":0.0004067021,"X_C":0.01598869,"X_CR":0.0010552185,"X_CU":0.0012087959,"X_MN":0.0161791228,"X_MO":0.0000571891,"X_NI":0.0009348112,"X_SI":0.0091818217,"X_V":0.0011847702},"solutionizing_phases":["FCC_A1","","","","","","","","","",""]}}