{"index":953,"components":["C","CR","FE","MN","MO","NI","SI","V","VA"],"conditions":{"N":1,"P":101325,"T":1273.15,"X_C":0.0248934288,"X_CR":0.0041819571,"X_MN":0.0089055277,"X_MO":0.0025497826,"X_NI":0.0254702833,"X_SI":0.0193556691,"X_V":0.0011738465},"reference":"VANITEC1985","disabled":false,"model":"martensite_start","inputs":{"martensite_start":543.0,"martensite_type":"lath","PAGS":null,"parent_phase":"gamma","predicted_type":true,"solutionizing_temperature":1273.15},"outputs":{"calculation_error":false,"DG":2776.1039122612,"error":-14.168722415,"error_message":[],"LC_martensite_start":557.168722415,"PAGS_energy":0.0,"solutioning_conditions":{"N":1,"P":101325,"T":1273.15,"X_C":0.0248934288,"X_CR":0.0041819571,"X_MN":0.0089055277,"X_MO":0.0025497826,"X_NI":0.0254702833,"X_SI":0.0193556691,"X_V":0.0011738465},"solutionizing_phases":["FCC_A1","","","","","","","",""]}}