{"index":835,"components":["AL","C","FE","MN","MO","N","SI","V","VA"],"conditions":{"N":1,"P":101325,"T":1273.15,"X_AL":0.0003692722,"X_C":0.0069129553,"X_MN":0.0140049772,"X_MO":0.0015577755,"X_N":0.0001580756,"X_SI":0.0078834921,"X_V":0.0005432992},"reference":"VANITEC1985","disabled":false,"model":"martensite_start","inputs":{"martensite_start":712.0,"martensite_type":"lath","PAGS":null,"parent_phase":"gamma","predicted_type":true,"solutionizing_temperature":1273.15},"outputs":{"calculation_error":false,"DG":1599.4136929088,"error":30.624848938,"error_message":[],"LC_martensite_start":681.375151062,"PAGS_energy":0.0,"solutioning_conditions":{"N":1,"P":101325,"T":1273.15,"X_AL":0.0003692722,"X_C":0.0069129553,"X_MN":0.0140049772,"X_MO":0.0015577755,"X_N":0.0001580756,"X_SI":0.0078834921,"X_V":0.0005432992},"solutionizing_phases":["FCC_A1","ALN_B4","","","","","","",""]}}