{"index":897,"components":["C","CR","FE","MN","MO","NI","SI","V","VA"],"conditions":{"N":1,"P":101325,"T":1273.15,"X_C":0.0169968408,"X_CR":0.009231734,"X_MN":0.0083356543,"X_MO":0.0067860506,"X_NI":0.0159806505,"X_SI":0.0068757596,"X_V":0.0019495554},"reference":"VANITEC1985","disabled":false,"model":"martensite_start","inputs":{"martensite_start":560.0,"martensite_type":"lath","PAGS":null,"parent_phase":"gamma","predicted_type":true,"solutionizing_temperature":1273.15},"outputs":{"calculation_error":false,"DG":2486.7005892754,"error":-25.0736579895,"error_message":[],"LC_martensite_start":585.0736579895,"PAGS_energy":0.0,"solutioning_conditions":{"N":1,"P":101325,"T":1273.15,"X_C":0.0169968408,"X_CR":0.009231734,"X_MN":0.0083356543,"X_MO":0.0067860506,"X_NI":0.0159806505,"X_SI":0.0068757596,"X_V":0.0019495554},"solutionizing_phases":["FCC_A1","","","","","","","",""]}}