{"index":964,"components":["C","CR","FE","MN","MO","NI","V","VA"],"conditions":{"N":1,"P":101325,"T":1273.15,"X_C":0.0339791193,"X_CR":0.0078489158,"X_MN":0.0069333642,"X_MO":0.0017015343,"X_NI":0.0125159458,"X_V":0.0016022811},"reference":"VANITEC1985","disabled":false,"model":"martensite_start","inputs":{"martensite_start":504.0,"martensite_type":"lath","PAGS":null,"parent_phase":"gamma","predicted_type":true,"solutionizing_temperature":1273.15},"outputs":{"calculation_error":false,"DG":3120.8527911621,"error":-35.5064975739,"error_message":[],"LC_martensite_start":539.5064975739,"PAGS_energy":0.0,"solutioning_conditions":{"N":1,"P":101325,"T":1273.15,"X_C":0.0339791193,"X_CR":0.0078489158,"X_MN":0.0069333642,"X_MO":0.0017015343,"X_NI":0.0125159458,"X_V":0.0016022811},"solutionizing_phases":["FCC_A1","FCC_A1","","","","","",""]}}