{"index":863,"components":["C","CR","FE","MN","MO","NI","SI","V","VA"],"conditions":{"N":1,"P":101325,"T":1273.15,"X_C":0.0106090397,"X_CR":0.0181131803,"X_MN":0.0022185337,"X_MO":0.0030605023,"X_NI":0.0339805021,"X_SI":0.0043396737,"X_V":0.0013050468},"reference":"VANITEC1985","disabled":false,"model":"martensite_start","inputs":{"martensite_start":599.0,"martensite_type":"lath","PAGS":null,"parent_phase":"gamma","predicted_type":true,"solutionizing_temperature":1273.15},"outputs":{"calculation_error":false,"DG":2232.9652882398,"error":-22.9577459812,"error_message":[],"LC_martensite_start":621.9577459812,"PAGS_energy":0.0,"solutioning_conditions":{"N":1,"P":101325,"T":1273.15,"X_C":0.0106090397,"X_CR":0.0181131803,"X_MN":0.0022185337,"X_MO":0.0030605023,"X_NI":0.0339805021,"X_SI":0.0043396737,"X_V":0.0013050468},"solutionizing_phases":["FCC_A1","","","","","","","",""]}}