{"index":877,"components":["AL","C","CR","CU","FE","MN","N","NI","SI","V","VA"],"conditions":{"N":1,"P":101325,"T":1273.15,"X_AL":0.0002047703,"X_C":0.0092001584,"X_CR":0.0011688413,"X_CU":0.0012172322,"X_MN":0.0145823807,"X_N":0.0003944553,"X_NI":0.0009413353,"X_SI":0.0059016402,"X_V":0.0008676646},"reference":"VANITEC1985","disabled":false,"model":"martensite_start","inputs":{"martensite_start":669.0,"martensite_type":"lath","PAGS":null,"parent_phase":"gamma","predicted_type":true,"solutionizing_temperature":1273.15},"outputs":{"calculation_error":false,"DG":1886.5882342363,"error":11.2122908592,"error_message":[],"LC_martensite_start":657.7877091408,"PAGS_energy":0.0,"solutioning_conditions":{"N":1,"P":101325,"T":1273.15,"X_AL":0.0002047703,"X_C":0.0092001584,"X_CR":0.0011688413,"X_CU":0.0012172322,"X_MN":0.0145823807,"X_N":0.0003944553,"X_NI":0.0009413353,"X_SI":0.0059016402,"X_V":0.0008676646},"solutionizing_phases":["FCC_A1","FCC_A1","","","","","","","","",""]}}