{"index":853,"components":["AL","C","FE","MN","N","NI","SI","V","VA"],"conditions":{"N":1,"P":101325,"T":1273.15,"X_AL":0.0002047601,"X_C":0.0087397167,"X_MN":0.0155872883,"X_N":0.0006705407,"X_NI":0.0053653451,"X_SI":0.0062947703,"X_V":0.001409885},"reference":"VANITEC1985","disabled":false,"model":"martensite_start","inputs":{"martensite_start":712.0,"martensite_type":"lath","PAGS":null,"parent_phase":"gamma","predicted_type":true,"solutionizing_temperature":1273.15},"outputs":{"calculation_error":false,"DG":1516.5421004929,"error":61.5162456512,"error_message":[],"LC_martensite_start":650.4837543488,"PAGS_energy":0.0,"solutioning_conditions":{"N":1,"P":101325,"T":1273.15,"X_AL":0.0002047601,"X_C":0.0087397167,"X_MN":0.0155872883,"X_N":0.0006705407,"X_NI":0.0053653451,"X_SI":0.0062947703,"X_V":0.001409885},"solutionizing_phases":["FCC_A1","FCC_A1","","","","","","",""]}}