{"index":808,"components":["AL","C","FE","MN","N","SI","V","VA"],"conditions":{"N":1,"P":101325,"T":1273.15,"X_AL":0.0005959457,"X_C":0.0027698631,"X_MN":0.0198823811,"X_N":0.0003562723,"X_SI":0.0073045747,"X_V":0.0048979704},"reference":"VANITEC1985","disabled":false,"model":"martensite_start","inputs":{"martensite_start":712.0,"martensite_type":"lath","PAGS":null,"parent_phase":"gamma","predicted_type":true,"solutionizing_temperature":1273.15},"outputs":{"calculation_error":false,"DG":1543.7550573172,"error":38.5477108002,"error_message":[],"LC_martensite_start":673.4522891998,"PAGS_energy":0.0,"solutioning_conditions":{"N":1,"P":101325,"T":1273.15,"X_AL":0.0005959457,"X_C":0.0027698631,"X_MN":0.0198823811,"X_N":0.0003562723,"X_SI":0.0073045747,"X_V":0.0048979704},"solutionizing_phases":["FCC_A1","FCC_A1","","","","","",""]}}