{"index":961,"components":["C","CR","FE","MN","N","SI","V","VA"],"conditions":{"N":1,"P":101325,"T":1273.15,"X_C":0.0293704146,"X_CR":0.0120030637,"X_MN":0.0112615116,"X_N":0.000193731,"X_SI":0.0077293482,"X_V":0.0015980287},"reference":"VANITEC1985","disabled":false,"model":"martensite_start","inputs":{"martensite_start":464.0,"martensite_type":"plate","PAGS":null,"parent_phase":"gamma","predicted_type":true,"solutionizing_temperature":1273.15},"outputs":{"calculation_error":false,"DG":3767.6653703974,"error":-67.6210075378,"error_message":[],"LC_martensite_start":531.6210075378,"PAGS_energy":0.0,"solutioning_conditions":{"N":1,"P":101325,"T":1273.15,"X_C":0.0293704146,"X_CR":0.0120030637,"X_MN":0.0112615116,"X_N":0.000193731,"X_SI":0.0077293482,"X_V":0.0015980287},"solutionizing_phases":["FCC_A1","FCC_A1","","","","","",""]}}