{"index":819,"components":["AL","C","CR","CU","FE","MN","MO","NI","SI","V","VA"],"conditions":{"N":1,"P":101325,"T":1273.15,"X_AL":0.0002058274,"X_C":0.0055485931,"X_CR":0.0230702833,"X_CU":0.0004369701,"X_MN":0.0047511047,"X_MO":0.0050939292,"X_NI":0.0015139121,"X_SI":0.0061298448,"X_V":0.001853306},"reference":"VANITEC1985","disabled":false,"model":"martensite_start","inputs":{"martensite_start":651.0,"martensite_type":"lath","PAGS":null,"parent_phase":"gamma","predicted_type":true,"solutionizing_temperature":1273.15},"outputs":{"calculation_error":false,"DG":2080.3278564685,"error":-54.677273798,"error_message":[],"LC_martensite_start":705.677273798,"PAGS_energy":0.0,"solutioning_conditions":{"N":1,"P":101325,"T":1273.15,"X_AL":0.0002058274,"X_C":0.0055485931,"X_CR":0.0230702833,"X_CU":0.0004369701,"X_MN":0.0047511047,"X_MO":0.0050939292,"X_NI":0.0015139121,"X_SI":0.0061298448,"X_V":0.001853306},"solutionizing_phases":["FCC_A1","","","","","","","","","",""]}}