{"index":940,"components":["C","CR","CU","FE","MN","MO","NI","SI","V","VA"],"conditions":{"N":1,"P":101325,"T":1273.15,"X_C":0.0183297646,"X_CR":0.0134430609,"X_CU":0.0013857886,"X_MN":0.0035063887,"X_MO":0.0013768187,"X_NI":0.037790357,"X_SI":0.0043112751,"X_V":0.0004321689},"reference":"VANITEC1985","disabled":false,"model":"martensite_start","inputs":{"martensite_start":543.0,"martensite_type":"lath","PAGS":null,"parent_phase":"gamma","predicted_type":true,"solutionizing_temperature":1273.15},"outputs":{"calculation_error":false,"DG":2647.4849531769,"error":-26.3221209526,"error_message":[],"LC_martensite_start":569.3221209526,"PAGS_energy":0.0,"solutioning_conditions":{"N":1,"P":101325,"T":1273.15,"X_C":0.0183297646,"X_CR":0.0134430609,"X_CU":0.0013857886,"X_MN":0.0035063887,"X_MO":0.0013768187,"X_NI":0.037790357,"X_SI":0.0043112751,"X_V":0.0004321689},"solutionizing_phases":["FCC_A1","","","","","","","","",""]}}