{"components": ["CR", "FE", "N", "VA"], "reference": ["Lenel1987"], "phases": ["BCT_PLATE"], "output": "MS", "conditions": {"P": 101325, "N": 1, "T": [674.15, 558.15, 584.15]}, "solver": {"mode": "manual", "sublattice_site_ratios": [1, 3], "sublattice_configurations": [[["CR", "FE"], ["N", "VA"]], [["CR", "FE"], ["N", "VA"]], [["CR", "FE"], ["N", "VA"]]], "sublattice_occupancies": [[[0.1319779552, 0.8566440382], [0.003391837460577001, 0.996608162539423]], [[0.1313646288, 0.8511072586], [0.005498972066663353, 0.9945010279333366]], [[0.1306771406, 0.8449009861000001], [0.007892465125694857, 0.9921075348743051]]]}, "values": [[[1829.6550687554, 1829.6550687554, 1829.6550687554], [2701.8962439701, 2701.8962439701, 2701.8962439701], [2520.2658428609, 2520.2658428609, 2520.2658428609]]]}