{"components": ["FE", "NI", "TI", "VA"], "reference": ["Ishida1974"], "phases": ["BCC_A2"], "output": "MS", "conditions": {"P": 101325, "N": 1, "T": [544.15, 547.15, 556.15, 542.15]}, "solver": {"mode": "manual", "sublattice_site_ratios": [1, 3], "sublattice_configurations": [[["FE", "NI", "TI"], "VA"], [["FE", "NI", "TI"], "VA"], [["FE", "NI", "TI"], "VA"], [["FE", "NI", "TI"], "VA"]], "sublattice_occupancies": [[[0.7904216067000001, 0.1799783791, 0.0296000142], 1.0], [[0.7902217008, 0.1809782818, 0.028800017400000003], 1.0], [[0.8055222757, 0.1859777176, 0.0085000068], 1.0], [[0.7963223141, 0.1869776665, 0.016700019400000002], 1.0]]}, "values": [[[1299.2929686032, 1299.2929686032, 1299.2929686032, 1299.2929686032], [1264.7819777153, 1264.7819777153, 1264.7819777153, 1264.7819777153], [1118.925818078, 1118.925818078, 1118.925818078, 1118.925818078], [1208.3918849426, 1208.3918849426, 1208.3918849426, 1208.3918849426]]]}