{"index":615,"components":["C","CR","CU","FE","MN","N","NI","P","S","SI","VA"],"conditions":{"N":1,"P":101325,"T":1373.15,"X_C":0.0036542886,"X_CR":0.1392785815,"X_CU":0.0003453448,"X_MN":0.0049931887,"X_N":0.0005483696,"X_NI":0.0150493514,"X_P":0.001239896,"X_S":0.00006844,"X_SI":0.0097671761},"reference":"Liu2022","disabled":false,"model":"martensite_start","inputs":{"martensite_start":539.1449677002,"martensite_type":"plate","PAGS":49.9977647181,"parent_phase":"gamma","predicted_type":true,"solutionizing_temperature":1373.15},"outputs":{"calculation_error":false,"DG":3169.5983602447,"error":-79.9710244115,"error_message":["Austenite not identified as primary phase during solutionizing treatment."],"LC_martensite_start":619.1159921117,"PAGS_energy":41.3692104397,"solutioning_conditions":{"N":1,"P":101325,"T":1373.15,"X_C":0.0036542886,"X_CR":0.1392785815,"X_CU":0.0003453448,"X_MN":0.0049931887,"X_N":0.0005483696,"X_NI":0.0150493514,"X_P":0.001239896,"X_S":0.00006844,"X_SI":0.0097671761},"solutionizing_phases":["BCC_A2","HCP_A3","LIQUID","FCC_A1","","","","","","",""]}}