{"index":616,"components":["C","CR","CU","FE","MN","N","NI","P","S","SI","VA"],"conditions":{"N":1,"P":101325,"T":1273.15,"X_C":0.0036542886,"X_CR":0.1392785815,"X_CU":0.0003453448,"X_MN":0.0049931887,"X_N":0.0005483696,"X_NI":0.0150493514,"X_P":0.001239896,"X_S":0.00006844,"X_SI":0.0097671761},"reference":"Liu2022","disabled":false,"model":"martensite_start","inputs":{"martensite_start":556.0445539787,"martensite_type":"plate","PAGS":70.0185042465,"parent_phase":"gamma","predicted_type":true,"solutionizing_temperature":1273.15},"outputs":{"calculation_error":false,"DG":3044.1260186168,"error":-77.9747045004,"error_message":["Austenite not identified as primary phase during solutionizing treatment."],"LC_martensite_start":634.0192584791,"PAGS_energy":22.1637631497,"solutioning_conditions":{"N":1,"P":101325,"T":1273.15,"X_C":0.0036542886,"X_CR":0.1392785815,"X_CU":0.0003453448,"X_MN":0.0049931887,"X_N":0.0005483696,"X_NI":0.0150493514,"X_P":0.001239896,"X_S":0.00006844,"X_SI":0.0097671761},"solutionizing_phases":["BCC_A2","FCC_A1","HCP_A3","LIQUID","","","","","","",""]}}