{"index":613,"components":["C","CR","CU","FE","MN","N","NI","P","S","SI","VA"],"conditions":{"N":1,"P":101325,"T":1173.15,"X_C":0.0036542886,"X_CR":0.1392785815,"X_CU":0.0003453448,"X_MN":0.0049931887,"X_N":0.0005483696,"X_NI":0.0150493514,"X_P":0.001239896,"X_S":0.00006844,"X_SI":0.0097671761},"reference":"Liu2022","disabled":false,"model":"martensite_start","inputs":{"martensite_start":520.2423356072,"martensite_type":"plate","PAGS":8.9410789414,"parent_phase":"gamma","predicted_type":true,"solutionizing_temperature":1173.15},"outputs":{"calculation_error":false,"DG":3489.6850308872,"error":-105.5220081302,"error_message":["Austenite not identified as primary phase during solutionizing treatment."],"LC_martensite_start":625.7643437374,"PAGS_energy":139.53013553,"solutioning_conditions":{"N":1,"P":101325,"T":1173.15,"X_C":0.0036542886,"X_CR":0.1392785815,"X_CU":0.0003453448,"X_MN":0.0049931887,"X_N":0.0005483696,"X_NI":0.0150493514,"X_P":0.001239896,"X_S":0.00006844,"X_SI":0.0097671761},"solutionizing_phases":["M7C3_D101","BCC_A2","HCP_A3","MS_B1","FCC_A1","","","","","",""]}}