{"index":612,"components":["C","CR","CU","FE","MN","N","NI","P","S","SI","VA"],"conditions":{"N":1,"P":101325,"T":1273.15,"X_C":0.0036542886,"X_CR":0.1392785815,"X_CU":0.0003453448,"X_MN":0.0049931887,"X_N":0.0005483696,"X_NI":0.0150493514,"X_P":0.001239896,"X_S":0.00006844,"X_SI":0.0097671761},"reference":"Liu2022","disabled":false,"model":"martensite_start","inputs":{"martensite_start":530.1344103667,"martensite_type":"plate","PAGS":24.945600042,"parent_phase":"gamma","predicted_type":false,"solutionizing_temperature":1273.15},"outputs":{"calculation_error":false,"DG":3340.3487942808,"error":-96.9019508152,"error_message":["Austenite not identified as primary phase during solutionizing treatment."],"LC_martensite_start":627.0363611819,"PAGS_energy":81.0186250037,"solutioning_conditions":{"N":1,"P":101325,"T":1273.15,"X_C":0.0036542886,"X_CR":0.1392785815,"X_CU":0.0003453448,"X_MN":0.0049931887,"X_N":0.0005483696,"X_NI":0.0150493514,"X_P":0.001239896,"X_S":0.00006844,"X_SI":0.0097671761},"solutionizing_phases":["BCC_A2","FCC_A1","HCP_A3","LIQUID","","","","","","",""]}}