{"components": ["CO", "FE", "VA"], "reference": ["Mirzayev1981"], "phases": ["BCT_PLATE"], "output": "MS", "conditions": {"P": 101325, "N": 1, "T": [737.3601260284, 774.114475757, 805.106248906, 846.232942412, 876.9838613688]}, "solver": {"mode": "manual", "sublattice_site_ratios": [1, 3], "sublattice_configurations": [[["CO", "FE"], "VA"], [["CO", "FE"], "VA"], [["CO", "FE"], "VA"], [["CO", "FE"], "VA"], [["CO", "FE"], "VA"]], "sublattice_occupancies": [[[0.027, 0.973], 1.0], [[0.062, 0.9380000000000001], 1.0], [[0.096, 0.904], 1.0], [[0.193, 0.807], 1.0], [[0.29, 0.71], 1.0]]}, "values": [[[2007.0071322392, 2007.0071322392, 2007.0071322392, 2007.0071322392, 2007.0071322392], [1983.8121004751, 1983.8121004751, 1983.8121004751, 1983.8121004751, 1983.8121004751], [1965.8946129612, 1965.8946129612, 1965.8946129612, 1965.8946129612, 1965.8946129612], [2158.3345078238, 2158.3345078238, 2158.3345078238, 2158.3345078238, 2158.3345078238], [2274.9468241824, 2274.9468241824, 2274.9468241824, 2274.9468241824, 2274.9468241824]]]}