{"components": ["CO", "FE", "VA"], "reference": ["Mirzayev1981"], "phases": ["BCT_LATH"], "output": "MS", "conditions": {"P": 101325, "N": 1, "T": [873.3833712585, 942.4121827411, 998.7664624541, 1083.6972518817, 1117.9063889375]}, "solver": {"mode": "manual", "sublattice_site_ratios": [1, 3], "sublattice_configurations": [[["CO", "FE"], "VA"], [["CO", "FE"], "VA"], [["CO", "FE"], "VA"], [["CO", "FE"], "VA"], [["CO", "FE"], "VA"]], "sublattice_occupancies": [[[0.027, 0.973], 1.0], [[0.062200000000000005, 0.9378000000000001], 1.0], [[0.096, 0.904], 1.0], [[0.193, 0.807], 1.0], [[0.29, 0.71], 1.0]]}, "values": [[[1074.5695102154, 1074.5695102154, 1074.5695102154, 1074.5695102154, 1074.5695102154], [846.4137402287, 846.4137402287, 846.4137402287, 846.4137402287, 846.4137402287], [673.5539983925, 673.5539983925, 673.5539983925, 673.5539983925, 673.5539983925], [517.9019049052, 517.9019049052, 517.9019049052, 517.9019049052, 517.9019049052], [535.6109564975, 535.6109564975, 535.6109564975, 535.6109564975, 535.6109564975]]]}