{"index":750,"components":["C","CR","FE","MN","N","NI","SI","VA"],"conditions":{"N":1,"P":101325,"T":1253.15,"X_C":0.0193532847,"X_CR":0.007237888,"X_MN":0.0000402959,"X_N":0.0000395128,"X_NI":0.1391780678,"X_SI":0.000689699},"reference":"Pradhan1978","disabled":false,"model":"martensite_start","inputs":{"martensite_start":375.15,"martensite_type":"lath","PAGS":null,"parent_phase":"gamma","predicted_type":false,"solutionizing_temperature":1253.15},"outputs":{"calculation_error":false,"DG":2801.9648054298,"error":15.7500418711,"error_message":[],"LC_martensite_start":359.3999581289,"PAGS_energy":0.0,"solutioning_conditions":{"N":1,"P":101325,"T":1253.15,"X_C":0.0193532847,"X_CR":0.007237888,"X_MN":0.0000402959,"X_N":0.0000395128,"X_NI":0.1391780678,"X_SI":0.000689699},"solutionizing_phases":["HCP_A3","FCC_A1","","","","","",""]}}