{"index":753,"components":["C","CR","FE","MN","N","NI","SI","VA"],"conditions":{"N":1,"P":101325,"T":1253.15,"X_C":0.0133540072,"X_CR":0.049992979,"X_MN":0.0000402688,"X_N":0.0001579451,"X_NI":0.0919692147,"X_SI":0.0005513886},"reference":"Pradhan1978","disabled":false,"model":"martensite_start","inputs":{"martensite_start":461.15,"martensite_type":"lath","PAGS":null,"parent_phase":"gamma","predicted_type":false,"solutionizing_temperature":1253.15},"outputs":{"calculation_error":false,"DG":2795.3093945771,"error":61.0566943336,"error_message":[],"LC_martensite_start":400.0933056664,"PAGS_energy":0.0,"solutioning_conditions":{"N":1,"P":101325,"T":1253.15,"X_C":0.0133540072,"X_CR":0.049992979,"X_MN":0.0000402688,"X_N":0.0001579451,"X_NI":0.0919692147,"X_SI":0.0005513886},"solutionizing_phases":["FCC_A1","HCP_A3","","","","","",""]}}