{"index":751,"components":["C","CR","FE","MN","N","NI","SI","VA"],"conditions":{"N":1,"P":101325,"T":1253.15,"X_C":0.0224313391,"X_CR":0.0317232683,"X_MN":0.0000200163,"X_N":0.0000392547,"X_NI":0.0922729492,"X_SI":0.0006460397},"reference":"Pradhan1978","disabled":false,"model":"martensite_start","inputs":{"martensite_start":396.15,"martensite_type":"lath","PAGS":null,"parent_phase":"gamma","predicted_type":false,"solutionizing_temperature":1253.15},"outputs":{"calculation_error":false,"DG":3228.9672711132,"error":51.4824310827,"error_message":[],"LC_martensite_start":344.6675689173,"PAGS_energy":0.0,"solutioning_conditions":{"N":1,"P":101325,"T":1253.15,"X_C":0.0224313391,"X_CR":0.0317232683,"X_MN":0.0000200163,"X_N":0.0000392547,"X_NI":0.0922729492,"X_SI":0.0006460397},"solutionizing_phases":["FCC_A1","HCP_A3","","","","","",""]}}