{"index":754,"components":["C","CR","FE","MN","N","NI","SI","VA"],"conditions":{"N":1,"P":101325,"T":1253.15,"X_C":0.0128317799,"X_CR":0.0919911813,"X_MN":0.000040076,"X_N":0.0000785944,"X_NI":0.046889751,"X_SI":0.0005879444},"reference":"Pradhan1978","disabled":false,"model":"martensite_start","inputs":{"martensite_start":500.15,"martensite_type":"lath","PAGS":null,"parent_phase":"gamma","predicted_type":false,"solutionizing_temperature":1253.15},"outputs":{"calculation_error":false,"DG":2832.9400378095,"error":94.2140372133,"error_message":[],"LC_martensite_start":405.9359627867,"PAGS_energy":0.0,"solutioning_conditions":{"N":1,"P":101325,"T":1253.15,"X_C":0.0128317799,"X_CR":0.0919911813,"X_MN":0.000040076,"X_N":0.0000785944,"X_NI":0.046889751,"X_SI":0.0005879444},"solutionizing_phases":["FCC_A1","HCP_A3","","","","","",""]}}