{"index":752,"components":["C","CR","FE","MN","N","NI","P","S","SI","VA"],"conditions":{"N":1,"P":101325,"T":1253.15,"X_C":0.0121297741,"X_CR":0.0178593415,"X_MN":0.0000506077,"X_N":0.0000793988,"X_NI":0.1341509419,"X_P":0.0000538576,"X_S":0.0001040494,"X_SI":0.0004949685},"reference":"Pradhan1978","disabled":false,"model":"martensite_start","inputs":{"martensite_start":435.15,"martensite_type":"lath","PAGS":null,"parent_phase":"gamma","predicted_type":false,"solutionizing_temperature":1253.15},"outputs":{"calculation_error":false,"DG":2529.9029881962,"error":12.8372188139,"error_message":[],"LC_martensite_start":422.3127811861,"PAGS_energy":0.0,"solutioning_conditions":{"N":1,"P":101325,"T":1253.15,"X_C":0.0121297741,"X_CR":0.0178593415,"X_MN":0.0000506077,"X_N":0.0000793988,"X_NI":0.1341509419,"X_P":0.0000538576,"X_S":0.0001040494,"X_SI":0.0004949685},"solutionizing_phases":["MS_B1","FCC_A1","HCP_A3","","","","","","",""]}}