{"components": ["FE", "NI", "V", "VA"], "reference": ["Ishida1974"], "phases": ["BCT_LATH"], "output": "MS", "conditions": {"P": 101325, "N": 1, "T": [559.15, 540.15, 544.15]}, "solver": {"mode": "manual", "sublattice_site_ratios": [1, 3], "sublattice_configurations": [[["FE", "NI", "V"], "VA"], [["FE", "NI", "V"], "VA"], [["FE", "NI", "V"], "VA"]], "sublattice_occupancies": [[[0.80502294, 0.1859778742, 0.0089991857], 1.0], [[0.7924238140000001, 0.1879779288, 0.0195982572], 1.0], [[0.7806245997, 0.1899779715, 0.029397428700000002], 1.0]]}, "values": [[[1093.0684103893, 1093.0684103893, 1093.0684103893], [1212.6611518873, 1212.6611518873, 1212.6611518873], [1166.1068165246, 1166.1068165246, 1166.1068165246]]]}