{"index":111,"components":["C","CR","FE","MN","MO","NI","SI","VA"],"conditions":{"N":1,"P":101325,"T":1273.15,"X_C":0.0078445431,"X_CR":0.0165214431,"X_MN":0.0060529223,"X_MO":0.00115536,"X_NI":0.0188854692,"X_SI":0.003946707},"reference":"Atkins1980","disabled":false,"model":"martensite_start","inputs":{"martensite_start":675.0,"martensite_type":"lath","PAGS":null,"parent_phase":"gamma","predicted_type":true,"solutionizing_temperature":1273.15},"outputs":{"calculation_error":false,"DG":1808.7589906955,"error":12.6341056824,"error_message":[],"LC_martensite_start":662.3658943176,"PAGS_energy":0.0,"solutioning_conditions":{"N":1,"P":101325,"T":1273.15,"X_C":0.0078445431,"X_CR":0.0165214431,"X_MN":0.0060529223,"X_MO":0.00115536,"X_NI":0.0188854692,"X_SI":0.003946707},"solutionizing_phases":["FCC_A1","","","","","","",""]}}