{"index":218,"components":["C","CR","FE","MN","MO","NI","SI","V","VA"],"conditions":{"N":1,"P":101325,"T":1273.15,"X_C":0.0227596709,"X_CR":0.0099888876,"X_MN":0.0074636687,"X_MO":0.0002849276,"X_NI":0.0013972248,"X_SI":0.0048665607,"X_V":0.0021464588},"reference":"Atkins1980","disabled":false,"model":"martensite_start","inputs":{"martensite_start":586.0,"martensite_type":"lath","PAGS":null,"parent_phase":"gamma","predicted_type":true,"solutionizing_temperature":1273.15},"outputs":{"calculation_error":false,"DG":2536.6906935386,"error":-28.1910676956,"error_message":[],"LC_martensite_start":614.1910676956,"PAGS_energy":0.0,"solutioning_conditions":{"N":1,"P":101325,"T":1273.15,"X_C":0.0227596709,"X_CR":0.0099888876,"X_MN":0.0074636687,"X_MO":0.0002849276,"X_NI":0.0013972248,"X_SI":0.0048665607,"X_V":0.0021464588},"solutionizing_phases":["FCC_A1","FCC_A1","","","","","","",""]}}