{"index":118,"components":["AL","C","CR","CU","FE","MN","NI","SI","VA"],"conditions":{"N":1,"P":101325,"T":1273.15,"X_AL":0.0009267815,"X_C":0.0046266138,"X_CR":0.0005343561,"X_CU":0.0006121268,"X_MN":0.0053608572,"X_NI":0.0345569311,"X_SI":0.0051442582},"reference":"Atkins1980","disabled":false,"model":"martensite_start","inputs":{"martensite_start":733.0,"martensite_type":"lath","PAGS":null,"parent_phase":"gamma","predicted_type":true,"solutionizing_temperature":1273.15},"outputs":{"calculation_error":false,"DG":1341.5915841082,"error":44.5667699337,"error_message":[],"LC_martensite_start":688.4332300663,"PAGS_energy":0.0,"solutioning_conditions":{"N":1,"P":101325,"T":1273.15,"X_AL":0.0009267815,"X_C":0.0046266138,"X_CR":0.0005343561,"X_CU":0.0006121268,"X_MN":0.0053608572,"X_NI":0.0345569311,"X_SI":0.0051442582},"solutionizing_phases":["FCC_A1","","","","","","","",""]}}