{"index":178,"components":["C","CR","FE","MN","MO","NI","SI","VA"],"conditions":{"N":1,"P":101325,"T":1273.15,"X_C":0.0137943072,"X_CR":0.0132765795,"X_MN":0.0060314955,"X_MO":0.0017269052,"X_NI":0.0385781633,"X_SI":0.00491592},"reference":"Atkins1980","disabled":false,"model":"martensite_start","inputs":{"martensite_start":577.0,"martensite_type":"lath","PAGS":null,"parent_phase":"gamma","predicted_type":true,"solutionizing_temperature":1273.15},"outputs":{"calculation_error":false,"DG":2394.0286405149,"error":-8.517190361,"error_message":[],"LC_martensite_start":585.517190361,"PAGS_energy":0.0,"solutioning_conditions":{"N":1,"P":101325,"T":1273.15,"X_C":0.0137943072,"X_CR":0.0132765795,"X_MN":0.0060314955,"X_MO":0.0017269052,"X_NI":0.0385781633,"X_SI":0.00491592},"solutionizing_phases":["FCC_A1","","","","","","",""]}}