{"index":90,"components":["C","CR","FE","MN","MO","NI","SI","VA"],"conditions":{"N":1,"P":101325,"T":1273.15,"X_C":0.0064792759,"X_CR":0.0243742259,"X_MN":0.004654268,"X_MO":0.0060835396,"X_NI":0.001988826,"X_SI":0.0045521067},"reference":"Atkins1980","disabled":false,"model":"martensite_start","inputs":{"martensite_start":694.0,"martensite_type":"lath","PAGS":null,"parent_phase":"gamma","predicted_type":true,"solutionizing_temperature":1273.15},"outputs":{"calculation_error":false,"DG":1772.5334286736,"error":-5.0756612778,"error_message":[],"LC_martensite_start":699.0756612778,"PAGS_energy":0.0,"solutioning_conditions":{"N":1,"P":101325,"T":1273.15,"X_C":0.0064792759,"X_CR":0.0243742259,"X_MN":0.004654268,"X_MO":0.0060835396,"X_NI":0.001988826,"X_SI":0.0045521067},"solutionizing_phases":["FCC_A1","","","","","","",""]}}