{"index":191,"components":["C","CR","FE","MN","MO","NI","SI","VA"],"conditions":{"N":1,"P":101325,"T":1273.15,"X_C":0.0196509467,"X_CR":0.0047503443,"X_MN":0.0134878867,"X_MO":0.0011442308,"X_NI":0.0070138317,"X_SI":0.0046904275},"reference":"Atkins1980","disabled":false,"model":"martensite_start","inputs":{"martensite_start":568.0,"martensite_type":"lath","PAGS":null,"parent_phase":"gamma","predicted_type":true,"solutionizing_temperature":1273.15},"outputs":{"calculation_error":false,"DG":2693.8703887258,"error":-20.3134254456,"error_message":[],"LC_martensite_start":588.3134254456,"PAGS_energy":0.0,"solutioning_conditions":{"N":1,"P":101325,"T":1273.15,"X_C":0.0196509467,"X_CR":0.0047503443,"X_MN":0.0134878867,"X_MO":0.0011442308,"X_NI":0.0070138317,"X_SI":0.0046904275},"solutionizing_phases":["FCC_A1","","","","","","",""]}}