{"index":224,"components":["C","CR","CU","FE","MN","MO","NI","SI","VA"],"conditions":{"N":1,"P":101325,"T":1273.15,"X_C":0.0272503937,"X_CR":0.001783479,"X_CU":0.0010301083,"X_MN":0.0071490634,"X_MO":0.0001705734,"X_NI":0.0018587911,"X_SI":0.0038845229},"reference":"Atkins1980","disabled":false,"model":"martensite_start","inputs":{"martensite_start":543.0,"martensite_type":"plate","PAGS":null,"parent_phase":"gamma","predicted_type":true,"solutionizing_temperature":1273.15},"outputs":{"calculation_error":false,"DG":2961.6453335755,"error":-45.4728374004,"error_message":[],"LC_martensite_start":588.4728374004,"PAGS_energy":0.0,"solutioning_conditions":{"N":1,"P":101325,"T":1273.15,"X_C":0.0272503937,"X_CR":0.001783479,"X_CU":0.0010301083,"X_MN":0.0071490634,"X_MO":0.0001705734,"X_NI":0.0018587911,"X_SI":0.0038845229},"solutionizing_phases":["FCC_A1","","","","","","","",""]}}