{"index":174,"components":["C","CR","FE","MN","MO","NI","SI","VA"],"conditions":{"N":1,"P":101325,"T":1273.15,"X_C":0.01377882,"X_CR":0.0212186777,"X_MN":0.004819779,"X_MO":0.0022999552,"X_NI":0.0187974881,"X_SI":0.0049104008},"reference":"Atkins1980","disabled":false,"model":"martensite_start","inputs":{"martensite_start":615.0,"martensite_type":"lath","PAGS":null,"parent_phase":"gamma","predicted_type":true,"solutionizing_temperature":1273.15},"outputs":{"calculation_error":false,"DG":2208.2246353363,"error":1.143576622,"error_message":[],"LC_martensite_start":613.856423378,"PAGS_energy":0.0,"solutioning_conditions":{"N":1,"P":101325,"T":1273.15,"X_C":0.01377882,"X_CR":0.0212186777,"X_MN":0.004819779,"X_MO":0.0022999552,"X_NI":0.0187974881,"X_SI":0.0049104008},"solutionizing_phases":["FCC_A1","","","","","","",""]}}