{"index":94,"components":["C","CR","FE","MN","MO","NI","SI","VA"],"conditions":{"N":1,"P":101325,"T":1273.15,"X_C":0.0069325535,"X_CR":0.0122771444,"X_MN":0.0040416349,"X_MO":0.0011571791,"X_NI":0.0387761674,"X_SI":0.0049411512},"reference":"Atkins1980","disabled":false,"model":"martensite_start","inputs":{"martensite_start":645.0,"martensite_type":"lath","PAGS":null,"parent_phase":"gamma","predicted_type":true,"solutionizing_temperature":1273.15},"outputs":{"calculation_error":false,"DG":1929.9556152272,"error":-5.440551281,"error_message":[],"LC_martensite_start":650.440551281,"PAGS_energy":0.0,"solutioning_conditions":{"N":1,"P":101325,"T":1273.15,"X_C":0.0069325535,"X_CR":0.0122771444,"X_MN":0.0040416349,"X_MO":0.0011571791,"X_NI":0.0387761674,"X_SI":0.0049411512},"solutionizing_phases":["FCC_A1","","","","","","",""]}}