{"index":187,"components":["AL","C","CR","FE","MN","MO","SI","VA"],"conditions":{"N":1,"P":101325,"T":1273.15,"X_AL":0.0201153363,"X_C":0.0189790723,"X_CR":0.0172229358,"X_MN":0.0064214657,"X_MO":0.0018668449,"X_SI":0.0057973978},"reference":"Atkins1980","disabled":false,"model":"martensite_start","inputs":{"martensite_start":590.0,"martensite_type":"lath","PAGS":null,"parent_phase":"gamma","predicted_type":true,"solutionizing_temperature":1273.15},"outputs":{"calculation_error":false,"DG":2676.8313042957,"error":-49.8479261398,"error_message":[],"LC_martensite_start":639.8479261398,"PAGS_energy":0.0,"solutioning_conditions":{"N":1,"P":101325,"T":1273.15,"X_AL":0.0201153363,"X_C":0.0189790723,"X_CR":0.0172229358,"X_MN":0.0064214657,"X_MO":0.0018668449,"X_SI":0.0057973978},"solutionizing_phases":["FCC_A1","","","","","","",""]}}