{"index":89,"components":["C","CR","FE","MN","MO","NI","SI","VA"],"conditions":{"N":1,"P":101325,"T":1273.15,"X_C":0.0064526649,"X_CR":0.0496128919,"X_MN":0.0045343883,"X_MO":0.0032312288,"X_NI":0.0012261214,"X_SI":0.0051247252},"reference":"Atkins1980","disabled":false,"model":"martensite_start","inputs":{"martensite_start":721.0,"martensite_type":"lath","PAGS":null,"parent_phase":"gamma","predicted_type":true,"solutionizing_temperature":1273.15},"outputs":{"calculation_error":false,"DG":1536.0570093107,"error":60.2455838203,"error_message":[],"LC_martensite_start":660.7544161797,"PAGS_energy":0.0,"solutioning_conditions":{"N":1,"P":101325,"T":1273.15,"X_C":0.0064526649,"X_CR":0.0496128919,"X_MN":0.0045343883,"X_MO":0.0032312288,"X_NI":0.0012261214,"X_SI":0.0051247252},"solutionizing_phases":["FCC_A1","","","","","","",""]}}