{"index":156,"components":["C","CR","FE","MN","MO","NI","SI","VA"],"conditions":{"N":1,"P":101325,"T":1273.15,"X_C":0.0164901878,"X_CR":0.0158712784,"X_MN":0.0070099716,"X_MO":0.0014336123,"X_NI":0.0140602619,"X_SI":0.0048972161},"reference":"Atkins1980","disabled":false,"model":"martensite_start","inputs":{"martensite_start":594.0,"martensite_type":"lath","PAGS":null,"parent_phase":"gamma","predicted_type":true,"solutionizing_temperature":1273.15},"outputs":{"calculation_error":false,"DG":2429.1729626602,"error":-14.0362761497,"error_message":[],"LC_martensite_start":608.0362761497,"PAGS_energy":0.0,"solutioning_conditions":{"N":1,"P":101325,"T":1273.15,"X_C":0.0164901878,"X_CR":0.0158712784,"X_MN":0.0070099716,"X_MO":0.0014336123,"X_NI":0.0140602619,"X_SI":0.0048972161},"solutionizing_phases":["FCC_A1","","","","","","",""]}}