{"index":112,"components":["C","CR","FE","MN","MO","NI","SI","VA"],"conditions":{"N":1,"P":101325,"T":1273.15,"X_C":0.0083121702,"X_CR":0.0019200475,"X_MN":0.0047449856,"X_MO":0.0013296531,"X_NI":0.0314677149,"X_SI":0.0053320209},"reference":"Atkins1980","disabled":false,"model":"martensite_start","inputs":{"martensite_start":664.0,"martensite_type":"lath","PAGS":null,"parent_phase":"gamma","predicted_type":true,"solutionizing_temperature":1273.15},"outputs":{"calculation_error":false,"DG":1842.3240961556,"error":-7.4908937454,"error_message":[],"LC_martensite_start":671.4908937454,"PAGS_energy":0.0,"solutioning_conditions":{"N":1,"P":101325,"T":1273.15,"X_C":0.0083121702,"X_CR":0.0019200475,"X_MN":0.0047449856,"X_MO":0.0013296531,"X_NI":0.0314677149,"X_SI":0.0053320209},"solutionizing_phases":["FCC_A1","","","","","","",""]}}