{"index":163,"components":["C","CR","FE","MN","MO","NI","SI","VA"],"conditions":{"N":1,"P":101325,"T":1273.15,"X_C":0.0169454252,"X_CR":0.0047605903,"X_MN":0.0135169789,"X_MO":0.0011466988,"X_NI":0.0070289598,"X_SI":0.0047005443},"reference":"Atkins1980","disabled":false,"model":"martensite_start","inputs":{"martensite_start":593.0,"martensite_type":"lath","PAGS":null,"parent_phase":"gamma","predicted_type":true,"solutionizing_temperature":1273.15},"outputs":{"calculation_error":false,"DG":2467.4381125566,"error":-9.4489694595,"error_message":[],"LC_martensite_start":602.4489694595,"PAGS_energy":0.0,"solutioning_conditions":{"N":1,"P":101325,"T":1273.15,"X_C":0.0169454252,"X_CR":0.0047605903,"X_MN":0.0135169789,"X_MO":0.0011466988,"X_NI":0.0070289598,"X_SI":0.0047005443},"solutionizing_phases":["FCC_A1","","","","","","",""]}}