{"index":104,"components":["C","CR","FE","MN","MO","NI","SI","VA"],"conditions":{"N":1,"P":101325,"T":1273.15,"X_C":0.0073845792,"X_CR":0.0111941885,"X_MN":0.0080721807,"X_MO":0.0008666937,"X_NI":0.0132224781,"X_SI":0.003947498},"reference":"Atkins1980","disabled":false,"model":"martensite_start","inputs":{"martensite_start":689.0,"martensite_type":"lath","PAGS":null,"parent_phase":"gamma","predicted_type":true,"solutionizing_temperature":1273.15},"outputs":{"calculation_error":false,"DG":1740.8762781212,"error":14.2940546513,"error_message":[],"LC_martensite_start":674.7059453487,"PAGS_energy":0.0,"solutioning_conditions":{"N":1,"P":101325,"T":1273.15,"X_C":0.0073845792,"X_CR":0.0111941885,"X_MN":0.0080721807,"X_MO":0.0008666937,"X_NI":0.0132224781,"X_SI":0.003947498},"solutionizing_phases":["FCC_A1","","","","","","",""]}}