{"index":199,"components":["C","CR","FE","MN","MO","NI","SI","VA"],"conditions":{"N":1,"P":101325,"T":1273.15,"X_C":0.018334813,"X_CR":0.0015882004,"X_MN":0.0048100861,"X_MO":0.0014345811,"X_NI":0.0164147243,"X_SI":0.0029403153},"reference":"Atkins1980","disabled":false,"model":"martensite_start","inputs":{"martensite_start":591.0,"martensite_type":"lath","PAGS":null,"parent_phase":"gamma","predicted_type":true,"solutionizing_temperature":1273.15},"outputs":{"calculation_error":false,"DG":2481.286120768,"error":-59.2502333164,"error_message":[],"LC_martensite_start":650.2502333164,"PAGS_energy":0.0,"solutioning_conditions":{"N":1,"P":101325,"T":1273.15,"X_C":0.018334813,"X_CR":0.0015882004,"X_MN":0.0048100861,"X_MO":0.0014345811,"X_NI":0.0164147243,"X_SI":0.0029403153},"solutionizing_phases":["FCC_A1","","","","","","",""]}}