{"index":102,"components":["C","CR","FE","MN","MO","NI","SI","VA"],"conditions":{"N":1,"P":101325,"T":1273.15,"X_C":0.0073831034,"X_CR":0.0021318003,"X_MN":0.0060529256,"X_MO":0.0002888402,"X_NI":0.0141641095,"X_SI":0.0049333864},"reference":"Atkins1980","disabled":false,"model":"martensite_start","inputs":{"martensite_start":645.0,"martensite_type":"lath","PAGS":null,"parent_phase":"gamma","predicted_type":true,"solutionizing_temperature":1273.15},"outputs":{"calculation_error":false,"DG":2147.0648470216,"error":-58.1685705185,"error_message":[],"LC_martensite_start":703.1685705185,"PAGS_energy":0.0,"solutioning_conditions":{"N":1,"P":101325,"T":1273.15,"X_C":0.0073831034,"X_CR":0.0021318003,"X_MN":0.0060529256,"X_MO":0.0002888402,"X_NI":0.0141641095,"X_SI":0.0049333864},"solutionizing_phases":["FCC_A1","","","","","","",""]}}