{"index":139,"components":["C","CR","FE","MN","MO","NI","SI","VA"],"conditions":{"N":1,"P":101325,"T":1273.15,"X_C":0.0092010201,"X_CR":0.0122208489,"X_MN":0.0125721953,"X_MO":0.0001151873,"X_NI":0.0014121353,"X_SI":0.0049184941},"reference":"Atkins1980","disabled":false,"model":"martensite_start","inputs":{"martensite_start":653.0,"martensite_type":"lath","PAGS":null,"parent_phase":"gamma","predicted_type":true,"solutionizing_temperature":1273.15},"outputs":{"calculation_error":false,"DG":2036.8370507936,"error":-0.5529079914,"error_message":[],"LC_martensite_start":653.5529079914,"PAGS_energy":0.0,"solutioning_conditions":{"N":1,"P":101325,"T":1273.15,"X_C":0.0092010201,"X_CR":0.0122208489,"X_MN":0.0125721953,"X_MO":0.0001151873,"X_NI":0.0014121353,"X_SI":0.0049184941},"solutionizing_phases":["FCC_A1","","","","","","",""]}}