{"index":175,"components":["AL","C","CR","FE","MN","NI","SI","TI","VA"],"conditions":{"N":1,"P":101325,"T":1273.15,"X_AL":0.0006537331,"X_C":0.0137679763,"X_CR":0.0007420693,"X_MN":0.0051169851,"X_NI":0.0284557827,"X_SI":0.0062803666,"X_TI":0.0001036391},"reference":"Atkins1980","disabled":false,"model":"martensite_start","inputs":{"martensite_start":611.0,"martensite_type":"lath","PAGS":null,"parent_phase":"gamma","predicted_type":true,"solutionizing_temperature":1273.15},"outputs":{"calculation_error":false,"DG":2283.4895525652,"error":-40.4135406017,"error_message":[],"LC_martensite_start":651.4135406017,"PAGS_energy":0.0,"solutioning_conditions":{"N":1,"P":101325,"T":1273.15,"X_AL":0.0006537331,"X_C":0.0137679763,"X_CR":0.0007420693,"X_MN":0.0051169851,"X_NI":0.0284557827,"X_SI":0.0062803666,"X_TI":0.0001036391},"solutionizing_phases":["FCC_A1","FCC_A1","","","","","","",""]}}