{"index":108,"components":["C","CR","FE","MN","MO","NI","SI","VA"],"conditions":{"N":1,"P":101325,"T":1273.15,"X_C":0.007853268,"X_CR":0.0021341702,"X_MN":0.0055546833,"X_MO":0.0014458063,"X_NI":0.0170158267,"X_SI":0.0039510966},"reference":"Atkins1980","disabled":false,"model":"martensite_start","inputs":{"martensite_start":705.0,"martensite_type":"lath","PAGS":null,"parent_phase":"gamma","predicted_type":true,"solutionizing_temperature":1273.15},"outputs":{"calculation_error":false,"DG":1633.8330043564,"error":8.0731272697,"error_message":[],"LC_martensite_start":696.9268727303,"PAGS_energy":0.0,"solutioning_conditions":{"N":1,"P":101325,"T":1273.15,"X_C":0.007853268,"X_CR":0.0021341702,"X_MN":0.0055546833,"X_MO":0.0014458063,"X_NI":0.0170158267,"X_SI":0.0039510966},"solutionizing_phases":["FCC_A1","","","","","","",""]}}