{"index":147,"components":["AL","C","CR","FE","MN","MO","SI","VA"],"conditions":{"N":1,"P":101325,"T":1273.15,"X_AL":0.0201763486,"X_C":0.0149573586,"X_CR":0.0120402736,"X_MN":0.0064409428,"X_MO":0.0011348529,"X_SI":0.0058149821},"reference":"Atkins1980","disabled":false,"model":"martensite_start","inputs":{"martensite_start":623.0,"martensite_type":"lath","PAGS":null,"parent_phase":"gamma","predicted_type":true,"solutionizing_temperature":1273.15},"outputs":{"calculation_error":false,"DG":2458.1347486399,"error":-57.3708289385,"error_message":[],"LC_martensite_start":680.3708289385,"PAGS_energy":0.0,"solutioning_conditions":{"N":1,"P":101325,"T":1273.15,"X_AL":0.0201763486,"X_C":0.0149573586,"X_CR":0.0120402736,"X_MN":0.0064409428,"X_MO":0.0011348529,"X_SI":0.0058149821},"solutionizing_phases":["FCC_A1","","","","","","",""]}}