{"index":148,"components":["C","CR","FE","MN","MO","NI","SI","VA"],"conditions":{"N":1,"P":101325,"T":1273.15,"X_C":0.0151565515,"X_CR":0.0007426463,"X_MN":0.0074304189,"X_MO":0.0006324814,"X_NI":0.032613318,"X_SI":0.0045175239},"reference":"Atkins1980","disabled":false,"model":"martensite_start","inputs":{"martensite_start":593.0,"martensite_type":"lath","PAGS":null,"parent_phase":"gamma","predicted_type":true,"solutionizing_temperature":1273.15},"outputs":{"calculation_error":false,"DG":2368.6938479152,"error":-25.9271800041,"error_message":[],"LC_martensite_start":618.9271800041,"PAGS_energy":0.0,"solutioning_conditions":{"N":1,"P":101325,"T":1273.15,"X_C":0.0151565515,"X_CR":0.0007426463,"X_MN":0.0074304189,"X_MO":0.0006324814,"X_NI":0.032613318,"X_SI":0.0045175239},"solutionizing_phases":["FCC_A1","","","","","","",""]}}