{"index":152,"components":["C","CR","FE","MN","MO","NI","SI","VA"],"conditions":{"N":1,"P":101325,"T":1273.15,"X_C":0.0160450647,"X_CR":0.0130249507,"X_MN":0.0055122796,"X_MO":0.0029269292,"X_NI":0.0013133501,"X_SI":0.0052932615},"reference":"Atkins1980","disabled":false,"model":"martensite_start","inputs":{"martensite_start":650.0,"martensite_type":"lath","PAGS":null,"parent_phase":"gamma","predicted_type":true,"solutionizing_temperature":1273.15},"outputs":{"calculation_error":false,"DG":2034.8854982912,"error":-5.911564827,"error_message":[],"LC_martensite_start":655.911564827,"PAGS_energy":0.0,"solutioning_conditions":{"N":1,"P":101325,"T":1273.15,"X_C":0.0160450647,"X_CR":0.0130249507,"X_MN":0.0055122796,"X_MO":0.0029269292,"X_NI":0.0013133501,"X_SI":0.0052932615},"solutionizing_phases":["FCC_A1","","","","","","",""]}}