{"index":120,"components":["C","CR","FE","MN","MO","NI","SI","V","VA"],"conditions":{"N":1,"P":101325,"T":1273.15,"X_C":0.0101320057,"X_CR":0.0122339904,"X_MN":0.006041143,"X_MO":0.0034593348,"X_NI":0.0012251666,"X_SI":0.0059085397,"X_V":0.0023888672},"reference":"Atkins1980","disabled":false,"model":"martensite_start","inputs":{"martensite_start":705.0,"martensite_type":"lath","PAGS":null,"parent_phase":"gamma","predicted_type":true,"solutionizing_temperature":1273.15},"outputs":{"calculation_error":false,"DG":1601.4489434067,"error":24.5946822166,"error_message":[],"LC_martensite_start":680.4053177834,"PAGS_energy":0.0,"solutioning_conditions":{"N":1,"P":101325,"T":1273.15,"X_C":0.0101320057,"X_CR":0.0122339904,"X_MN":0.006041143,"X_MO":0.0034593348,"X_NI":0.0012251666,"X_SI":0.0059085397,"X_V":0.0023888672},"solutionizing_phases":["FCC_A1","","","","","","","",""]}}