{"index":192,"components":["C","CR","CU","FE","MN","MO","NI","SI","VA"],"conditions":{"N":1,"P":101325,"T":1273.15,"X_C":0.0200831505,"X_CR":0.0014760625,"X_CU":0.0010352387,"X_MN":0.008082753,"X_MO":0.000228564,"X_NI":0.0014010366,"X_SI":0.0054654177},"reference":"Atkins1980","disabled":false,"model":"martensite_start","inputs":{"martensite_start":591.0,"martensite_type":"lath","PAGS":null,"parent_phase":"gamma","predicted_type":true,"solutionizing_temperature":1273.15},"outputs":{"calculation_error":false,"DG":2612.0671567458,"error":-63.675310421,"error_message":[],"LC_martensite_start":654.675310421,"PAGS_energy":0.0,"solutioning_conditions":{"N":1,"P":101325,"T":1273.15,"X_C":0.0200831505,"X_CR":0.0014760625,"X_CU":0.0010352387,"X_MN":0.008082753,"X_MO":0.000228564,"X_NI":0.0014010366,"X_SI":0.0054654177},"solutionizing_phases":["FCC_A1","","","","","","","",""]}}