{"index":203,"components":["C","CR","FE","MN","MO","NI","SI","VA"],"conditions":{"N":1,"P":101325,"T":1273.15,"X_C":0.0182928905,"X_CR":0.0126765519,"X_MN":0.0059988598,"X_MO":0.0008587806,"X_NI":0.0140375932,"X_SI":0.0048893205},"reference":"Atkins1980","disabled":false,"model":"martensite_start","inputs":{"martensite_start":590.0,"martensite_type":"lath","PAGS":null,"parent_phase":"gamma","predicted_type":true,"solutionizing_temperature":1273.15},"outputs":{"calculation_error":false,"DG":2483.7780343972,"error":-25.5095596313,"error_message":[],"LC_martensite_start":615.5095596313,"PAGS_energy":0.0,"solutioning_conditions":{"N":1,"P":101325,"T":1273.15,"X_C":0.0182928905,"X_CR":0.0126765519,"X_MN":0.0059988598,"X_MO":0.0008587806,"X_NI":0.0140375932,"X_SI":0.0048893205},"solutionizing_phases":["FCC_A1","","","","","","",""]}}