{"index":179,"components":["C","CR","FE","MN","MO","NI","SI","V","VA"],"conditions":{"N":1,"P":101325,"T":1273.15,"X_C":0.0137486152,"X_CR":0.0264652049,"X_MN":0.0060115169,"X_MO":0.0011474567,"X_NI":0.0028134423,"X_SI":0.0048996366,"X_V":0.0019449426},"reference":"Atkins1980","disabled":false,"model":"martensite_start","inputs":{"martensite_start":630.0,"martensite_type":"lath","PAGS":null,"parent_phase":"gamma","predicted_type":true,"solutionizing_temperature":1273.15},"outputs":{"calculation_error":false,"DG":2136.53862836,"error":6.4945077896,"error_message":[],"LC_martensite_start":623.5054922104,"PAGS_energy":0.0,"solutioning_conditions":{"N":1,"P":101325,"T":1273.15,"X_C":0.0137486152,"X_CR":0.0264652049,"X_MN":0.0060115169,"X_MO":0.0011474567,"X_NI":0.0028134423,"X_SI":0.0048996366,"X_V":0.0019449426},"solutionizing_phases":["FCC_A1","","","","","","","",""]}}