{"index":186,"components":["C","CR","FE","MN","MO","NI","SI","VA"],"conditions":{"N":1,"P":101325,"T":1273.15,"X_C":0.0187514818,"X_CR":0.0052822541,"X_MN":0.0084989599,"X_MO":0.0014313978,"X_NI":0.0051474659,"X_SI":0.0048896515},"reference":"Atkins1980","disabled":false,"model":"martensite_start","inputs":{"martensite_start":594.0,"martensite_type":"lath","PAGS":null,"parent_phase":"gamma","predicted_type":true,"solutionizing_temperature":1273.15},"outputs":{"calculation_error":false,"DG":2518.0217493117,"error":-42.1747386932,"error_message":[],"LC_martensite_start":636.1747386932,"PAGS_energy":0.0,"solutioning_conditions":{"N":1,"P":101325,"T":1273.15,"X_C":0.0187514818,"X_CR":0.0052822541,"X_MN":0.0084989599,"X_MO":0.0014313978,"X_NI":0.0051474659,"X_SI":0.0048896515},"solutionizing_phases":["FCC_A1","","","","","","",""]}}