{"index":171,"components":["AL","C","CR","FE","MN","MO","SI","VA"],"conditions":{"N":1,"P":101325,"T":1273.15,"X_AL":0.0221168826,"X_C":0.0176154697,"X_CR":0.0166934904,"X_MN":0.0054310954,"X_MO":0.0011309105,"X_SI":0.0057947811},"reference":"Atkins1980","disabled":false,"model":"martensite_start","inputs":{"martensite_start":598.0,"martensite_type":"lath","PAGS":null,"parent_phase":"gamma","predicted_type":true,"solutionizing_temperature":1273.15},"outputs":{"calculation_error":false,"DG":2645.3026479656,"error":-60.950403595,"error_message":[],"LC_martensite_start":658.950403595,"PAGS_energy":0.0,"solutioning_conditions":{"N":1,"P":101325,"T":1273.15,"X_AL":0.0221168826,"X_C":0.0176154697,"X_CR":0.0166934904,"X_MN":0.0054310954,"X_MO":0.0011309105,"X_SI":0.0057947811},"solutionizing_phases":["FCC_A1","","","","","","",""]}}