{"index":168,"components":["C","CR","FE","MN","MO","NI","SI","VA"],"conditions":{"N":1,"P":101325,"T":1273.15,"X_C":0.0173946875,"X_CR":0.0052868938,"X_MN":0.0140105824,"X_MO":0.0011461241,"X_NI":0.0070254371,"X_SI":0.0048939463},"reference":"Atkins1980","disabled":false,"model":"martensite_start","inputs":{"martensite_start":573.0,"martensite_type":"lath","PAGS":null,"parent_phase":"gamma","predicted_type":true,"solutionizing_temperature":1273.15},"outputs":{"calculation_error":false,"DG":2637.6964894883,"error":-21.3425253868,"error_message":[],"LC_martensite_start":594.3425253868,"PAGS_energy":0.0,"solutioning_conditions":{"N":1,"P":101325,"T":1273.15,"X_C":0.0173946875,"X_CR":0.0052868938,"X_MN":0.0140105824,"X_MO":0.0011461241,"X_NI":0.0070254371,"X_SI":0.0048939463},"solutionizing_phases":["FCC_A1","","","","","","",""]}}