{"index":105,"components":["C","CR","FE","MN","MO","NI","SI","VA"],"conditions":{"N":1,"P":101325,"T":1273.15,"X_C":0.0073860024,"X_CR":0.011196346,"X_MN":0.0080737364,"X_MO":0.0008668607,"X_NI":0.0170036054,"X_SI":0.0039482588},"reference":"Atkins1980","disabled":false,"model":"martensite_start","inputs":{"martensite_start":673.0,"martensite_type":"lath","PAGS":null,"parent_phase":"gamma","predicted_type":true,"solutionizing_temperature":1273.15},"outputs":{"calculation_error":false,"DG":1836.4481236601,"error":5.787926054,"error_message":[],"LC_martensite_start":667.212073946,"PAGS_energy":0.0,"solutioning_conditions":{"N":1,"P":101325,"T":1273.15,"X_C":0.0073860024,"X_CR":0.011196346,"X_MN":0.0080737364,"X_MO":0.0008668607,"X_NI":0.0170036054,"X_SI":0.0039482588},"solutionizing_phases":["FCC_A1","","","","","","",""]}}