{"index":123,"components":["C","CR","FE","MN","MO","NI","SI","VA"],"conditions":{"N":1,"P":101325,"T":1273.15,"X_C":0.0110470847,"X_CR":0.0053162329,"X_MN":0.0080504758,"X_MO":0.0011524844,"X_NI":0.0051805776,"X_SI":0.0039368838},"reference":"Atkins1980","disabled":false,"model":"martensite_start","inputs":{"martensite_start":671.0,"martensite_type":"lath","PAGS":null,"parent_phase":"gamma","predicted_type":true,"solutionizing_temperature":1273.15},"outputs":{"calculation_error":false,"DG":1916.905366939,"error":-8.5977762222,"error_message":[],"LC_martensite_start":679.5977762222,"PAGS_energy":0.0,"solutioning_conditions":{"N":1,"P":101325,"T":1273.15,"X_C":0.0110470847,"X_CR":0.0053162329,"X_MN":0.0080504758,"X_MO":0.0011524844,"X_NI":0.0051805776,"X_SI":0.0039368838},"solutionizing_phases":["FCC_A1","","","","","","",""]}}