{"index":107,"components":["C","CR","FE","MN","MO","NI","SI","VA"],"conditions":{"N":1,"P":101325,"T":1273.15,"X_C":0.0073821358,"X_CR":0.0021315209,"X_MN":0.0141216421,"X_MO":0.0002888023,"X_NI":0.0141622533,"X_SI":0.0049327399},"reference":"Atkins1980","disabled":false,"model":"martensite_start","inputs":{"martensite_start":627.0,"martensite_type":"lath","PAGS":null,"parent_phase":"gamma","predicted_type":true,"solutionizing_temperature":1273.15},"outputs":{"calculation_error":false,"DG":2169.8342566692,"error":-23.7510536671,"error_message":[],"LC_martensite_start":650.7510536671,"PAGS_energy":0.0,"solutioning_conditions":{"N":1,"P":101325,"T":1273.15,"X_C":0.0073821358,"X_CR":0.0021315209,"X_MN":0.0141216421,"X_MO":0.0002888023,"X_NI":0.0141622533,"X_SI":0.0049327399},"solutionizing_phases":["FCC_A1","","","","","","",""]}}