{"index":103,"components":["C","CR","FE","MN","MO","NI","SI","VA"],"conditions":{"N":1,"P":101325,"T":1273.15,"X_C":0.0073817127,"X_CR":0.0090584446,"X_MN":0.0080690473,"X_MO":0.0002887858,"X_NI":0.0108571053,"X_SI":0.0039459658},"reference":"Atkins1980","disabled":false,"model":"martensite_start","inputs":{"martensite_start":690.0,"martensite_type":"lath","PAGS":null,"parent_phase":"gamma","predicted_type":true,"solutionizing_temperature":1273.15},"outputs":{"calculation_error":false,"DG":1760.6822337663,"error":6.1374950409,"error_message":[],"LC_martensite_start":683.8625049591,"PAGS_energy":0.0,"solutioning_conditions":{"N":1,"P":101325,"T":1273.15,"X_C":0.0073817127,"X_CR":0.0090584446,"X_MN":0.0080690473,"X_MO":0.0002887858,"X_NI":0.0108571053,"X_SI":0.0039459658},"solutionizing_phases":["FCC_A1","","","","","","",""]}}