{"index":97,"components":["C","CR","FE","MN","MO","NI","SI","VA"],"conditions":{"N":1,"P":101325,"T":1273.15,"X_C":0.0069269522,"X_CR":0.005333576,"X_MN":0.0080767388,"X_MO":0.0011562441,"X_NI":0.0051974782,"X_SI":0.0039497271},"reference":"Atkins1980","disabled":false,"model":"martensite_start","inputs":{"martensite_start":707.0,"martensite_type":"lath","PAGS":null,"parent_phase":"gamma","predicted_type":true,"solutionizing_temperature":1273.15},"outputs":{"calculation_error":false,"DG":1684.8025244535,"error":2.8310988426,"error_message":[],"LC_martensite_start":704.1689011574,"PAGS_energy":0.0,"solutioning_conditions":{"N":1,"P":101325,"T":1273.15,"X_C":0.0069269522,"X_CR":0.005333576,"X_MN":0.0080767388,"X_MO":0.0011562441,"X_NI":0.0051974782,"X_SI":0.0039497271},"solutionizing_phases":["FCC_A1","","","","","","",""]}}