{"index":142,"components":["C","CR","FE","MN","MO","NI","SI","VA"],"conditions":{"N":1,"P":101325,"T":1273.15,"X_C":0.0142593597,"X_CR":0.0069063604,"X_MN":0.0060337137,"X_MO":0.0031671572,"X_NI":0.0240025599,"X_SI":0.0049177279},"reference":"Atkins1980","disabled":false,"model":"martensite_start","inputs":{"martensite_start":602.0,"martensite_type":"lath","PAGS":null,"parent_phase":"gamma","predicted_type":true,"solutionizing_temperature":1273.15},"outputs":{"calculation_error":false,"DG":2294.8904818693,"error":-25.6475896835,"error_message":[],"LC_martensite_start":627.6475896835,"PAGS_energy":0.0,"solutioning_conditions":{"N":1,"P":101325,"T":1273.15,"X_C":0.0142593597,"X_CR":0.0069063604,"X_MN":0.0060337137,"X_MO":0.0031671572,"X_NI":0.0240025599,"X_SI":0.0049177279},"solutionizing_phases":["FCC_A1","","","","","","",""]}}