{"index":201,"components":["C","CR","FE","MN","MO","NI","SI","VA"],"conditions":{"N":1,"P":101325,"T":1273.15,"X_C":0.0183005822,"X_CR":0.0079261763,"X_MN":0.0065014974,"X_MO":0.0014319028,"X_NI":0.0079579809,"X_SI":0.0048913764},"reference":"Atkins1980","disabled":false,"model":"martensite_start","inputs":{"martensite_start":592.0,"martensite_type":"lath","PAGS":null,"parent_phase":"gamma","predicted_type":true,"solutionizing_temperature":1273.15},"outputs":{"calculation_error":false,"DG":2519.969665878,"error":-47.261831665,"error_message":[],"LC_martensite_start":639.261831665,"PAGS_energy":0.0,"solutioning_conditions":{"N":1,"P":101325,"T":1273.15,"X_C":0.0183005822,"X_CR":0.0079261763,"X_MN":0.0065014974,"X_MO":0.0014319028,"X_NI":0.0079579809,"X_SI":0.0048913764},"solutionizing_phases":["FCC_A1","","","","","","",""]}}