{"index":141,"components":["AL","C","CR","FE","MN","MO","SI","VA"],"conditions":{"N":1,"P":101325,"T":1273.15,"X_AL":0.0221797908,"X_C":0.0140418667,"X_CR":0.0167409725,"X_MN":0.0054465433,"X_MO":0.0011341272,"X_SI":0.0058112635},"reference":"Atkins1980","disabled":false,"model":"martensite_start","inputs":{"martensite_start":630.0,"martensite_type":"lath","PAGS":null,"parent_phase":"gamma","predicted_type":true,"solutionizing_temperature":1273.15},"outputs":{"calculation_error":false,"DG":2409.6537231131,"error":-52.259894371,"error_message":[],"LC_martensite_start":682.259894371,"PAGS_energy":0.0,"solutioning_conditions":{"N":1,"P":101325,"T":1273.15,"X_AL":0.0221797908,"X_C":0.0140418667,"X_CR":0.0167409725,"X_MN":0.0054465433,"X_MO":0.0011341272,"X_SI":0.0058112635},"solutionizing_phases":["FCC_A1","","","","","","",""]}}