{"index":197,"components":["C","CR","FE","MN","MO","NI","SI","VA"],"conditions":{"N":1,"P":101325,"T":1273.15,"X_C":0.0218739542,"X_CR":0.0061053646,"X_MN":0.007472096,"X_MO":0.0011409974,"X_NI":0.0055952096,"X_SI":0.0066259955},"reference":"Atkins1980","disabled":false,"model":"martensite_start","inputs":{"martensite_start":591.0,"martensite_type":"lath","PAGS":null,"parent_phase":"gamma","predicted_type":true,"solutionizing_temperature":1273.15},"outputs":{"calculation_error":false,"DG":2539.9975769144,"error":-36.005551815,"error_message":[],"LC_martensite_start":627.005551815,"PAGS_energy":0.0,"solutioning_conditions":{"N":1,"P":101325,"T":1273.15,"X_C":0.0218739542,"X_CR":0.0061053646,"X_MN":0.007472096,"X_MO":0.0011409974,"X_NI":0.0055952096,"X_SI":0.0066259955},"solutionizing_phases":["FCC_A1","","","","","","",""]}}