{"index":143,"components":["C","CR","FE","MN","MO","NI","SI","VA"],"conditions":{"N":1,"P":101325,"T":1273.15,"X_C":0.0146634596,"X_CR":0.0322837412,"X_MN":0.0055099071,"X_MO":0.0022946427,"X_NI":0.0028131104,"X_SI":0.0048990586},"reference":"Atkins1980","disabled":false,"model":"martensite_start","inputs":{"martensite_start":614.0,"martensite_type":"lath","PAGS":null,"parent_phase":"gamma","predicted_type":true,"solutionizing_temperature":1273.15},"outputs":{"calculation_error":false,"DG":2281.4500197142,"error":4.8786478996,"error_message":[],"LC_martensite_start":609.1213521004,"PAGS_energy":0.0,"solutioning_conditions":{"N":1,"P":101325,"T":1273.15,"X_C":0.0146634596,"X_CR":0.0322837412,"X_MN":0.0055099071,"X_MO":0.0022946427,"X_NI":0.0028131104,"X_SI":0.0048990586},"solutionizing_phases":["FCC_A1","","","","","","",""]}}