{"index":204,"components":["C","CR","FE","MN","MO","NI","SI","VA"],"conditions":{"N":1,"P":101325,"T":1273.15,"X_C":0.0183041764,"X_CR":0.0126843728,"X_MN":0.0060025608,"X_MO":0.0017186208,"X_NI":0.0140462538,"X_SI":0.0048923371},"reference":"Atkins1980","disabled":false,"model":"martensite_start","inputs":{"martensite_start":574.0,"martensite_type":"lath","PAGS":null,"parent_phase":"gamma","predicted_type":true,"solutionizing_temperature":1273.15},"outputs":{"calculation_error":false,"DG":2610.176516698,"error":-39.6436923981,"error_message":[],"LC_martensite_start":613.6436923981,"PAGS_energy":0.0,"solutioning_conditions":{"N":1,"P":101325,"T":1273.15,"X_C":0.0183041764,"X_CR":0.0126843728,"X_MN":0.0060025608,"X_MO":0.0017186208,"X_NI":0.0140462538,"X_SI":0.0048923371},"solutionizing_phases":["FCC_A1","","","","","","",""]}}