{"index":129,"components":["C","CR","FE","MN","MO","NI","SI","VA"],"conditions":{"N":1,"P":101325,"T":1273.15,"X_C":0.0124101933,"X_CR":0.0047777657,"X_MN":0.0135657457,"X_MO":0.0011508359,"X_NI":0.007054319,"X_SI":0.004717503},"reference":"Atkins1980","disabled":false,"model":"martensite_start","inputs":{"martensite_start":628.0,"martensite_type":"lath","PAGS":null,"parent_phase":"gamma","predicted_type":true,"solutionizing_temperature":1273.15},"outputs":{"calculation_error":false,"DG":2176.4787581338,"error":-0.316103363,"error_message":[],"LC_martensite_start":628.316103363,"PAGS_energy":0.0,"solutioning_conditions":{"N":1,"P":101325,"T":1273.15,"X_C":0.0124101933,"X_CR":0.0047777657,"X_MN":0.0135657457,"X_MO":0.0011508359,"X_NI":0.007054319,"X_SI":0.004717503},"solutionizing_phases":["FCC_A1","","","","","","",""]}}