{"index":83,"components":["C","CR","FE","MN","MO","NI","SI","VA"],"conditions":{"N":1,"P":101325,"T":1273.15,"X_C":0.0055492094,"X_CR":0.0090795922,"X_MN":0.0045494354,"X_MO":0.0034735194,"X_NI":0.0015140803,"X_SI":0.0059327669},"reference":"Atkins1980","disabled":false,"model":"martensite_start","inputs":{"martensite_start":738.0,"martensite_type":"lath","PAGS":null,"parent_phase":"gamma","predicted_type":true,"solutionizing_temperature":1273.15},"outputs":{"calculation_error":false,"DG":1532.4474486921,"error":1.8152709961,"error_message":[],"LC_martensite_start":736.1847290039,"PAGS_energy":0.0,"solutioning_conditions":{"N":1,"P":101325,"T":1273.15,"X_C":0.0055492094,"X_CR":0.0090795922,"X_MN":0.0045494354,"X_MO":0.0034735194,"X_NI":0.0015140803,"X_SI":0.0059327669},"solutionizing_phases":["FCC_A1","","","","","","",""]}}