{"index":82,"components":["AL","C","CR","FE","MN","MO","NI","SI","VA"],"conditions":{"N":1,"P":101325,"T":1273.15,"X_AL":0.000619877,"X_C":0.0041775837,"X_CR":0.0010722108,"X_MN":0.0045665717,"X_MO":0.0002324402,"X_NI":0.085487813,"X_SI":0.0049625948},"reference":"Atkins1980","disabled":false,"model":"martensite_start","inputs":{"martensite_start":612.0,"martensite_type":"lath","PAGS":null,"parent_phase":"gamma","predicted_type":true,"solutionizing_temperature":1273.15},"outputs":{"calculation_error":false,"DG":1789.3747388532,"error":1.3719829559,"error_message":[],"LC_martensite_start":610.6280170441,"PAGS_energy":0.0,"solutioning_conditions":{"N":1,"P":101325,"T":1273.15,"X_AL":0.000619877,"X_C":0.0041775837,"X_CR":0.0010722108,"X_MN":0.0045665717,"X_MO":0.0002324402,"X_NI":0.085487813,"X_SI":0.0049625948},"solutionizing_phases":["FCC_A1","","","","","","","",""]}}