{"index":101,"components":["AL","C","CR","FE","MN","MO","NI","SI","VA"],"conditions":{"N":1,"P":101325,"T":1273.15,"X_AL":0.0006149932,"X_C":0.0073683021,"X_CR":0.0207433839,"X_MN":0.0050339925,"X_MO":0.0001729567,"X_NI":0.019036095,"X_SI":0.0061051354},"reference":"Atkins1980","disabled":false,"model":"martensite_start","inputs":{"martensite_start":725.0,"martensite_type":"lath","PAGS":null,"parent_phase":"gamma","predicted_type":true,"solutionizing_temperature":1273.15},"outputs":{"calculation_error":false,"DG":1444.4016451491,"error":58.0708146095,"error_message":[],"LC_martensite_start":666.9291853905,"PAGS_energy":0.0,"solutioning_conditions":{"N":1,"P":101325,"T":1273.15,"X_AL":0.0006149932,"X_C":0.0073683021,"X_CR":0.0207433839,"X_MN":0.0050339925,"X_MO":0.0001729567,"X_NI":0.019036095,"X_SI":0.0061051354},"solutionizing_phases":["FCC_A1","","","","","","","",""]}}