{"index":212,"components":["C","CR","FE","MN","MO","NI","SI","VA"],"conditions":{"N":1,"P":101325,"T":1273.15,"X_C":0.0241761045,"X_CR":0.0010341657,"X_MN":0.0083196798,"X_MO":0.0001120963,"X_NI":0.001465857,"X_SI":0.0363774561},"reference":"Atkins1980","disabled":false,"model":"martensite_start","inputs":{"martensite_start":561.0,"martensite_type":"lath","PAGS":null,"parent_phase":"gamma","predicted_type":true,"solutionizing_temperature":1273.15},"outputs":{"calculation_error":false,"DG":3013.3309604596,"error":-90.4089098454,"error_message":[],"LC_martensite_start":651.4089098454,"PAGS_energy":0.0,"solutioning_conditions":{"N":1,"P":101325,"T":1273.15,"X_C":0.0241761045,"X_CR":0.0010341657,"X_MN":0.0083196798,"X_MO":0.0001120963,"X_NI":0.001465857,"X_SI":0.0363774561},"solutionizing_phases":["FCC_A1","","","","","","",""]}}