{"index":84,"components":["C","CR","FE","MN","MO","NI","SI","VA"],"conditions":{"N":1,"P":101325,"T":1273.15,"X_C":0.0055502471,"X_CR":0.006196645,"X_MN":0.0053592258,"X_MO":0.0011580563,"X_NI":0.030287268,"X_SI":0.0055382845},"reference":"Atkins1980","disabled":false,"model":"martensite_start","inputs":{"martensite_start":714.0,"martensite_type":"lath","PAGS":null,"parent_phase":"gamma","predicted_type":true,"solutionizing_temperature":1273.15},"outputs":{"calculation_error":false,"DG":1490.7098361737,"error":33.74765625,"error_message":[],"LC_martensite_start":680.25234375,"PAGS_energy":0.0,"solutioning_conditions":{"N":1,"P":101325,"T":1273.15,"X_C":0.0055502471,"X_CR":0.006196645,"X_MN":0.0053592258,"X_MO":0.0011580563,"X_NI":0.030287268,"X_SI":0.0055382845},"solutionizing_phases":["FCC_A1","","","","","","",""]}}