{"index":172,"components":["C","CR","FE","MN","MO","SI","V","VA"],"conditions":{"N":1,"P":101325,"T":1273.15,"X_C":0.0178752808,"X_CR":0.0344087722,"X_MN":0.0060122168,"X_MO":0.0054510539,"X_SI":0.0029401243,"X_V":0.002161299},"reference":"Atkins1980","disabled":false,"model":"martensite_start","inputs":{"martensite_start":577.0,"martensite_type":"lath","PAGS":null,"parent_phase":"gamma","predicted_type":true,"solutionizing_temperature":1273.15},"outputs":{"calculation_error":false,"DG":2410.4848622111,"error":16.494565773,"error_message":[],"LC_martensite_start":560.505434227,"PAGS_energy":0.0,"solutioning_conditions":{"N":1,"P":101325,"T":1273.15,"X_C":0.0178752808,"X_CR":0.0344087722,"X_MN":0.0060122168,"X_MO":0.0054510539,"X_SI":0.0029401243,"X_V":0.002161299},"solutionizing_phases":["FCC_A1","","","","","","",""]}}