{"index":182,"components":["C","CR","FE","MN","MO","NI","SI","VA"],"conditions":{"N":1,"P":101325,"T":1273.15,"X_C":0.0137722626,"X_CR":0.0053021449,"X_MN":0.0080291421,"X_MO":0.0011494303,"X_NI":0.0051668491,"X_SI":0.0049080639},"reference":"Atkins1980","disabled":false,"model":"martensite_start","inputs":{"martensite_start":624.0,"martensite_type":"lath","PAGS":null,"parent_phase":"gamma","predicted_type":true,"solutionizing_temperature":1273.15},"outputs":{"calculation_error":false,"DG":2291.1042230634,"error":-41.2135665894,"error_message":[],"LC_martensite_start":665.2135665894,"PAGS_energy":0.0,"solutioning_conditions":{"N":1,"P":101325,"T":1273.15,"X_C":0.0137722626,"X_CR":0.0053021449,"X_MN":0.0080291421,"X_MO":0.0011494303,"X_NI":0.0051668491,"X_SI":0.0049080639},"solutionizing_phases":["FCC_A1","","","","","","",""]}}