{"index":98,"components":["C","CR","FE","MN","MO","NI","SI","VA"],"conditions":{"N":1,"P":101325,"T":1273.15,"X_C":0.0069229813,"X_CR":0.0067164533,"X_MN":0.0080721087,"X_MO":0.0002888953,"X_NI":0.0080278616,"X_SI":0.0039474629},"reference":"Atkins1980","disabled":false,"model":"martensite_start","inputs":{"martensite_start":701.0,"martensite_type":"lath","PAGS":null,"parent_phase":"gamma","predicted_type":true,"solutionizing_temperature":1273.15},"outputs":{"calculation_error":false,"DG":1709.1392171184,"error":4.3482248306,"error_message":[],"LC_martensite_start":696.6517751694,"PAGS_energy":0.0,"solutioning_conditions":{"N":1,"P":101325,"T":1273.15,"X_C":0.0069229813,"X_CR":0.0067164533,"X_MN":0.0080721087,"X_MO":0.0002888953,"X_NI":0.0080278616,"X_SI":0.0039474629},"solutionizing_phases":["FCC_A1","","","","","","",""]}}