{"index":100,"components":["C","CR","FE","MN","MO","NI","SI","VA"],"conditions":{"N":1,"P":101325,"T":1273.15,"X_C":0.007380132,"X_CR":0.0175802741,"X_MN":0.0050420747,"X_MO":0.0011548957,"X_NI":0.0146303561,"X_SI":0.004931401},"reference":"Atkins1980","disabled":false,"model":"martensite_start","inputs":{"martensite_start":674.0,"martensite_type":"lath","PAGS":null,"parent_phase":"gamma","predicted_type":true,"solutionizing_temperature":1273.15},"outputs":{"calculation_error":false,"DG":1869.4013322845,"error":-5.2807784557,"error_message":[],"LC_martensite_start":679.2807784557,"PAGS_energy":0.0,"solutioning_conditions":{"N":1,"P":101325,"T":1273.15,"X_C":0.007380132,"X_CR":0.0175802741,"X_MN":0.0050420747,"X_MO":0.0011548957,"X_NI":0.0146303561,"X_SI":0.004931401},"solutionizing_phases":["FCC_A1","","","","","","",""]}}