{"index":185,"components":["C","CR","FE","MN","MO","NI","SI","VA"],"conditions":{"N":1,"P":101325,"T":1273.15,"X_C":0.0187590346,"X_CR":0.0084550108,"X_MN":0.0070019626,"X_MO":0.0014319744,"X_NI":0.0168530374,"X_SI":0.004891621},"reference":"Atkins1980","disabled":false,"model":"martensite_start","inputs":{"martensite_start":574.0,"martensite_type":"lath","PAGS":null,"parent_phase":"gamma","predicted_type":true,"solutionizing_temperature":1273.15},"outputs":{"calculation_error":false,"DG":2607.734364554,"error":-37.6444997787,"error_message":[],"LC_martensite_start":611.6444997787,"PAGS_energy":0.0,"solutioning_conditions":{"N":1,"P":101325,"T":1273.15,"X_C":0.0187590346,"X_CR":0.0084550108,"X_MN":0.0070019626,"X_MO":0.0014319744,"X_NI":0.0168530374,"X_SI":0.004891621},"solutionizing_phases":["FCC_A1","","","","","","",""]}}