{"index":140,"components":["C","CR","FE","MN","MO","NI","SI","VA"],"conditions":{"N":1,"P":101325,"T":1273.15,"X_C":0.0142424824,"X_CR":0.0111432236,"X_MN":0.0055243579,"X_MO":0.0016104626,"X_NI":0.0282048831,"X_SI":0.0049119073},"reference":"Atkins1980","disabled":false,"model":"martensite_start","inputs":{"martensite_start":587.0,"martensite_type":"lath","PAGS":null,"parent_phase":"gamma","predicted_type":true,"solutionizing_temperature":1273.15},"outputs":{"calculation_error":false,"DG":2416.0375948308,"error":-27.6098124981,"error_message":[],"LC_martensite_start":614.6098124981,"PAGS_energy":0.0,"solutioning_conditions":{"N":1,"P":101325,"T":1273.15,"X_C":0.0142424824,"X_CR":0.0111432236,"X_MN":0.0055243579,"X_MO":0.0016104626,"X_NI":0.0282048831,"X_SI":0.0049119073},"solutionizing_phases":["FCC_A1","","","","","","",""]}}