{"index":225,"components":["C","CR","FE","MN","MO","NI","SI","VA"],"conditions":{"N":1,"P":101325,"T":1273.15,"X_C":0.0272497271,"X_CR":0.0052453982,"X_MN":0.00843966,"X_MO":0.0011371284,"X_NI":0.0051115504,"X_SI":0.0048555348},"reference":"Atkins1980","disabled":false,"model":"martensite_start","inputs":{"martensite_start":514.0,"martensite_type":"plate","PAGS":null,"parent_phase":"gamma","predicted_type":true,"solutionizing_temperature":1273.15},"outputs":{"calculation_error":false,"DG":3268.8751564876,"error":-58.0433300018,"error_message":[],"LC_martensite_start":572.0433300018,"PAGS_energy":0.0,"solutioning_conditions":{"N":1,"P":101325,"T":1273.15,"X_C":0.0272497271,"X_CR":0.0052453982,"X_MN":0.00843966,"X_MO":0.0011371284,"X_NI":0.0051115504,"X_SI":0.0048555348},"solutionizing_phases":["FCC_A1","","","","","","",""]}}