{"index":88,"components":["C","CR","FE","MN","MO","NI","SI","VA"],"conditions":{"N":1,"P":101325,"T":1273.15,"X_C":0.0060142294,"X_CR":0.0090834977,"X_MN":0.0050571025,"X_MO":0.001042504,"X_NI":0.0321880452,"X_SI":0.0039568792},"reference":"Atkins1980","disabled":false,"model":"martensite_start","inputs":{"martensite_start":690.0,"martensite_type":"lath","PAGS":null,"parent_phase":"gamma","predicted_type":true,"solutionizing_temperature":1273.15},"outputs":{"calculation_error":false,"DG":1644.2355776684,"error":19.9923949242,"error_message":[],"LC_martensite_start":670.0076050758,"PAGS_energy":0.0,"solutioning_conditions":{"N":1,"P":101325,"T":1273.15,"X_C":0.0060142294,"X_CR":0.0090834977,"X_MN":0.0050571025,"X_MO":0.001042504,"X_NI":0.0321880452,"X_SI":0.0039568792},"solutionizing_phases":["FCC_A1","","","","","","",""]}}