{"index":200,"components":["C","CR","FE","MN","MO","NI","SI","VA"],"conditions":{"N":1,"P":101325,"T":1273.15,"X_C":0.0183172713,"X_CR":0.0024329107,"X_MN":0.0062070836,"X_MO":0.0005732834,"X_NI":0.0323294959,"X_SI":0.0050916705},"reference":"Atkins1980","disabled":false,"model":"martensite_start","inputs":{"martensite_start":554.0,"martensite_type":"lath","PAGS":null,"parent_phase":"gamma","predicted_type":true,"solutionizing_temperature":1273.15},"outputs":{"calculation_error":false,"DG":2718.2859683871,"error":-52.9911596298,"error_message":[],"LC_martensite_start":606.9911596298,"PAGS_energy":0.0,"solutioning_conditions":{"N":1,"P":101325,"T":1273.15,"X_C":0.0183172713,"X_CR":0.0024329107,"X_MN":0.0062070836,"X_MO":0.0005732834,"X_NI":0.0323294959,"X_SI":0.0050916705},"solutionizing_phases":["FCC_A1","","","","","","",""]}}