{"index":150,"components":["C","CR","FE","MN","MO","NI","SI","VA"],"conditions":{"N":1,"P":101325,"T":1273.15,"X_C":0.015615082,"X_CR":0.0190956922,"X_MN":0.0050203093,"X_MO":0.002012343,"X_NI":0.0375927757,"X_SI":0.0039280907},"reference":"Atkins1980","disabled":false,"model":"martensite_start","inputs":{"martensite_start":550.0,"martensite_type":"lath","PAGS":null,"parent_phase":"gamma","predicted_type":true,"solutionizing_temperature":1273.15},"outputs":{"calculation_error":false,"DG":2607.8640794494,"error":-14.4897317886,"error_message":[],"LC_martensite_start":564.4897317886,"PAGS_energy":0.0,"solutioning_conditions":{"N":1,"P":101325,"T":1273.15,"X_C":0.015615082,"X_CR":0.0190956922,"X_MN":0.0050203093,"X_MO":0.002012343,"X_NI":0.0375927757,"X_SI":0.0039280907},"solutionizing_phases":["FCC_A1","","","","","","",""]}}