{"index":777,"components":["C","FE","MN","N","P","S","VA"],"conditions":{"N":1,"P":101325,"T":1223.15,"X_C":0.0019910878,"X_MN":0.1400036186,"X_N":0.0001588234,"X_P":0.0001256882,"X_S":0.0002601659},"reference":"Schumann1967","disabled":false,"model":"martensite_start","inputs":{"martensite_start":437.1452980022,"martensite_type":"epsilon","PAGS":null,"parent_phase":"gamma","predicted_type":false,"solutionizing_temperature":1223.15},"outputs":{"calculation_error":false,"DG":94.6586280919,"error":9.2990762321,"error_message":[],"LC_martensite_start":427.8462217701,"PAGS_energy":0.0,"solutioning_conditions":{"N":1,"P":101325,"T":1223.15,"X_C":0.0019910878,"X_MN":0.1400036186,"X_N":0.0001588234,"X_P":0.0001256882,"X_S":0.0002601659},"solutionizing_phases":["FCC_A1","MS_B1","","","","",""]}}