{"index":778,"components":["C","FE","MN","N","P","S","SI","VA"],"conditions":{"N":1,"P":101325,"T":1223.15,"X_C":0.0023031765,"X_MN":0.1283992582,"X_N":0.0005924899,"X_P":0.0010895857,"X_S":0.0001725418,"X_SI":0.0088645335},"reference":"Schumann1967","disabled":false,"model":"martensite_start","inputs":{"martensite_start":441.2289188905,"martensite_type":"plate","PAGS":null,"parent_phase":"gamma","predicted_type":false,"solutionizing_temperature":1223.15},"outputs":{"calculation_error":false,"DG":1924.3777632726,"error":16.6933604991,"error_message":[],"LC_martensite_start":424.5355583914,"PAGS_energy":0.0,"solutioning_conditions":{"N":1,"P":101325,"T":1223.15,"X_C":0.0023031765,"X_MN":0.1283992582,"X_N":0.0005924899,"X_P":0.0010895857,"X_S":0.0001725418,"X_SI":0.0088645335},"solutionizing_phases":["FCC_A1","MS_B1","","","","","",""]}}