{"index":773,"components":["C","FE","MN","N","P","S","SI","VA"],"conditions":{"N":1,"P":101325,"T":1223.15,"X_C":0.0019881057,"X_MN":0.2253077909,"X_N":0.0001982319,"X_P":0.0001434285,"X_S":0.0001731841,"X_SI":0.0002174953},"reference":"Schumann1967","disabled":false,"model":"martensite_start","inputs":{"martensite_start":358.8156156204,"martensite_type":"epsilon","PAGS":null,"parent_phase":"gamma","predicted_type":false,"solutionizing_temperature":1223.15},"outputs":{"calculation_error":false,"DG":205.0855225401,"error":1.0059112393,"error_message":[],"LC_martensite_start":357.8097043811,"PAGS_energy":0.0,"solutioning_conditions":{"N":1,"P":101325,"T":1223.15,"X_C":0.0019881057,"X_MN":0.2253077909,"X_N":0.0001982319,"X_P":0.0001434285,"X_S":0.0001731841,"X_SI":0.0002174953},"solutionizing_phases":["FCC_A1","MS_B1","","","","","",""]}}