{"index":775,"components":["C","FE","MN","N","P","S","VA"],"conditions":{"N":1,"P":101325,"T":1223.15,"X_C":0.002545106,"X_MN":0.1465907937,"X_N":0.0003174429,"X_P":0.0001435514,"X_S":0.0001906659},"reference":"Schumann1967","disabled":false,"model":"martensite_start","inputs":{"martensite_start":414.3557765734,"martensite_type":"epsilon","PAGS":null,"parent_phase":"gamma","predicted_type":false,"solutionizing_temperature":1223.15},"outputs":{"calculation_error":false,"DG":178.026815732,"error":-6.6092958228,"error_message":[],"LC_martensite_start":420.9650723962,"PAGS_energy":0.0,"solutioning_conditions":{"N":1,"P":101325,"T":1223.15,"X_C":0.002545106,"X_MN":0.1465907937,"X_N":0.0003174429,"X_P":0.0001435514,"X_S":0.0001906659},"solutionizing_phases":["FCC_A1","MS_B1","","","","",""]}}