{"index":774,"components":["C","FE","MN","N","P","S","VA"],"conditions":{"N":1,"P":101325,"T":1223.15,"X_C":0.0015742973,"X_MN":0.1621681132,"X_N":0.0001985228,"X_P":0.0001077292,"X_S":0.0002081259},"reference":"Schumann1967","disabled":false,"model":"martensite_start","inputs":{"martensite_start":410.2954906616,"martensite_type":"epsilon","PAGS":null,"parent_phase":"gamma","predicted_type":false,"solutionizing_temperature":1223.15},"outputs":{"calculation_error":false,"DG":157.242087851,"error":-4.4968413323,"error_message":[],"LC_martensite_start":414.7923319939,"PAGS_energy":0.0,"solutioning_conditions":{"N":1,"P":101325,"T":1223.15,"X_C":0.0015742973,"X_MN":0.1621681132,"X_N":0.0001985228,"X_P":0.0001077292,"X_S":0.0002081259},"solutionizing_phases":["FCC_A1","MS_B1","","","","",""]}}