{"index":415,"components":["C","FE","H","MN","N","O","P","S","SI","VA"],"conditions":{"N":1,"P":101325,"T":1173.15,"X_C":0.0062088225,"X_H":0.0000822054,"X_MN":0.1538374328,"X_N":0.0009267782,"X_O":0.0004488316,"X_P":0.0006331086,"X_S":0.0002411796,"X_SI":0.0040319533},"reference":"Gulyaev1978","disabled":false,"model":"martensite_start","inputs":{"martensite_start":396.2893189719,"martensite_type":"epsilon","PAGS":null,"parent_phase":"gamma","predicted_type":false,"solutionizing_temperature":1173.15},"outputs":{"calculation_error":false,"DG":294.541646994,"error":-1.1031048433,"error_message":[],"LC_martensite_start":397.3924238152,"PAGS_energy":0.0,"solutioning_conditions":{"N":1,"P":101325,"T":1173.15,"X_C":0.0062088225,"X_H":0.0000822054,"X_MN":0.1538374328,"X_N":0.0009267782,"X_O":0.0004488316,"X_P":0.0006331086,"X_S":0.0002411796,"X_SI":0.0040319533},"solutionizing_phases":["FCC_A1","CBCC_A12","TRIDYMITE","MS_B1","","","","","",""]}}