{"index":420,"components":["C","FE","H","MN","N","O","P","S","SI","VA"],"conditions":{"N":1,"P":101325,"T":1173.15,"X_C":0.0002431852,"X_H":0.0000827948,"X_MN":0.1579783703,"X_N":0.0002979008,"X_O":0.0002607977,"X_P":0.0000359238,"X_S":0.0000216883,"X_SI":0.0009904535},"reference":"Gulyaev1978","disabled":false,"model":"martensite_start","inputs":{"martensite_start":429.6546700267,"martensite_type":"epsilon","PAGS":null,"parent_phase":"gamma","predicted_type":false,"solutionizing_temperature":1173.15},"outputs":{"calculation_error":false,"DG":93.984854067,"error":2.1485273955,"error_message":[],"LC_martensite_start":427.5061426312,"PAGS_energy":0.0,"solutioning_conditions":{"N":1,"P":101325,"T":1173.15,"X_C":0.0002431852,"X_H":0.0000827948,"X_MN":0.1579783703,"X_N":0.0002979008,"X_O":0.0002607977,"X_P":0.0000359238,"X_S":0.0000216883,"X_SI":0.0009904535},"solutionizing_phases":["FCC_A1","CBCC_A12","TRIDYMITE","MS_B1","","","","","",""]}}