{"index":418,"components":["C","FE","H","MN","N","O","P","S","SI","VA"],"conditions":{"N":1,"P":101325,"T":1173.15,"X_C":0.0002430334,"X_H":0.000082743,"X_MN":0.1963375762,"X_N":0.0002977147,"X_O":0.0002606348,"X_P":0.0000359014,"X_S":0.0000216747,"X_SI":0.0009898349},"reference":"Gulyaev1978","disabled":false,"model":"martensite_start","inputs":{"martensite_start":417.1373232161,"martensite_type":"epsilon","PAGS":null,"parent_phase":"gamma","predicted_type":false,"solutionizing_temperature":1173.15},"outputs":{"calculation_error":false,"DG":78.9156660655,"error":13.6220770612,"error_message":[],"LC_martensite_start":403.5152461549,"PAGS_energy":0.0,"solutioning_conditions":{"N":1,"P":101325,"T":1173.15,"X_C":0.0002430334,"X_H":0.000082743,"X_MN":0.1963375762,"X_N":0.0002977147,"X_O":0.0002606348,"X_P":0.0000359014,"X_S":0.0000216747,"X_SI":0.0009898349},"solutionizing_phases":["FCC_A1","CBCC_A12","TRIDYMITE","MS_B1","","","","","",""]}}