{"index":423,"components":["C","FE","H","MN","N","O","P","S","SI","VA"],"conditions":{"N":1,"P":101325,"T":1173.15,"X_C":0.0002432573,"X_H":0.0000828193,"X_MN":0.1397914803,"X_N":0.000297989,"X_O":0.000260875,"X_P":0.0000359344,"X_S":0.0000216947,"X_SI":0.0009907468},"reference":"Gulyaev1978","disabled":false,"model":"martensite_start","inputs":{"martensite_start":441.5387360911,"martensite_type":"epsilon","PAGS":null,"parent_phase":"gamma","predicted_type":false,"solutionizing_temperature":1173.15},"outputs":{"calculation_error":false,"DG":77.6967024279,"error":2.747995178,"error_message":[],"LC_martensite_start":438.7907409131,"PAGS_energy":0.0,"solutioning_conditions":{"N":1,"P":101325,"T":1173.15,"X_C":0.0002432573,"X_H":0.0000828193,"X_MN":0.1397914803,"X_N":0.000297989,"X_O":0.000260875,"X_P":0.0000359344,"X_S":0.0000216947,"X_SI":0.0009907468},"solutionizing_phases":["FCC_A1","CBCC_A12","TRIDYMITE","MS_B1","","","","","",""]}}