{"index":412,"components":["C","FE","H","MN","N","O","P","S","SI","VA"],"conditions":{"N":1,"P":101325,"T":1173.15,"X_C":0.0062069981,"X_H":0.0000821812,"X_MN":0.171885432,"X_N":0.0009265059,"X_O":0.0004486997,"X_P":0.0006329225,"X_S":0.0002411087,"X_SI":0.0040307686},"reference":"Gulyaev1978","disabled":false,"model":"martensite_start","inputs":{"martensite_start":391.4467316794,"martensite_type":"epsilon","PAGS":null,"parent_phase":"gamma","predicted_type":false,"solutionizing_temperature":1173.15},"outputs":{"calculation_error":false,"DG":281.2035951161,"error":12.5159053748,"error_message":[],"LC_martensite_start":378.9308263046,"PAGS_energy":0.0,"solutioning_conditions":{"N":1,"P":101325,"T":1173.15,"X_C":0.0062069981,"X_H":0.0000821812,"X_MN":0.171885432,"X_N":0.0009265059,"X_O":0.0004486997,"X_P":0.0006329225,"X_S":0.0002411087,"X_SI":0.0040307686},"solutionizing_phases":["FCC_A1","CBCC_A12","TRIDYMITE","MS_B1","","","","","",""]}}