{"index":416,"components":["C","FE","H","MN","N","O","P","S","SI","VA"],"conditions":{"N":1,"P":101325,"T":1173.15,"X_C":0.0062081129,"X_H":0.000082196,"X_MN":0.1608573597,"X_N":0.0009266723,"X_O":0.0004487803,"X_P":0.0006330362,"X_S":0.000241152,"X_SI":0.0040314925},"reference":"Gulyaev1978","disabled":false,"model":"martensite_start","inputs":{"martensite_start":403.4363445349,"martensite_type":"epsilon","PAGS":null,"parent_phase":"gamma","predicted_type":false,"solutionizing_temperature":1173.15},"outputs":{"calculation_error":false,"DG":256.5821980106,"error":13.0957834563,"error_message":[],"LC_martensite_start":390.3405610786,"PAGS_energy":0.0,"solutioning_conditions":{"N":1,"P":101325,"T":1173.15,"X_C":0.0062081129,"X_H":0.000082196,"X_MN":0.1608573597,"X_N":0.0009266723,"X_O":0.0004487803,"X_P":0.0006330362,"X_S":0.000241152,"X_SI":0.0040314925},"solutionizing_phases":["FCC_A1","CBCC_A12","TRIDYMITE","MS_B1","","","","","",""]}}