{"index":422,"components":["C","FE","H","MN","N","O","P","S","SI","VA"],"conditions":{"N":1,"P":101325,"T":1173.15,"X_C":0.0002432092,"X_H":0.0000828029,"X_MN":0.1519172702,"X_N":0.0002979302,"X_O":0.0002608235,"X_P":0.0000359273,"X_S":0.0000216904,"X_SI":0.0009905512},"reference":"Gulyaev1978","disabled":false,"model":"martensite_start","inputs":{"martensite_start":440.9557157217,"martensite_type":"epsilon","PAGS":null,"parent_phase":"gamma","predicted_type":false,"solutionizing_temperature":1173.15},"outputs":{"calculation_error":false,"DG":61.1152457632,"error":9.6982199821,"error_message":[],"LC_martensite_start":431.2574957396,"PAGS_energy":0.0,"solutioning_conditions":{"N":1,"P":101325,"T":1173.15,"X_C":0.0002432092,"X_H":0.0000828029,"X_MN":0.1519172702,"X_N":0.0002979302,"X_O":0.0002608235,"X_P":0.0000359273,"X_S":0.0000216904,"X_SI":0.0009905512},"solutionizing_phases":["CBCC_A12","FCC_A1","TRIDYMITE","MS_B1","","","","","",""]}}