{"index":419,"components":["C","FE","H","MN","N","O","P","S","SI","VA"],"conditions":{"N":1,"P":101325,"T":1173.15,"X_C":0.0002430094,"X_H":0.0000827349,"X_MN":0.2023899132,"X_N":0.0002976854,"X_O":0.0002606091,"X_P":0.0000358978,"X_S":0.0000216726,"X_SI":0.0009897372},"reference":"Gulyaev1978","disabled":false,"model":"martensite_start","inputs":{"martensite_start":427.8025751462,"martensite_type":"epsilon","PAGS":null,"parent_phase":"gamma","predicted_type":false,"solutionizing_temperature":1173.15},"outputs":{"calculation_error":false,"DG":33.2002286537,"error":28.2133402625,"error_message":[],"LC_martensite_start":399.5892348837,"PAGS_energy":0.0,"solutioning_conditions":{"N":1,"P":101325,"T":1173.15,"X_C":0.0002430094,"X_H":0.0000827349,"X_MN":0.2023899132,"X_N":0.0002976854,"X_O":0.0002606091,"X_P":0.0000358978,"X_S":0.0000216726,"X_SI":0.0009897372},"solutionizing_phases":["CBCC_A12","FCC_A1","TRIDYMITE","MS_B1","","","","","",""]}}