{"index":417,"components":["C","FE","H","MN","N","O","P","S","SI","VA"],"conditions":{"N":1,"P":101325,"T":1173.15,"X_C":0.0062097351,"X_H":0.0000822175,"X_MN":0.144809454,"X_N":0.0009269145,"X_O":0.0004488976,"X_P":0.0006332016,"X_S":0.0002412151,"X_SI":0.004032546},"reference":"Gulyaev1978","disabled":false,"model":"martensite_start","inputs":{"martensite_start":413.2245528921,"martensite_type":"epsilon","PAGS":null,"parent_phase":"gamma","predicted_type":false,"solutionizing_temperature":1173.15},"outputs":{"calculation_error":false,"DG":246.2553921522,"error":6.943797366,"error_message":[],"LC_martensite_start":406.2807555261,"PAGS_energy":0.0,"solutioning_conditions":{"N":1,"P":101325,"T":1173.15,"X_C":0.0062097351,"X_H":0.0000822175,"X_MN":0.144809454,"X_N":0.0009269145,"X_O":0.0004488976,"X_P":0.0006332016,"X_S":0.0002412151,"X_SI":0.004032546},"solutionizing_phases":["FCC_A1","CBCC_A12","TRIDYMITE","MS_B1","","","","","",""]}}