{"index":421,"components":["C","FE","H","MN","N","O","P","S","SI","VA"],"conditions":{"N":1,"P":101325,"T":1173.15,"X_C":0.0002431293,"X_H":0.0000827757,"X_MN":0.1721162863,"X_N":0.0002978322,"X_O":0.0002607377,"X_P":0.0000359155,"X_S":0.0000216833,"X_SI":0.0009902255},"reference":"Gulyaev1978","disabled":false,"model":"martensite_start","inputs":{"martensite_start":437.5153929384,"martensite_type":"epsilon","PAGS":null,"parent_phase":"gamma","predicted_type":false,"solutionizing_temperature":1173.15},"outputs":{"calculation_error":false,"DG":43.3831256714,"error":18.761186248,"error_message":[],"LC_martensite_start":418.7542066904,"PAGS_energy":0.0,"solutioning_conditions":{"N":1,"P":101325,"T":1173.15,"X_C":0.0002431293,"X_H":0.0000827757,"X_MN":0.1721162863,"X_N":0.0002978322,"X_O":0.0002607377,"X_P":0.0000359155,"X_S":0.0000216833,"X_SI":0.0009902255},"solutionizing_phases":["CBCC_A12","FCC_A1","TRIDYMITE","MS_B1","","","","","",""]}}