{"index":413,"components":["C","FE","H","MN","N","O","P","S","SI","VA"],"conditions":{"N":1,"P":101325,"T":1173.15,"X_C":0.0062061875,"X_H":0.0000821705,"X_MN":0.1799033608,"X_N":0.0009263849,"X_O":0.0004486411,"X_P":0.0006328399,"X_S":0.0002410773,"X_SI":0.0040302422},"reference":"Gulyaev1978","disabled":false,"model":"martensite_start","inputs":{"martensite_start":393.6531622154,"martensite_type":"epsilon","PAGS":null,"parent_phase":"gamma","predicted_type":false,"solutionizing_temperature":1173.15},"outputs":{"calculation_error":false,"DG":259.7326262629,"error":23.3649348762,"error_message":[],"LC_martensite_start":370.2882273392,"PAGS_energy":0.0,"solutioning_conditions":{"N":1,"P":101325,"T":1173.15,"X_C":0.0062061875,"X_H":0.0000821705,"X_MN":0.1799033608,"X_N":0.0009263849,"X_O":0.0004486411,"X_P":0.0006328399,"X_S":0.0002410773,"X_SI":0.0040302422},"solutionizing_phases":["CBCC_A12","FCC_A1","TRIDYMITE","MS_B1","","","","","",""]}}