{"index":262,"components":["C","CR","FE","MN","MO","NI","SI","VA"],"conditions":{"N":1,"P":101325,"T":1273.15,"X_C":0.0187440412,"X_CR":0.0106659194,"X_MN":0.0066965219,"X_MO":0.0013163634,"X_NI":0.001871063,"X_SI":0.0044966943},"reference":"BISRA1949","disabled":false,"model":"martensite_start","inputs":{"martensite_start":578.0,"martensite_type":"lath","PAGS":null,"parent_phase":"gamma","predicted_type":true,"solutionizing_temperature":1273.15},"outputs":{"calculation_error":false,"DG":2679.1510233029,"error":-62.9273731232,"error_message":[],"LC_martensite_start":640.9273731232,"PAGS_energy":0.0,"solutioning_conditions":{"N":1,"P":101325,"T":1273.15,"X_C":0.0187440412,"X_CR":0.0106659194,"X_MN":0.0066965219,"X_MO":0.0013163634,"X_NI":0.001871063,"X_SI":0.0044966943},"solutionizing_phases":["FCC_A1","","","","","","",""]}}