{"index":264,"components":["C","CR","CU","FE","MN","MO","NI","SI","VA"],"conditions":{"N":1,"P":101325,"T":1273.15,"X_C":0.0218699218,"X_CR":0.0103140591,"X_CU":0.000775048,"X_MN":0.0085664239,"X_MO":0.0002281574,"X_NI":0.0016782535,"X_SI":0.0048711574},"reference":"BISRA1949","disabled":false,"model":"martensite_start","inputs":{"martensite_start":553.0,"martensite_type":"plate","PAGS":null,"parent_phase":"gamma","predicted_type":true,"solutionizing_temperature":1273.15},"outputs":{"calculation_error":false,"DG":2924.1137321186,"error":-21.3144821644,"error_message":[],"LC_martensite_start":574.3144821644,"PAGS_energy":0.0,"solutioning_conditions":{"N":1,"P":101325,"T":1273.15,"X_C":0.0218699218,"X_CR":0.0103140591,"X_CU":0.000775048,"X_MN":0.0085664239,"X_MO":0.0002281574,"X_NI":0.0016782535,"X_SI":0.0048711574},"solutionizing_phases":["FCC_A1","","","","","","","",""]}}