{"index":259,"components":["C","CR","FE","MN","MO","NI","SI","VA"],"conditions":{"N":1,"P":101325,"T":1273.15,"X_C":0.0174106603,"X_CR":0.0100543222,"X_MN":0.0069115564,"X_MO":0.0014913295,"X_NI":0.0148138446,"X_SI":0.0039187522},"reference":"BISRA1949","disabled":false,"model":"martensite_start","inputs":{"martensite_start":586.0,"martensite_type":"lath","PAGS":null,"parent_phase":"gamma","predicted_type":true,"solutionizing_temperature":1273.15},"outputs":{"calculation_error":false,"DG":2511.2651682849,"error":-32.6920150757,"error_message":[],"LC_martensite_start":618.6920150757,"PAGS_energy":0.0,"solutioning_conditions":{"N":1,"P":101325,"T":1273.15,"X_C":0.0174106603,"X_CR":0.0100543222,"X_MN":0.0069115564,"X_MO":0.0014913295,"X_NI":0.0148138446,"X_SI":0.0039187522},"solutionizing_phases":["FCC_A1","","","","","","",""]}}