{"index":255,"components":["C","CR","FE","MN","MO","NI","SI","VA"],"conditions":{"N":1,"P":101325,"T":1273.15,"X_C":0.0151370006,"X_CR":0.0010595548,"X_MN":0.0062174556,"X_MO":0.0002871207,"X_NI":0.0083540091,"X_SI":0.0041193751},"reference":"BISRA1949","disabled":false,"model":"martensite_start","inputs":{"martensite_start":633.0,"martensite_type":"lath","PAGS":null,"parent_phase":"gamma","predicted_type":true,"solutionizing_temperature":1273.15},"outputs":{"calculation_error":false,"DG":2223.8884187696,"error":-44.3236008167,"error_message":[],"LC_martensite_start":677.3236008167,"PAGS_energy":0.0,"solutioning_conditions":{"N":1,"P":101325,"T":1273.15,"X_C":0.0151370006,"X_CR":0.0010595548,"X_MN":0.0062174556,"X_MO":0.0002871207,"X_NI":0.0083540091,"X_SI":0.0041193751},"solutionizing_phases":["FCC_A1","","","","","","",""]}}