{"index":253,"components":["C","CR","CU","FE","MN","MO","NI","SI","V","W","VA"],"conditions":{"N":1,"P":101325,"T":1273.15,"X_C":0.0147121159,"X_CR":0.0128501465,"X_CU":0.0013034564,"X_MN":0.0047240897,"X_MO":0.0017266926,"X_NI":0.0388556576,"X_SI":0.005701765,"X_V":0.0001409176,"X_W":0.0003304047},"reference":"BISRA1949","disabled":false,"model":"martensite_start","inputs":{"martensite_start":568.0,"martensite_type":"lath","PAGS":null,"parent_phase":"gamma","predicted_type":true,"solutionizing_temperature":1273.15},"outputs":{"calculation_error":false,"DG":2457.412171298,"error":-17.5346794128,"error_message":[],"LC_martensite_start":585.5346794128,"PAGS_energy":0.0,"solutioning_conditions":{"N":1,"P":101325,"T":1273.15,"X_C":0.0147121159,"X_CR":0.0128501465,"X_CU":0.0013034564,"X_MN":0.0047240897,"X_MO":0.0017266926,"X_NI":0.0388556576,"X_SI":0.005701765,"X_V":0.0001409176,"X_W":0.0003304047},"solutionizing_phases":["FCC_A1","","","","","","","","","",""]}}