{"index":270,"components":["C","CR","CU","FE","MN","MO","NI","SI","V","W","VA"],"conditions":{"N":1,"P":101325,"T":1273.15,"X_C":0.0482012413,"X_CR":0.0150516764,"X_CU":0.0007592015,"X_MN":0.0051713681,"X_MO":0.0003352388,"X_NI":0.0030138904,"X_SI":0.0047715627,"X_V":0.0002630698,"X_W":0.0003207417},"reference":"BISRA1949","disabled":false,"model":"martensite_start","inputs":{"martensite_start":478.0,"martensite_type":"lath","PAGS":null,"parent_phase":"gamma","predicted_type":true,"solutionizing_temperature":1273.15},"outputs":{"calculation_error":false,"DG":3364.2346368359,"error":-11.0370109558,"error_message":[],"LC_martensite_start":489.0370109558,"PAGS_energy":0.0,"solutioning_conditions":{"N":1,"P":101325,"T":1273.15,"X_C":0.0482012413,"X_CR":0.0150516764,"X_CU":0.0007592015,"X_MN":0.0051713681,"X_MO":0.0003352388,"X_NI":0.0030138904,"X_SI":0.0047715627,"X_V":0.0002630698,"X_W":0.0003207417},"solutionizing_phases":["FCC_A1","","","","","","","","","",""]}}