{"index":265,"components":["C","CR","CU","FE","MN","MO","NI","SI","VA"],"conditions":{"N":1,"P":101325,"T":1273.15,"X_C":0.0183096486,"X_CR":0.0056039395,"X_CU":0.0006921339,"X_MN":0.0134097269,"X_MO":0.0012606987,"X_NI":0.0096479777,"X_SI":0.0041107917},"reference":"BISRA1949","disabled":false,"model":"martensite_start","inputs":{"martensite_start":558.0,"martensite_type":"lath","PAGS":null,"parent_phase":"gamma","predicted_type":true,"solutionizing_temperature":1273.15},"outputs":{"calculation_error":false,"DG":2751.8028932896,"error":-28.1124876022,"error_message":[],"LC_martensite_start":586.1124876022,"PAGS_energy":0.0,"solutioning_conditions":{"N":1,"P":101325,"T":1273.15,"X_C":0.0183096486,"X_CR":0.0056039395,"X_CU":0.0006921339,"X_MN":0.0134097269,"X_MO":0.0012606987,"X_NI":0.0096479777,"X_SI":0.0041107917},"solutionizing_phases":["FCC_A1","","","","","","","",""]}}