{"index":252,"components":["C","CR","FE","MN","MO","NI","SI","VA"],"conditions":{"N":1,"P":101325,"T":1273.15,"X_C":0.0142687114,"X_CR":0.0068045684,"X_MN":0.0062389265,"X_MO":0.0033421017,"X_NI":0.0247718168,"X_SI":0.0039367625},"reference":"BISRA1949","disabled":false,"model":"martensite_start","inputs":{"martensite_start":589.0,"martensite_type":"lath","PAGS":null,"parent_phase":"gamma","predicted_type":true,"solutionizing_temperature":1273.15},"outputs":{"calculation_error":false,"DG":2391.1876181112,"error":-35.0470042706,"error_message":[],"LC_martensite_start":624.0470042706,"PAGS_energy":0.0,"solutioning_conditions":{"N":1,"P":101325,"T":1273.15,"X_C":0.0142687114,"X_CR":0.0068045684,"X_MN":0.0062389265,"X_MO":0.0033421017,"X_NI":0.0247718168,"X_SI":0.0039367625},"solutionizing_phases":["FCC_A1","","","","","","",""]}}