{"index":248,"components":["C","CR","CU","FE","MN","MO","NI","SI","VA"],"conditions":{"N":1,"P":101325,"T":1273.15,"X_C":0.0109209149,"X_CR":0.1400069369,"X_CU":0.0007740525,"X_MN":0.002686004,"X_MO":0.0003417965,"X_NI":0.0029797293,"X_SI":0.0072000525},"reference":"BISRA1949","disabled":false,"model":"martensite_start","inputs":{"martensite_start":553.0,"martensite_type":"plate","PAGS":null,"parent_phase":"gamma","predicted_type":true,"solutionizing_temperature":1273.15},"outputs":{"calculation_error":false,"DG":2631.2436696699,"error":121.3070127487,"error_message":[],"LC_martensite_start":431.6929872513,"PAGS_energy":0.0,"solutioning_conditions":{"N":1,"P":101325,"T":1273.15,"X_C":0.0109209149,"X_CR":0.1400069369,"X_CU":0.0007740525,"X_MN":0.002686004,"X_MO":0.0003417965,"X_NI":0.0029797293,"X_SI":0.0072000525},"solutionizing_phases":["M7C3_D101","BCC_A2","FCC_A1","","","","","",""]}}