{"index":263,"components":["C","CR","FE","MN","MO","NI","SI","VA"],"conditions":{"N":1,"P":101325,"T":1273.15,"X_C":0.0192245488,"X_CR":0.0076126684,"X_MN":0.0067046604,"X_MO":0.002750532,"X_NI":0.0236977131,"X_SI":0.0060681278},"reference":"BISRA1949","disabled":false,"model":"martensite_start","inputs":{"martensite_start":558.0,"martensite_type":"lath","PAGS":null,"parent_phase":"gamma","predicted_type":true,"solutionizing_temperature":1273.15},"outputs":{"calculation_error":false,"DG":2663.892960427,"error":-37.4480529785,"error_message":[],"LC_martensite_start":595.4480529785,"PAGS_energy":0.0,"solutioning_conditions":{"N":1,"P":101325,"T":1273.15,"X_C":0.0192245488,"X_CR":0.0076126684,"X_MN":0.0067046604,"X_MO":0.002750532,"X_NI":0.0236977131,"X_SI":0.0060681278},"solutionizing_phases":["FCC_A1","","","","","","",""]}}