{"index":266,"components":["C","CR","CU","FE","MN","MO","NI","SI","V","W","VA"],"conditions":{"N":1,"P":101325,"T":1273.15,"X_C":0.0232238985,"X_CR":0.0098875878,"X_CU":0.0012910299,"X_MN":0.0071679103,"X_MO":0.0002850385,"X_NI":0.0013977685,"X_SI":0.0052579309,"X_V":0.0021472941,"X_W":0.0003272547},"reference":"BISRA1949","disabled":false,"model":"martensite_start","inputs":{"martensite_start":548.0,"martensite_type":"plate","PAGS":null,"parent_phase":"gamma","predicted_type":true,"solutionizing_temperature":1273.15},"outputs":{"calculation_error":false,"DG":2874.1503337411,"error":-25.2675800323,"error_message":[],"LC_martensite_start":573.2675800323,"PAGS_energy":0.0,"solutioning_conditions":{"N":1,"P":101325,"T":1273.15,"X_C":0.0232238985,"X_CR":0.0098875878,"X_CU":0.0012910299,"X_MN":0.0071679103,"X_MO":0.0002850385,"X_NI":0.0013977685,"X_SI":0.0052579309,"X_V":0.0021472941,"X_W":0.0003272547},"solutionizing_phases":["FCC_A1","FCC_A1","","","","","","","","",""]}}