{"index":254,"components":["C","CR","CU","FE","MN","MO","NI","SI","V","W","VA"],"conditions":{"N":1,"P":101325,"T":1273.15,"X_C":0.0147125423,"X_CR":0.0066907661,"X_CU":0.0010427954,"X_MN":0.0061314431,"X_MO":0.0012662779,"X_NI":0.0302951195,"X_SI":0.005505312,"X_V":0.0002710032,"X_W":0.0004806025},"reference":"BISRA1949","disabled":false,"model":"martensite_start","inputs":{"martensite_start":583.0,"martensite_type":"lath","PAGS":null,"parent_phase":"gamma","predicted_type":true,"solutionizing_temperature":1273.15},"outputs":{"calculation_error":false,"DG":2417.1695687981,"error":-28.7738157272,"error_message":[],"LC_martensite_start":611.7738157272,"PAGS_energy":0.0,"solutioning_conditions":{"N":1,"P":101325,"T":1273.15,"X_C":0.0147125423,"X_CR":0.0066907661,"X_CU":0.0010427954,"X_MN":0.0061314431,"X_MO":0.0012662779,"X_NI":0.0302951195,"X_SI":0.005505312,"X_V":0.0002710032,"X_W":0.0004806025},"solutionizing_phases":["FCC_A1","","","","","","","","","",""]}}