{"index":261,"components":["C","CR","FE","MN","MO","NI","SI","VA"],"conditions":{"N":1,"P":101325,"T":1273.15,"X_C":0.0178482467,"X_CR":0.0117341458,"X_MN":0.0062032283,"X_MO":0.0010312692,"X_NI":0.013485669,"X_SI":0.0045013725},"reference":"BISRA1949","disabled":false,"model":"martensite_start","inputs":{"martensite_start":593.0,"martensite_type":"lath","PAGS":null,"parent_phase":"gamma","predicted_type":true,"solutionizing_temperature":1273.15},"outputs":{"calculation_error":false,"DG":2464.265903253,"error":-27.3960846901,"error_message":[],"LC_martensite_start":620.3960846901,"PAGS_energy":0.0,"solutioning_conditions":{"N":1,"P":101325,"T":1273.15,"X_C":0.0178482467,"X_CR":0.0117341458,"X_MN":0.0062032283,"X_MO":0.0010312692,"X_NI":0.013485669,"X_SI":0.0045013725},"solutionizing_phases":["FCC_A1","","","","","","",""]}}