{"index":251,"components":["C","CR","CU","FE","MN","MO","NI","SI","VA"],"conditions":{"N":1,"P":101325,"T":1273.15,"X_C":0.0133092898,"X_CR":0.0012721423,"X_CU":0.0009541786,"X_MN":0.0167559275,"X_MO":0.0002298188,"X_NI":0.0019722194,"X_SI":0.0051028922},"reference":"BISRA1949","disabled":false,"model":"martensite_start","inputs":{"martensite_start":573.0,"martensite_type":"plate","PAGS":null,"parent_phase":"gamma","predicted_type":true,"solutionizing_temperature":1273.15},"outputs":{"calculation_error":false,"DG":2667.8586759178,"error":16.1700519562,"error_message":[],"LC_martensite_start":556.8299480438,"PAGS_energy":0.0,"solutioning_conditions":{"N":1,"P":101325,"T":1273.15,"X_C":0.0133092898,"X_CR":0.0012721423,"X_CU":0.0009541786,"X_MN":0.0167559275,"X_MO":0.0002298188,"X_NI":0.0019722194,"X_SI":0.0051028922},"solutionizing_phases":["FCC_A1","","","","","","","",""]}}