{"index":257,"components":["C","CR","CU","FE","MN","MO","NI","SI","VA"],"conditions":{"N":1,"P":101325,"T":1273.15,"X_C":0.0151503546,"X_CR":0.0016967833,"X_CU":0.0012148342,"X_MN":0.0148547618,"X_MO":0.0015518196,"X_NI":0.0024426501,"X_SI":0.003534008},"reference":"BISRA1949","disabled":false,"model":"martensite_start","inputs":{"martensite_start":613.0,"martensite_type":"lath","PAGS":null,"parent_phase":"gamma","predicted_type":true,"solutionizing_temperature":1273.15},"outputs":{"calculation_error":false,"DG":2305.7452391303,"error":-3.4691473007,"error_message":[],"LC_martensite_start":616.4691473007,"PAGS_energy":0.0,"solutioning_conditions":{"N":1,"P":101325,"T":1273.15,"X_C":0.0151503546,"X_CR":0.0016967833,"X_CU":0.0012148342,"X_MN":0.0148547618,"X_MO":0.0015518196,"X_NI":0.0024426501,"X_SI":0.003534008},"solutionizing_phases":["FCC_A1","","","","","","","",""]}}