{"index":258,"components":["C","CR","FE","MN","MO","NI","SI","VA"],"conditions":{"N":1,"P":101325,"T":1273.15,"X_C":0.0151260903,"X_CR":0.0015881867,"X_MN":0.0154322265,"X_MO":0.0002869137,"X_NI":0.0016883571,"X_SI":0.0045084447},"reference":"BISRA1949","disabled":false,"model":"martensite_start","inputs":{"martensite_start":593.0,"martensite_type":"lath","PAGS":null,"parent_phase":"gamma","predicted_type":true,"solutionizing_temperature":1273.15},"outputs":{"calculation_error":false,"DG":2515.1433184269,"error":-25.7837336063,"error_message":[],"LC_martensite_start":618.7837336063,"PAGS_energy":0.0,"solutioning_conditions":{"N":1,"P":101325,"T":1273.15,"X_C":0.0151260903,"X_CR":0.0015881867,"X_MN":0.0154322265,"X_MO":0.0002869137,"X_NI":0.0016883571,"X_SI":0.0045084447},"solutionizing_phases":["FCC_A1","","","","","","",""]}}