{"index":249,"components":["C","CR","FE","MN","MO","NI","SI","V","VA"],"conditions":{"N":1,"P":101325,"T":1273.15,"X_C":0.0115391078,"X_CR":0.0121544307,"X_MN":0.0052472371,"X_MO":0.0037559014,"X_NI":0.0314525244,"X_SI":0.0029608039,"X_V":0.0017412006},"reference":"BISRA1949","disabled":false,"model":"martensite_start","inputs":{"martensite_start":613.0,"martensite_type":"lath","PAGS":null,"parent_phase":"gamma","predicted_type":true,"solutionizing_temperature":1273.15},"outputs":{"calculation_error":false,"DG":2076.9096423645,"error":1.8949885368,"error_message":[],"LC_martensite_start":611.1050114632,"PAGS_energy":0.0,"solutioning_conditions":{"N":1,"P":101325,"T":1273.15,"X_C":0.0115391078,"X_CR":0.0121544307,"X_MN":0.0052472371,"X_MO":0.0037559014,"X_NI":0.0314525244,"X_SI":0.0029608039,"X_V":0.0017412006},"solutionizing_phases":["FCC_A1","","","","","","","",""]}}