{"index":902,"components":["C","CR","FE","MN","MO","SI","VA"],"conditions":{"N":1,"P":101325,"T":1273.15,"X_C":0.0241742971,"X_CR":0.0010340883,"X_MN":0.0083190578,"X_MO":0.0001120879,"X_SI":0.0363747365},"reference":"VanderVoort1991","disabled":false,"model":"martensite_start","inputs":{"martensite_start":558.15,"martensite_type":"lath","PAGS":7.5,"parent_phase":"gamma","predicted_type":true,"solutionizing_temperature":1273.15},"outputs":{"calculation_error":false,"DG":3250.7947671011,"error":-75.5297073698,"error_message":[],"LC_martensite_start":633.6797073698,"PAGS_energy":199.5970011712,"solutioning_conditions":{"N":1,"P":101325,"T":1273.15,"X_C":0.0241742971,"X_CR":0.0010340883,"X_MN":0.0083190578,"X_MO":0.0001120879,"X_SI":0.0363747365},"solutionizing_phases":["FCC_A1","","","","","",""]}}