{"index":898,"components":["C","CR","CU","FE","NI","S","SI","VA"],"conditions":{"N":1,"P":101325,"T":1323.15,"X_C":0.0298757075,"X_CR":0.00209123,"X_CU":0.001454465,"X_NI":0.0009263035,"X_S":0.0005086659,"X_SI":0.0058073992},"reference":"VanBohemen2009","disabled":false,"model":"martensite_start","inputs":{"martensite_start":537.15,"martensite_type":"plate","PAGS":null,"parent_phase":"gamma","predicted_type":false,"solutionizing_temperature":1323.15},"outputs":{"calculation_error":false,"DG":2222.9692541131,"error":-36.6325116205,"error_message":[],"LC_martensite_start":573.7825116205,"PAGS_energy":0.0,"solutioning_conditions":{"N":1,"P":101325,"T":1323.15,"X_C":0.0298757075,"X_CR":0.00209123,"X_CU":0.001454465,"X_NI":0.0009263035,"X_S":0.0005086659,"X_SI":0.0058073992},"solutionizing_phases":["FCC_A1","LIQUID","","","","","",""]}}