{"index":897,"components":["C","CR","CU","FE","MN","NI","P","S","SI","VA"],"conditions":{"N":1,"P":101325,"T":1323.15,"X_C":0.0360259186,"X_CR":0.0031206415,"X_CU":0.0019576408,"X_MN":0.0060055119,"X_NI":0.0018430373,"X_P":0.0002095466,"X_S":0.0006747178,"X_SI":0.0057774007},"reference":"VanBohemen2009","disabled":false,"model":"martensite_start","inputs":{"martensite_start":504.15,"martensite_type":"plate","PAGS":null,"parent_phase":"gamma","predicted_type":false,"solutionizing_temperature":1323.15},"outputs":{"calculation_error":false,"DG":3051.0528090402,"error":-62.086969471,"error_message":[],"LC_martensite_start":566.236969471,"PAGS_energy":0.0,"solutioning_conditions":{"N":1,"P":101325,"T":1323.15,"X_C":0.0360259186,"X_CR":0.0031206415,"X_CU":0.0019576408,"X_MN":0.0060055119,"X_NI":0.0018430373,"X_P":0.0002095466,"X_S":0.0006747178,"X_SI":0.0057774007},"solutionizing_phases":["FCC_A1","LIQUID","","","","","","","",""]}}