{"index":899,"components":["C","CR","CU","FE","MN","NI","P","S","SI","VA"],"conditions":{"N":1,"P":101325,"T":1323.15,"X_C":0.0209783759,"X_CR":0.0021068886,"X_CU":0.00198254,"X_MN":0.0070789281,"X_NI":0.0009332394,"X_P":0.0000353686,"X_S":0.0005124746,"X_SI":0.0050707657},"reference":"VanBohemen2009","disabled":false,"model":"martensite_start","inputs":{"martensite_start":588.15,"martensite_type":"plate","PAGS":null,"parent_phase":"gamma","predicted_type":false,"solutionizing_temperature":1323.15},"outputs":{"calculation_error":false,"DG":2610.4323305936,"error":-18.5570171571,"error_message":[],"LC_martensite_start":606.7070171571,"PAGS_energy":0.0,"solutioning_conditions":{"N":1,"P":101325,"T":1323.15,"X_C":0.0209783759,"X_CR":0.0021068886,"X_CU":0.00198254,"X_MN":0.0070789281,"X_NI":0.0009332394,"X_P":0.0000353686,"X_S":0.0005124746,"X_SI":0.0050707657},"solutionizing_phases":["FCC_A1","LIQUID","","","","","","","",""]}}