{"components": ["FE", "MN", "TI", "VA"], "reference": ["Ishida1974a"], "phases": ["HCP_A3"], "output": "MS", "conditions": {"P": 101325, "N": 1, "T": [335.15, 373.15]}, "solver": {"mode": "manual", "sublattice_site_ratios": [1, 0.5], "sublattice_configurations": [[["FE", "MN", "TI"], "VA"], [["FE", "MN", "TI"], "VA"]], "sublattice_occupancies": [[[0.8161, 0.17, 0.013900000000000001], 1.0], [[0.8181, 0.1752, 0.0067], 1.0]]}, "values": [[[42.8807525974, 42.8807525974], [82.8849169959, 82.8849169959]]]}