{"index":697,"components":["C","CR","FE","MN","MO","NI","SI","VA"],"conditions":{"N":1,"P":101325,"T":1088.7055555556,"X_C":0.0183095888,"X_CR":0.0030662965,"X_MN":0.0143103335,"X_MO":0.0018337376,"X_NI":0.0021543958,"X_SI":0.0043065296},"reference":"Payson1944","disabled":false,"model":"martensite_start","inputs":{"martensite_start":588.7055555556,"martensite_type":"lath","PAGS":null,"parent_phase":"gamma","predicted_type":true,"solutionizing_temperature":1088.7055555556},"outputs":{"calculation_error":false,"DG":2518.4668070423,"error":-13.2370268101,"error_message":[],"LC_martensite_start":601.9425823657,"PAGS_energy":0.0,"solutioning_conditions":{"N":1,"P":101325,"T":1088.7055555556,"X_C":0.0183095888,"X_CR":0.0030662965,"X_MN":0.0143103335,"X_MO":0.0018337376,"X_NI":0.0021543958,"X_SI":0.0043065296},"solutionizing_phases":["FCC_A1","","","","","","",""]}}