{"index":688,"components":["C","FE","MN","NI","SI","VA"],"conditions":{"N":1,"P":101325,"T":1199.8166666667,"X_C":0.0210210023,"X_MN":0.003496703,"X_NI":0.0451670545,"X_SI":0.005862772},"reference":"Payson1944","disabled":false,"model":"martensite_start","inputs":{"martensite_start":530.3722222222,"martensite_type":"lath","PAGS":null,"parent_phase":"gamma","predicted_type":true,"solutionizing_temperature":1199.8166666667},"outputs":{"calculation_error":false,"DG":2408.3228391781,"error":-21.0418589573,"error_message":[],"LC_martensite_start":551.4140811795,"PAGS_energy":0.0,"solutioning_conditions":{"N":1,"P":101325,"T":1199.8166666667,"X_C":0.0210210023,"X_MN":0.003496703,"X_NI":0.0451670545,"X_SI":0.005862772},"solutionizing_phases":["FCC_A1","","","","",""]}}