{"index":699,"components":["C","CR","FE","MN","MO","NI","SI","VA"],"conditions":{"N":1,"P":101325,"T":1088.7055555556,"X_C":0.0236987477,"X_CR":0.0052636816,"X_MN":0.0084690773,"X_MO":0.0014834196,"X_NI":0.0049428448,"X_SI":0.0040928658},"reference":"Payson1944","disabled":false,"model":"martensite_start","inputs":{"martensite_start":555.3722222222,"martensite_type":"lath","PAGS":null,"parent_phase":"gamma","predicted_type":true,"solutionizing_temperature":1088.7055555556},"outputs":{"calculation_error":false,"DG":2862.8848201329,"error":-58.65258955,"error_message":[],"LC_martensite_start":614.0248117722,"PAGS_energy":0.0,"solutioning_conditions":{"N":1,"P":101325,"T":1088.7055555556,"X_C":0.0236987477,"X_CR":0.0052636816,"X_MN":0.0084690773,"X_MO":0.0014834196,"X_NI":0.0049428448,"X_SI":0.0040928658},"solutionizing_phases":["FCC_A1","","","","","","",""]}}