{"index":690,"components":["C","CR","FE","MN","NI","SI","VA"],"conditions":{"N":1,"P":101325,"T":1422.0388888889,"X_C":0.020995409,"X_CR":0.0104375664,"X_MN":0.0029935249,"X_NI":0.0313823048,"X_SI":0.0054652584},"reference":"Payson1944","disabled":false,"model":"martensite_start","inputs":{"martensite_start":533.15,"martensite_type":"lath","PAGS":null,"parent_phase":"gamma","predicted_type":true,"solutionizing_temperature":1422.0388888889},"outputs":{"calculation_error":false,"DG":2812.1409769597,"error":-51.0758814526,"error_message":[],"LC_martensite_start":584.2258814526,"PAGS_energy":0.0,"solutioning_conditions":{"N":1,"P":101325,"T":1422.0388888889,"X_C":0.020995409,"X_CR":0.0104375664,"X_MN":0.0029935249,"X_NI":0.0313823048,"X_SI":0.0054652584},"solutionizing_phases":["FCC_A1","","","","","",""]}}