{"index":687,"components":["C","FE","MN","NI","SI","VA"],"conditions":{"N":1,"P":101325,"T":1366.4833333333,"X_C":0.021010387,"X_MN":0.0033950819,"X_NI":0.0314046928,"X_SI":0.0054691573},"reference":"Payson1944","disabled":false,"model":"martensite_start","inputs":{"martensite_start":552.5944444444,"martensite_type":"lath","PAGS":null,"parent_phase":"gamma","predicted_type":true,"solutionizing_temperature":1366.4833333333},"outputs":{"calculation_error":false,"DG":2334.9031676378,"error":-32.2218523778,"error_message":[],"LC_martensite_start":584.8162968222,"PAGS_energy":0.0,"solutioning_conditions":{"N":1,"P":101325,"T":1366.4833333333,"X_C":0.021010387,"X_MN":0.0033950819,"X_NI":0.0314046928,"X_SI":0.0054691573},"solutionizing_phases":["FCC_A1","","","","",""]}}