{"index":705,"components":["C","CR","FE","MN","MO","NI","SI","VA"],"conditions":{"N":1,"P":101325,"T":1088.7055555556,"X_C":0.0290225797,"X_CR":0.0025139974,"X_MN":0.0084269435,"X_MO":0.0015328103,"X_NI":0.0017631477,"X_SI":0.0056239338},"reference":"Payson1944","disabled":false,"model":"martensite_start","inputs":{"martensite_start":502.5944444444,"martensite_type":"plate","PAGS":null,"parent_phase":"gamma","predicted_type":true,"solutionizing_temperature":1088.7055555556},"outputs":{"calculation_error":false,"DG":3409.8218065642,"error":-77.1306488244,"error_message":[],"LC_martensite_start":579.7250932688,"PAGS_energy":0.0,"solutioning_conditions":{"N":1,"P":101325,"T":1088.7055555556,"X_C":0.0290225797,"X_CR":0.0025139974,"X_MN":0.0084269435,"X_MO":0.0015328103,"X_NI":0.0017631477,"X_SI":0.0056239338},"solutionizing_phases":["FCC_A1","","","","","","",""]}}