{"index":683,"components":["C","FE","MN","NI","SI","VA"],"conditions":{"N":1,"P":101325,"T":1199.8166666667,"X_C":0.0205334179,"X_MN":0.0035912559,"X_NI":0.0108314294,"X_SI":0.0060491811},"reference":"Payson1944","disabled":false,"model":"martensite_start","inputs":{"martensite_start":583.15,"martensite_type":"lath","PAGS":null,"parent_phase":"gamma","predicted_type":true,"solutionizing_temperature":1199.8166666667},"outputs":{"calculation_error":false,"DG":2295.8962185863,"error":-58.7378017688,"error_message":[],"LC_martensite_start":641.8878017688,"PAGS_energy":0.0,"solutioning_conditions":{"N":1,"P":101325,"T":1199.8166666667,"X_C":0.0205334179,"X_MN":0.0035912559,"X_NI":0.0108314294,"X_SI":0.0060491811},"solutionizing_phases":["FCC_A1","","","","",""]}}