{"index":696,"components":["C","CR","FE","MN","MO","NI","SI","VA"],"conditions":{"N":1,"P":101325,"T":1088.7055555556,"X_C":0.0223672318,"X_CR":0.005904753,"X_MN":0.0100793529,"X_MO":0.0021715426,"X_NI":0.0050441613,"X_SI":0.0039042023},"reference":"Payson1944","disabled":false,"model":"martensite_start","inputs":{"martensite_start":552.5944444444,"martensite_type":"lath","PAGS":null,"parent_phase":"gamma","predicted_type":true,"solutionizing_temperature":1088.7055555556},"outputs":{"calculation_error":false,"DG":2847.7919733931,"error":-48.8832776785,"error_message":[],"LC_martensite_start":601.4777221229,"PAGS_energy":0.0,"solutioning_conditions":{"N":1,"P":101325,"T":1088.7055555556,"X_C":0.0223672318,"X_CR":0.005904753,"X_MN":0.0100793529,"X_MO":0.0021715426,"X_NI":0.0050441613,"X_SI":0.0039042023},"solutionizing_phases":["FCC_A1","","","","","","",""]}}