{"index":689,"components":["C","FE","MN","SI","W","VA"],"conditions":{"N":1,"P":101325,"T":1547.0388888889,"X_C":0.0216866279,"X_MN":0.003813564,"X_SI":0.0054435739,"X_W":0.0147227996},"reference":"Payson1944","disabled":false,"model":"martensite_start","inputs":{"martensite_start":583.15,"martensite_type":"lath","PAGS":null,"parent_phase":"gamma","predicted_type":true,"solutionizing_temperature":1547.0388888889},"outputs":{"calculation_error":false,"DG":1846.0307405269,"error":-20.4279017305,"error_message":[],"LC_martensite_start":603.5779017305,"PAGS_energy":0.0,"solutioning_conditions":{"N":1,"P":101325,"T":1547.0388888889,"X_C":0.0216866279,"X_MN":0.003813564,"X_SI":0.0054435739,"X_W":0.0147227996},"solutionizing_phases":["FCC_A1","","","","",""]}}