{"index":679,"components":["C","CR","FE","MN","MO","NI","SI","VA"],"conditions":{"N":1,"P":101325,"T":1088.7055555556,"X_C":0.0187292364,"X_CR":0.0111850938,"X_MN":0.0085887465,"X_MO":0.0013153237,"X_NI":0.0010282719,"X_SI":0.0058606209},"reference":"Payson1944","disabled":false,"model":"martensite_start","inputs":{"martensite_start":583.15,"martensite_type":"lath","PAGS":null,"parent_phase":"gamma","predicted_type":true,"solutionizing_temperature":1088.7055555556},"outputs":{"calculation_error":false,"DG":2625.0754180087,"error":-43.7227081084,"error_message":[],"LC_martensite_start":626.8727081084,"PAGS_energy":0.0,"solutioning_conditions":{"N":1,"P":101325,"T":1088.7055555556,"X_C":0.0187292364,"X_CR":0.0111850938,"X_MN":0.0085887465,"X_MO":0.0013153237,"X_NI":0.0010282719,"X_SI":0.0058606209},"solutionizing_phases":["FCC_A1","","","","","","",""]}}