{"index":684,"components":["C","FE","MN","SI","W","VA"],"conditions":{"N":1,"P":101325,"T":1547.0388888889,"X_C":0.0214805045,"X_MN":0.0034710485,"X_SI":0.0053918347,"X_W":0.0104337652},"reference":"Payson1944","disabled":false,"model":"martensite_start","inputs":{"martensite_start":588.7055555556,"martensite_type":"lath","PAGS":null,"parent_phase":"gamma","predicted_type":true,"solutionizing_temperature":1547.0388888889},"outputs":{"calculation_error":false,"DG":1910.851874679,"error":-32.4589754334,"error_message":[],"LC_martensite_start":621.164530989,"PAGS_energy":0.0,"solutioning_conditions":{"N":1,"P":101325,"T":1547.0388888889,"X_C":0.0214805045,"X_MN":0.0034710485,"X_SI":0.0053918347,"X_W":0.0104337652},"solutionizing_phases":["FCC_A1","","","","",""]}}