{"index":693,"components":["C","FE","MN","SI","VA"],"conditions":{"N":1,"P":101325,"T":1366.4833333333,"X_C":0.0214103295,"X_MN":0.0101582941,"X_SI":0.0066235462},"reference":"Payson1944","disabled":false,"model":"martensite_start","inputs":{"martensite_start":585.9277777778,"martensite_type":"lath","PAGS":null,"parent_phase":"gamma","predicted_type":true,"solutionizing_temperature":1366.4833333333},"outputs":{"calculation_error":false,"DG":2670.9586757071,"error":-56.7452693362,"error_message":[],"LC_martensite_start":642.673047114,"PAGS_energy":0.0,"solutioning_conditions":{"N":1,"P":101325,"T":1366.4833333333,"X_C":0.0214103295,"X_MN":0.0101582941,"X_SI":0.0066235462},"solutionizing_phases":["FCC_A1","","","",""]}}