{"index":681,"components":["C","CR","FE","MN","MO","NI","SI","VA"],"conditions":{"N":1,"P":101325,"T":1088.7055555556,"X_C":0.0196568348,"X_CR":0.0028510606,"X_MN":0.0089946188,"X_MO":0.0014879457,"X_NI":0.0021515529,"X_SI":0.0044963398},"reference":"Payson1944","disabled":false,"model":"martensite_start","inputs":{"martensite_start":594.2611111111,"martensite_type":"lath","PAGS":null,"parent_phase":"gamma","predicted_type":true,"solutionizing_temperature":1088.7055555556},"outputs":{"calculation_error":false,"DG":2539.6707642065,"error":-48.1041180468,"error_message":[],"LC_martensite_start":642.3652291579,"PAGS_energy":0.0,"solutioning_conditions":{"N":1,"P":101325,"T":1088.7055555556,"X_C":0.0196568348,"X_CR":0.0028510606,"X_MN":0.0089946188,"X_MO":0.0014879457,"X_NI":0.0021515529,"X_SI":0.0044963398},"solutionizing_phases":["FCC_A1","","","","","","",""]}}