{"index":680,"components":["C","CR","FE","MN","MO","NI","SI","VA"],"conditions":{"N":1,"P":101325,"T":1088.7055555556,"X_C":0.0192252908,"X_CR":0.0085645825,"X_MN":0.0068049926,"X_MO":0.0016618439,"X_NI":0.016298661,"X_SI":0.003523565},"reference":"Payson1944","disabled":false,"model":"martensite_start","inputs":{"martensite_start":549.8166666667,"martensite_type":"plate","PAGS":null,"parent_phase":"gamma","predicted_type":true,"solutionizing_temperature":1088.7055555556},"outputs":{"calculation_error":false,"DG":2824.3089573532,"error":-28.0190070931,"error_message":[],"LC_martensite_start":577.8356737598,"PAGS_energy":0.0,"solutioning_conditions":{"N":1,"P":101325,"T":1088.7055555556,"X_C":0.0192252908,"X_CR":0.0085645825,"X_MN":0.0068049926,"X_MO":0.0016618439,"X_NI":0.016298661,"X_SI":0.003523565},"solutionizing_phases":["FCC_A1","","","","","","",""]}}