{"index":704,"components":["C","CR","FE","MN","MO","NI","SI","VA"],"conditions":{"N":1,"P":101325,"T":1130.3722222222,"X_C":0.0276986168,"X_CR":0.0098594718,"X_MN":0.0058570021,"X_MO":0.0018759048,"X_NI":0.0014867135,"X_SI":0.0046604263},"reference":"Payson1944","disabled":false,"model":"martensite_start","inputs":{"martensite_start":533.15,"martensite_type":"plate","PAGS":null,"parent_phase":"gamma","predicted_type":true,"solutionizing_temperature":1130.3722222222},"outputs":{"calculation_error":false,"DG":3006.9899338877,"error":-43.1362593412,"error_message":[],"LC_martensite_start":576.2862593412,"PAGS_energy":0.0,"solutioning_conditions":{"N":1,"P":101325,"T":1130.3722222222,"X_C":0.0276986168,"X_CR":0.0098594718,"X_MN":0.0058570021,"X_MO":0.0018759048,"X_NI":0.0014867135,"X_SI":0.0046604263},"solutionizing_phases":["FCC_A1","","","","","","",""]}}