{"index":678,"components":["C","CR","FE","MN","MO","SI","VA"],"conditions":{"N":1,"P":101325,"T":1172.0388888889,"X_C":0.0137425693,"X_CR":0.0046558278,"X_MN":0.0163241059,"X_MO":0.001892471,"X_SI":0.0095990647},"reference":"Payson1944","disabled":false,"model":"martensite_start","inputs":{"martensite_start":619.2611111111,"martensite_type":"lath","PAGS":null,"parent_phase":"gamma","predicted_type":true,"solutionizing_temperature":1172.0388888889},"outputs":{"calculation_error":false,"DG":2248.6106689251,"error":7.1510172749,"error_message":[],"LC_martensite_start":612.1100938362,"PAGS_energy":0.0,"solutioning_conditions":{"N":1,"P":101325,"T":1172.0388888889,"X_C":0.0137425693,"X_CR":0.0046558278,"X_MN":0.0163241059,"X_MO":0.001892471,"X_SI":0.0095990647},"solutionizing_phases":["FCC_A1","","","","","",""]}}