{"index":686,"components":["C","FE","MN","NI","SI","VA"],"conditions":{"N":1,"P":101325,"T":1199.8166666667,"X_C":0.021010387,"X_MN":0.0033950819,"X_NI":0.0314046928,"X_SI":0.0054691573},"reference":"Payson1944","disabled":false,"model":"martensite_start","inputs":{"martensite_start":555.3722222222,"martensite_type":"lath","PAGS":null,"parent_phase":"gamma","predicted_type":true,"solutionizing_temperature":1199.8166666667},"outputs":{"calculation_error":false,"DG":2311.4827022732,"error":-29.4440611683,"error_message":[],"LC_martensite_start":584.8162833905,"PAGS_energy":0.0,"solutioning_conditions":{"N":1,"P":101325,"T":1199.8166666667,"X_C":0.021010387,"X_MN":0.0033950819,"X_NI":0.0314046928,"X_SI":0.0054691573},"solutionizing_phases":["FCC_A1","","","","",""]}}