{"index":398,"components":["C","FE","MN","MO","P","S","SI","VA"],"conditions":{"N":1,"P":101325,"T":1273.15,"X_C":0.017883405,"X_MN":0.0043107137,"X_MO":0.0032147132,"X_P":0.0001955927,"X_S":0.0001202322,"X_SI":0.00372585},"reference":"Grange1946","disabled":false,"model":"martensite_start","inputs":{"martensite_start":635.9277777778,"martensite_type":"lath","PAGS":null,"parent_phase":"gamma","predicted_type":true,"solutionizing_temperature":1273.15},"outputs":{"calculation_error":false,"DG":2204.4495626835,"error":-63.2653760341,"error_message":[],"LC_martensite_start":699.1931538119,"PAGS_energy":0.0,"solutioning_conditions":{"N":1,"P":101325,"T":1273.15,"X_C":0.017883405,"X_MN":0.0043107137,"X_MO":0.0032147132,"X_P":0.0001955927,"X_S":0.0001202322,"X_SI":0.00372585},"solutionizing_phases":["FCC_A1","LIQUID","","","","","",""]}}