{"index":452,"components":["C","FE","MN","NI","SI","VA"],"conditions":{"N":1,"P":101325,"T":1060.9277777778,"X_C":0.0169653997,"X_MN":0.0068165779,"X_NI":0.0319960083,"X_SI":0.0041178244},"reference":"Grange1946","disabled":false,"model":"martensite_start","inputs":{"martensite_start":577.5944444444,"martensite_type":"lath","PAGS":null,"parent_phase":"gamma","predicted_type":false,"solutionizing_temperature":1060.9277777778},"outputs":{"calculation_error":false,"DG":2527.4936522408,"error":-41.2071097174,"error_message":[],"LC_martensite_start":618.8015541618,"PAGS_energy":0.0,"solutioning_conditions":{"N":1,"P":101325,"T":1060.9277777778,"X_C":0.0169653997,"X_MN":0.0068165779,"X_NI":0.0319960083,"X_SI":0.0041178244},"solutionizing_phases":["FCC_A1","","","","",""]}}