{"index":458,"components":["C","CR","FE","MN","MO","NI","SI","VA"],"conditions":{"N":1,"P":101325,"T":1116.4833333333,"X_C":0.0192175205,"X_CR":0.0084554281,"X_MN":0.007802572,"X_MO":0.0018902994,"X_NI":0.0167602366,"X_SI":0.0046961879},"reference":"Grange1946","disabled":false,"model":"martensite_start","inputs":{"martensite_start":560.9277777778,"martensite_type":"lath","PAGS":null,"parent_phase":"gamma","predicted_type":false,"solutionizing_temperature":1116.4833333333},"outputs":{"calculation_error":false,"DG":2706.0689152579,"error":-41.0222730732,"error_message":[],"LC_martensite_start":601.950050851,"PAGS_energy":0.0,"solutioning_conditions":{"N":1,"P":101325,"T":1116.4833333333,"X_C":0.0192175205,"X_CR":0.0084554281,"X_MN":0.007802572,"X_MO":0.0018902994,"X_NI":0.0167602366,"X_SI":0.0046961879},"solutionizing_phases":["FCC_A1","","","","","","",""]}}