{"index":449,"components":["C","CR","FE","MN","MO","SI","VA"],"conditions":{"N":1,"P":101325,"T":1144.2611111111,"X_C":0.0133062971,"X_CR":0.0072071852,"X_MN":0.0077240497,"X_MO":0.0011488354,"X_SI":0.0058866285},"reference":"Grange1946","disabled":false,"model":"martensite_start","inputs":{"martensite_start":649.8166666667,"martensite_type":"lath","PAGS":null,"parent_phase":"gamma","predicted_type":false,"solutionizing_temperature":1144.2611111111},"outputs":{"calculation_error":false,"DG":2109.0616019792,"error":-26.5688514582,"error_message":[],"LC_martensite_start":676.3855181249,"PAGS_energy":0.0,"solutioning_conditions":{"N":1,"P":101325,"T":1144.2611111111,"X_C":0.0133062971,"X_CR":0.0072071852,"X_MN":0.0077240497,"X_MO":0.0011488354,"X_SI":0.0058866285},"solutionizing_phases":["FCC_A1","","","","","",""]}}