{"index":399,"components":["C","CR","FE","MN","P","S","SI","VA"],"conditions":{"N":1,"P":101325,"T":1273.15,"X_C":0.0123800259,"X_CR":0.0202296657,"X_MN":0.0045109231,"X_P":0.0001244601,"X_S":0.0004121982,"X_SI":0.0049021202},"reference":"Grange1946","disabled":false,"model":"martensite_start","inputs":{"martensite_start":644.2611111111,"martensite_type":"lath","PAGS":null,"parent_phase":"gamma","predicted_type":true,"solutionizing_temperature":1273.15},"outputs":{"calculation_error":false,"DG":2155.3025595046,"error":-31.0875696553,"error_message":[],"LC_martensite_start":675.3486807664,"PAGS_energy":0.0,"solutioning_conditions":{"N":1,"P":101325,"T":1273.15,"X_C":0.0123800259,"X_CR":0.0202296657,"X_MN":0.0045109231,"X_P":0.0001244601,"X_S":0.0004121982,"X_SI":0.0049021202},"solutionizing_phases":["FCC_A1","LIQUID","","","","","",""]}}