{"index":453,"components":["C","CR","FE","MN","MO","SI","VA"],"conditions":{"N":1,"P":101325,"T":1116.4833333333,"X_C":0.0169499464,"X_CR":0.010370274,"X_MN":0.0077117412,"X_MO":0.001204355,"X_SI":0.002938624},"reference":"Grange1946","disabled":false,"model":"martensite_start","inputs":{"martensite_start":610.9277777778,"martensite_type":"lath","PAGS":null,"parent_phase":"gamma","predicted_type":false,"solutionizing_temperature":1116.4833333333},"outputs":{"calculation_error":false,"DG":2399.4287988764,"error":-36.6711295642,"error_message":[],"LC_martensite_start":647.598907342,"PAGS_energy":0.0,"solutioning_conditions":{"N":1,"P":101325,"T":1116.4833333333,"X_C":0.0169499464,"X_CR":0.010370274,"X_MN":0.0077117412,"X_MO":0.001204355,"X_SI":0.002938624},"solutionizing_phases":["FCC_A1","","","","","",""]}}