{"index":457,"components":["C","CR","FE","MN","SI","VA"],"conditions":{"N":1,"P":101325,"T":1116.4833333333,"X_C":0.0191885005,"X_CR":0.0098145919,"X_MN":0.0067919703,"X_SI":0.0031260642},"reference":"Grange1946","disabled":false,"model":"martensite_start","inputs":{"martensite_start":605.3722222222,"martensite_type":"lath","PAGS":null,"parent_phase":"gamma","predicted_type":false,"solutionizing_temperature":1116.4833333333},"outputs":{"calculation_error":false,"DG":2461.7153527912,"error":-40.841362012,"error_message":[],"LC_martensite_start":646.2135842342,"PAGS_energy":0.0,"solutioning_conditions":{"N":1,"P":101325,"T":1116.4833333333,"X_C":0.0191885005,"X_CR":0.0098145919,"X_MN":0.0067919703,"X_SI":0.0031260642},"solutionizing_phases":["FCC_A1","","","","",""]}}