{"index":459,"components":["C","CR","FE","MN","SI","V","VA"],"conditions":{"N":1,"P":101325,"T":1116.4833333333,"X_C":0.0196219756,"X_CR":0.0096974969,"X_MN":0.0073824602,"X_SI":0.0044883661,"X_V":0.0017214359},"reference":"Grange1946","disabled":false,"model":"martensite_start","inputs":{"martensite_start":599.8166666667,"martensite_type":"lath","PAGS":null,"parent_phase":"gamma","predicted_type":false,"solutionizing_temperature":1116.4833333333},"outputs":{"calculation_error":false,"DG":2509.1564267713,"error":-45.179338642,"error_message":[],"LC_martensite_start":644.9960053087,"PAGS_energy":0.0,"solutioning_conditions":{"N":1,"P":101325,"T":1116.4833333333,"X_C":0.0196219756,"X_CR":0.0096974969,"X_MN":0.0073824602,"X_SI":0.0044883661,"X_V":0.0017214359},"solutionizing_phases":["FCC_A1","FCC_A1","","","","",""]}}