{"index":460,"components":["C","FE","MN","SI","VA"],"conditions":{"N":1,"P":101325,"T":1366.4833333333,"X_C":0.0285693974,"X_MN":0.0086253138,"X_SI":0.0042664766},"reference":"Grange1946","disabled":false,"model":"martensite_start","inputs":{"martensite_start":547.0388888889,"martensite_type":"plate","PAGS":null,"parent_phase":"gamma","predicted_type":false,"solutionizing_temperature":1366.4833333333},"outputs":{"calculation_error":false,"DG":2939.0898948267,"error":-36.2026764712,"error_message":[],"LC_martensite_start":583.2415653601,"PAGS_energy":0.0,"solutioning_conditions":{"N":1,"P":101325,"T":1366.4833333333,"X_C":0.0285693974,"X_MN":0.0086253138,"X_SI":0.0042664766},"solutionizing_phases":["FCC_A1","","","",""]}}