{"index":455,"components":["C","CR","FE","MN","MO","NI","SI","VA"],"conditions":{"N":1,"P":101325,"T":1130.3722222222,"X_C":0.0173112449,"X_CR":0.004209226,"X_MN":0.0107563166,"X_MO":0.0006273444,"X_NI":0.003169587,"X_SI":0.0136373159},"reference":"Grange1946","disabled":false,"model":"martensite_start","inputs":{"martensite_start":599.8166666667,"martensite_type":"lath","PAGS":null,"parent_phase":"gamma","predicted_type":false,"solutionizing_temperature":1130.3722222222},"outputs":{"calculation_error":false,"DG":2506.3838831884,"error":-36.7482207648,"error_message":[],"LC_martensite_start":636.5648874315,"PAGS_energy":0.0,"solutioning_conditions":{"N":1,"P":101325,"T":1130.3722222222,"X_C":0.0173112449,"X_CR":0.004209226,"X_MN":0.0107563166,"X_MO":0.0006273444,"X_NI":0.003169587,"X_SI":0.0136373159},"solutionizing_phases":["FCC_A1","","","","","","",""]}}