{"index":456,"components":["C","CR","FE","MN","MO","NI","SI","VA"],"conditions":{"N":1,"P":101325,"T":1144.2611111111,"X_C":0.0137624483,"X_CR":0.0055103012,"X_MN":0.0091266408,"X_MO":0.0009763195,"X_NI":0.0057264218,"X_SI":0.0060816623},"reference":"Grange1946","disabled":false,"model":"martensite_start","inputs":{"martensite_start":638.7055555556,"martensite_type":"lath","PAGS":null,"parent_phase":"gamma","predicted_type":false,"solutionizing_temperature":1144.2611111111},"outputs":{"calculation_error":false,"DG":2151.5080813144,"error":-17.1173473851,"error_message":[],"LC_martensite_start":655.8229029407,"PAGS_energy":0.0,"solutioning_conditions":{"N":1,"P":101325,"T":1144.2611111111,"X_C":0.0137624483,"X_CR":0.0055103012,"X_MN":0.0091266408,"X_MO":0.0009763195,"X_NI":0.0057264218,"X_SI":0.0060816623},"solutionizing_phases":["FCC_A1","","","","","","",""]}}