{"index":451,"components":["C","FE","MN","MO","NI","SI","VA"],"conditions":{"N":1,"P":101325,"T":1116.4833333333,"X_C":0.0165194222,"X_MN":0.0063201592,"X_MO":0.0013212615,"X_NI":0.0172778312,"X_SI":0.0037284825},"reference":"Grange1946","disabled":false,"model":"martensite_start","inputs":{"martensite_start":610.9277777778,"martensite_type":"lath","PAGS":null,"parent_phase":"gamma","predicted_type":false,"solutionizing_temperature":1116.4833333333},"outputs":{"calculation_error":false,"DG":2327.7379759796,"error":-41.9572236211,"error_message":[],"LC_martensite_start":652.8850013989,"PAGS_energy":0.0,"solutioning_conditions":{"N":1,"P":101325,"T":1116.4833333333,"X_C":0.0165194222,"X_MN":0.0063201592,"X_MO":0.0013212615,"X_NI":0.0172778312,"X_SI":0.0037284825},"solutionizing_phases":["FCC_A1","","","","","",""]}}