{"index":454,"components":["C","CR","FE","MN","NI","SI","VA"],"conditions":{"N":1,"P":101325,"T":1116.4833333333,"X_C":0.0173939307,"X_CR":0.0051809305,"X_MN":0.0072051289,"X_NI":0.0123642313,"X_SI":0.0041107361},"reference":"Grange1946","disabled":false,"model":"martensite_start","inputs":{"martensite_start":605.3722222222,"martensite_type":"lath","PAGS":null,"parent_phase":"gamma","predicted_type":false,"solutionizing_temperature":1116.4833333333},"outputs":{"calculation_error":false,"DG":2407.8011876436,"error":-34.3482701341,"error_message":[],"LC_martensite_start":639.7204923563,"PAGS_energy":0.0,"solutioning_conditions":{"N":1,"P":101325,"T":1116.4833333333,"X_C":0.0173939307,"X_CR":0.0051809305,"X_MN":0.0072051289,"X_NI":0.0123642313,"X_SI":0.0041107361},"solutionizing_phases":["FCC_A1","","","","","",""]}}