{"index":397,"components":["C","CR","FE","MN","P","S","SI","VA"],"conditions":{"N":1,"P":101325,"T":1273.15,"X_C":0.0173723209,"X_CR":0.0058081053,"X_MN":0.0036980356,"X_P":0.000390006,"X_S":0.0003767333,"X_SI":0.0046921474},"reference":"Grange1946","disabled":false,"model":"martensite_start","inputs":{"martensite_start":635.9277777778,"martensite_type":"lath","PAGS":null,"parent_phase":"gamma","predicted_type":true,"solutionizing_temperature":1273.15},"outputs":{"calculation_error":false,"DG":2153.9902950586,"error":-48.6243594069,"error_message":[],"LC_martensite_start":684.5521371847,"PAGS_energy":0.0,"solutioning_conditions":{"N":1,"P":101325,"T":1273.15,"X_C":0.0173723209,"X_CR":0.0058081053,"X_MN":0.0036980356,"X_P":0.000390006,"X_S":0.0003767333,"X_SI":0.0046921474},"solutionizing_phases":["FCC_A1","LIQUID","","","","","",""]}}