{"index":396,"components":["C","CR","FE","MN","P","S","SI","VA"],"conditions":{"N":1,"P":101325,"T":1273.15,"X_C":0.0164316439,"X_CR":0.0378504033,"X_MN":0.0047897723,"X_P":0.0001238942,"X_S":0.0004103239,"X_SI":0.0050750231},"reference":"Grange1946","disabled":false,"model":"martensite_start","inputs":{"martensite_start":599.8166666667,"martensite_type":"lath","PAGS":null,"parent_phase":"gamma","predicted_type":true,"solutionizing_temperature":1273.15},"outputs":{"calculation_error":false,"DG":2431.5850399153,"error":0.6916411702,"error_message":[],"LC_martensite_start":599.1250254965,"PAGS_energy":0.0,"solutioning_conditions":{"N":1,"P":101325,"T":1273.15,"X_C":0.0164316439,"X_CR":0.0378504033,"X_MN":0.0047897723,"X_P":0.0001238942,"X_S":0.0004103239,"X_SI":0.0050750231},"solutionizing_phases":["FCC_A1","LIQUID","","","","","",""]}}