{"components": ["FE", "MN", "NB", "VA"], "reference": ["Ishida1974a"], "phases": ["HCP_EPS"], "output": "MS", "conditions": {"P": 101325, "N": 1, "T": [366.15, 376.15]}, "solver": {"mode": "manual", "sublattice_site_ratios": [1, 0.5], "sublattice_configurations": [[["FE", "MN", "NB"], "VA"], [["FE", "MN", "NB"], "VA"]], "sublattice_occupancies": [[[0.8175, 0.1752, 0.0073], 1.0], [[0.8220000000000001, 0.1729, 0.0051], 1.0]]}, "values": [[[455.2768182791, 455.2768182791], [371.2043320546, 371.2043320546]]]}