{"components": ["AL", "FE", "MN", "VA"], "reference": ["Ishida1974a"], "phases": ["HCP_A3"], "output": "MS", "conditions": {"P": 101325, "N": 1, "T": [330.15, 363.15, 395.15]}, "solver": {"mode": "manual", "sublattice_site_ratios": [1, 0.5], "sublattice_configurations": [[["AL", "FE", "MN"], "VA"], [["AL", "FE", "MN"], "VA"], [["AL", "FE", "MN"], "VA"]], "sublattice_occupancies": [[[0.0251, 0.8028000000000001, 0.1721], 1.0], [[0.0148, 0.8252, 0.16], 1.0], [[0.006200000000000001, 0.8261000000000001, 0.16770000000000002], 1.0]]}, "values": [[[240.3276250893, 240.3276250893, 240.3276250893], [226.340077621, 226.340077621, 226.340077621], [153.3841893908, 153.3841893908, 153.3841893908]]]}