{"components": ["C", "FE", "VA"], "reference": ["Hsu1983", "Mirzayev1979", "Oka1988", "Digges1940", "Greninger1942", "Koistinen1959"], "phases": ["BCT_LATH"], "output": "MS", "conditions": {"P": 101325, "N": 1, "T": [539.5358268025, 655.4961082982, 730.3717249545, 501.0817190438, 812.7058823529, 523.0, 751.48, 682.2, 645.18, 602.6, 550.74, 537.78, 756.025, 671.3605263158, 599.0071428571, 688.0, 653.0]}, "solver": {"mode": "manual", "sublattice_site_ratios": [1, 3], "sublattice_configurations": [["FE", ["C", "VA"]], ["FE", ["C", "VA"]], ["FE", ["C", "VA"]], ["FE", ["C", "VA"]], ["FE", ["C", "VA"]], ["FE", ["C", "VA"]], ["FE", ["C", "VA"]], ["FE", ["C", "VA"]], ["FE", ["C", "VA"]], ["FE", ["C", "VA"]], ["FE", ["C", "VA"]], ["FE", ["C", "VA"]], ["FE", ["C", "VA"]], ["FE", ["C", "VA"]], ["FE", ["C", "VA"]], ["FE", ["C", "VA"]], ["FE", ["C", "VA"]]], "sublattice_occupancies": [[0.966, [0.011732229123533472, 0.9882677708764666]], [0.98, [0.006802721088435374, 0.9931972789115646]], [0.9884000000000001, [0.003912046404964252, 0.9960879535950358]], [0.9590000000000001, [0.014250955856795275, 0.9857490441432047]], [0.9973900000000001, [0.0008722766420357133, 0.9991277233579643]], [0.9616675019, [0.013286816224341278, 0.9867131837756588]], [0.9893949305, [0.003572914169754447, 0.9964270858302455]], [0.9816691845000001, [0.0062243696041508305, 0.9937756303958492]], [0.9771686072, [0.007788281582718723, 0.9922117184172813]], [0.9718992466, [0.009637745715688466, 0.9903622542843116]], [0.9669387125000001, [0.011397236478590847, 0.9886027635214092]], [0.9638583878, [0.01249893575566046, 0.9875010642443396]], [0.9912265892000001, [0.0029503549425837646, 0.9970496450574162]], [0.9816691845000001, [0.0062243696041508305, 0.9937756303958492]], [0.9718103179, [0.009669130412512161, 0.9903308695874878]], [0.9830256782000001, [0.005755808207398124, 0.9942441917926018]], [0.9771686072, [0.007788281582718723, 0.9922117184172813]]]}, "values": [[[1623.1437673328, 1623.1437673328, 1623.1437673328, 1623.1437673328, 1623.1437673328, 1623.1437673328, 1623.1437673328, 1623.1437673328, 1623.1437673328, 1623.1437673328, 1623.1437673328, 1623.1437673328, 1623.1437673328, 1623.1437673328, 1623.1437673328, 1623.1437673328, 1623.1437673328], [1478.764506802, 1478.764506802, 1478.764506802, 1478.764506802, 1478.764506802, 1478.764506802, 1478.764506802, 1478.764506802, 1478.764506802, 1478.764506802, 1478.764506802, 1478.764506802, 1478.764506802, 1478.764506802, 1478.764506802, 1478.764506802, 1478.764506802], [1339.6504101962, 1339.6504101962, 1339.6504101962, 1339.6504101962, 1339.6504101962, 1339.6504101962, 1339.6504101962, 1339.6504101962, 1339.6504101962, 1339.6504101962, 1339.6504101962, 1339.6504101962, 1339.6504101962, 1339.6504101962, 1339.6504101962, 1339.6504101962, 1339.6504101962], [1539.038113952, 1539.038113952, 1539.038113952, 1539.038113952, 1539.038113952, 1539.038113952, 1539.038113952, 1539.038113952, 1539.038113952, 1539.038113952, 1539.038113952, 1539.038113952, 1539.038113952, 1539.038113952, 1539.038113952, 1539.038113952, 1539.038113952], [1179.7769891078, 1179.7769891078, 1179.7769891078, 1179.7769891078, 1179.7769891078, 1179.7769891078, 1179.7769891078, 1179.7769891078, 1179.7769891078, 1179.7769891078, 1179.7769891078, 1179.7769891078, 1179.7769891078, 1179.7769891078, 1179.7769891078, 1179.7769891078, 1179.7769891078], [1522.6205393442, 1522.6205393442, 1522.6205393442, 1522.6205393442, 1522.6205393442, 1522.6205393442, 1522.6205393442, 1522.6205393442, 1522.6205393442, 1522.6205393442, 1522.6205393442, 1522.6205393442, 1522.6205393442, 1522.6205393442, 1522.6205393442, 1522.6205393442, 1522.6205393442], [1241.9007534915, 1241.9007534915, 1241.9007534915, 1241.9007534915, 1241.9007534915, 1241.9007534915, 1241.9007534915, 1241.9007534915, 1241.9007534915, 1241.9007534915, 1241.9007534915, 1241.9007534915, 1241.9007534915, 1241.9007534915, 1241.9007534915, 1241.9007534915, 1241.9007534915], [1370.2232877092, 1370.2232877092, 1370.2232877092, 1370.2232877092, 1370.2232877092, 1370.2232877092, 1370.2232877092, 1370.2232877092, 1370.2232877092, 1370.2232877092, 1370.2232877092, 1370.2232877092, 1370.2232877092, 1370.2232877092, 1370.2232877092, 1370.2232877092, 1370.2232877092], [1420.397291076, 1420.397291076, 1420.397291076, 1420.397291076, 1420.397291076, 1420.397291076, 1420.397291076, 1420.397291076, 1420.397291076, 1420.397291076, 1420.397291076, 1420.397291076, 1420.397291076, 1420.397291076, 1420.397291076, 1420.397291076, 1420.397291076], [1469.3207720103, 1469.3207720103, 1469.3207720103, 1469.3207720103, 1469.3207720103, 1469.3207720103, 1469.3207720103, 1469.3207720103, 1469.3207720103, 1469.3207720103, 1469.3207720103, 1469.3207720103, 1469.3207720103, 1469.3207720103, 1469.3207720103, 1469.3207720103, 1469.3207720103], [1591.187765474, 1591.187765474, 1591.187765474, 1591.187765474, 1591.187765474, 1591.187765474, 1591.187765474, 1591.187765474, 1591.187765474, 1591.187765474, 1591.187765474, 1591.187765474, 1591.187765474, 1591.187765474, 1591.187765474, 1591.187765474, 1591.187765474], [1529.4938579747, 1529.4938579747, 1529.4938579747, 1529.4938579747, 1529.4938579747, 1529.4938579747, 1529.4938579747, 1529.4938579747, 1529.4938579747, 1529.4938579747, 1529.4938579747, 1529.4938579747, 1529.4938579747, 1529.4938579747, 1529.4938579747, 1529.4938579747, 1529.4938579747], [1289.6741814232, 1289.6741814232, 1289.6741814232, 1289.6741814232, 1289.6741814232, 1289.6741814232, 1289.6741814232, 1289.6741814232, 1289.6741814232, 1289.6741814232, 1289.6741814232, 1289.6741814232, 1289.6741814232, 1289.6741814232, 1289.6741814232, 1289.6741814232, 1289.6741814232], [1444.7128514299, 1444.7128514299, 1444.7128514299, 1444.7128514299, 1444.7128514299, 1444.7128514299, 1444.7128514299, 1444.7128514299, 1444.7128514299, 1444.7128514299, 1444.7128514299, 1444.7128514299, 1444.7128514299, 1444.7128514299, 1444.7128514299, 1444.7128514299, 1444.7128514299], [1490.0517672937, 1490.0517672937, 1490.0517672937, 1490.0517672937, 1490.0517672937, 1490.0517672937, 1490.0517672937, 1490.0517672937, 1490.0517672937, 1490.0517672937, 1490.0517672937, 1490.0517672937, 1490.0517672937, 1490.0517672937, 1490.0517672937, 1490.0517672937, 1490.0517672937], [1391.1824892188, 1391.1824892188, 1391.1824892188, 1391.1824892188, 1391.1824892188, 1391.1824892188, 1391.1824892188, 1391.1824892188, 1391.1824892188, 1391.1824892188, 1391.1824892188, 1391.1824892188, 1391.1824892188, 1391.1824892188, 1391.1824892188, 1391.1824892188, 1391.1824892188], [1366.600024529, 1366.600024529, 1366.600024529, 1366.600024529, 1366.600024529, 1366.600024529, 1366.600024529, 1366.600024529, 1366.600024529, 1366.600024529, 1366.600024529, 1366.600024529, 1366.600024529, 1366.600024529, 1366.600024529, 1366.600024529, 1366.600024529]]]}