{"index":51,"components":["B","C","CR","FE","MN","MO","NI","VA"],"conditions":{"N":1,"P":101325,"T":1273.15,"X_B":0.0000812162,"X_C":0.0228449647,"X_CR":0.0052770115,"X_MN":0.0076914165,"X_MO":0.0012011808,"X_NI":0.005609844},"reference":"ASM1977","disabled":false,"model":"martensite_start","inputs":{"martensite_start":561.0,"martensite_type":"lath","PAGS":null,"parent_phase":"gamma","predicted_type":true,"solutionizing_temperature":1273.15},"outputs":{"calculation_error":false,"DG":2809.5316505435,"error":-61.2242846489,"error_message":[],"LC_martensite_start":622.2242846489,"PAGS_energy":0.0,"solutioning_conditions":{"N":1,"P":101325,"T":1273.15,"X_B":0.0000812162,"X_C":0.0228449647,"X_CR":0.0052770115,"X_MN":0.0076914165,"X_MO":0.0012011808,"X_NI":0.005609844},"solutionizing_phases":["FCC_A1","AL2CU_C16","","","","","",""]}}