{"index":34,"components":["B","C","CR","FE","MN","MO","NI","VA"],"conditions":{"N":1,"P":101325,"T":1273.15,"X_B":0.0000762384,"X_C":0.0205869643,"X_CR":0.0069746318,"X_MN":0.0089015354,"X_MO":0.0006872736,"X_NI":0.0055234555},"reference":"ASM1977","disabled":false,"model":"martensite_start","inputs":{"martensite_start":573.0,"martensite_type":"lath","PAGS":null,"parent_phase":"gamma","predicted_type":true,"solutionizing_temperature":1273.15},"outputs":{"calculation_error":false,"DG":2705.6532826803,"error":-45.7824691772,"error_message":[],"LC_martensite_start":618.7824691772,"PAGS_energy":0.0,"solutioning_conditions":{"N":1,"P":101325,"T":1273.15,"X_B":0.0000762384,"X_C":0.0205869643,"X_CR":0.0069746318,"X_MN":0.0089015354,"X_MO":0.0006872736,"X_NI":0.0055234555},"solutionizing_phases":["FCC_A1","AL2CU_C16","","","","","",""]}}