{"index":19,"components":["C","CR","FE","MN","MO","NI","SI","V","VA"],"conditions":{"N":1,"P":101325,"T":1273.15,"X_C":0.0147116582,"X_CR":0.0145488868,"X_MN":0.0051259804,"X_MO":0.0027626222,"X_NI":0.0284117276,"X_SI":0.0037355229,"X_V":0.0019511055},"reference":"ASM1977","disabled":false,"model":"martensite_start","inputs":{"martensite_start":588.0,"martensite_type":"lath","PAGS":null,"parent_phase":"gamma","predicted_type":true,"solutionizing_temperature":1273.15},"outputs":{"calculation_error":false,"DG":2289.1869788826,"error":-4.7586696625,"error_message":[],"LC_martensite_start":592.7586696625,"PAGS_energy":0.0,"solutioning_conditions":{"N":1,"P":101325,"T":1273.15,"X_C":0.0147116582,"X_CR":0.0145488868,"X_MN":0.0051259804,"X_MO":0.0027626222,"X_NI":0.0284117276,"X_SI":0.0037355229,"X_V":0.0019511055},"solutionizing_phases":["FCC_A1","","","","","","","",""]}}