{"index":61,"components":["C","CR","CU","FE","MN","MO","NI","SI","VA"],"conditions":{"N":1,"P":101325,"T":1273.15,"X_C":0.0343683308,"X_CR":0.0013579562,"X_CU":0.0010256666,"X_MN":0.0040534407,"X_MO":0.0004529012,"X_NI":0.0231347019,"X_SI":0.0038677732},"reference":"ASM1977","disabled":false,"model":"martensite_start","inputs":{"martensite_start":473.0,"martensite_type":"plate","PAGS":null,"parent_phase":"gamma","predicted_type":true,"solutionizing_temperature":1273.15},"outputs":{"calculation_error":false,"DG":2928.6855847017,"error":-68.299971056,"error_message":[],"LC_martensite_start":541.299971056,"PAGS_energy":0.0,"solutioning_conditions":{"N":1,"P":101325,"T":1273.15,"X_C":0.0343683308,"X_CR":0.0013579562,"X_CU":0.0010256666,"X_MN":0.0040534407,"X_MO":0.0004529012,"X_NI":0.0231347019,"X_SI":0.0038677732},"solutionizing_phases":["FCC_A1","","","","","","","",""]}}