{"index":64,"components":["C","CO","CR","FE","MN","MO","SI","V","W","VA"],"conditions":{"N":1,"P":101325,"T":1450.0,"X_C":0.0384855887,"X_CO":0.0505466003,"X_CR":0.0451078873,"X_MN":0.0042588475,"X_MO":0.0253985893,"X_SI":0.0062988457,"X_V":0.0169155706,"X_W":0.0169486092},"reference":"ASM1977","disabled":false,"model":"martensite_start","inputs":{"martensite_start":450.0,"martensite_type":"plate","PAGS":null,"parent_phase":"gamma","predicted_type":true,"solutionizing_temperature":1450.0},"outputs":{"calculation_error":false,"DG":3300.2264827776,"error":-24.0737915039,"error_message":[],"LC_martensite_start":474.0737915039,"PAGS_energy":0.0,"solutioning_conditions":{"N":1,"P":101325,"T":1450.0,"X_C":0.0384855887,"X_CO":0.0505466003,"X_CR":0.0451078873,"X_MN":0.0042588475,"X_MO":0.0253985893,"X_SI":0.0062988457,"X_V":0.0169155706,"X_W":0.0169486092},"solutionizing_phases":["FCC_A1","CHI_A12","FCC_A1","M6C_E93","","","","","",""]}}