{"index":30,"components":["B","C","CR","FE","MN","MO","NI","VA"],"conditions":{"N":1,"P":101325,"T":1273.15,"X_B":0.0000457778,"X_C":0.0196869539,"X_CR":0.0050763184,"X_MN":0.0102095208,"X_MO":0.0007451128,"X_NI":0.0029043625},"reference":"ASM1977","disabled":false,"model":"martensite_start","inputs":{"martensite_start":583.0,"martensite_type":"lath","PAGS":null,"parent_phase":"gamma","predicted_type":true,"solutionizing_temperature":1273.15},"outputs":{"calculation_error":false,"DG":2629.7904677256,"error":-41.3011523247,"error_message":[],"LC_martensite_start":624.3011523247,"PAGS_energy":0.0,"solutioning_conditions":{"N":1,"P":101325,"T":1273.15,"X_B":0.0000457778,"X_C":0.0196869539,"X_CR":0.0050763184,"X_MN":0.0102095208,"X_MO":0.0007451128,"X_NI":0.0029043625},"solutionizing_phases":["FCC_A1","","","","","","",""]}}