{"index":18,"components":["AL","C","CR","FE","MN","MO","SI","VA"],"conditions":{"N":1,"P":101325,"T":1375.0,"X_AL":0.0010177657,"X_C":0.0128036634,"X_CR":0.0554540244,"X_MN":0.0069979265,"X_MO":0.0035492494,"X_SI":0.0091909464},"reference":"ASM1977","disabled":false,"model":"martensite_start","inputs":{"martensite_start":673.0,"martensite_type":"lath","PAGS":null,"parent_phase":"gamma","predicted_type":true,"solutionizing_temperature":1375.0},"outputs":{"calculation_error":false,"DG":1752.0192871878,"error":112.0298835278,"error_message":[],"LC_martensite_start":560.9701164722,"PAGS_energy":0.0,"solutioning_conditions":{"N":1,"P":101325,"T":1375.0,"X_AL":0.0010177657,"X_C":0.0128036634,"X_CR":0.0554540244,"X_MN":0.0069979265,"X_MO":0.0035492494,"X_SI":0.0091909464},"solutionizing_phases":["FCC_A1","","","","","","",""]}}