{"index":25,"components":["C","CR","FE","MN","MO","NI","SI","VA"],"conditions":{"N":1,"P":101325,"T":1273.15,"X_C":0.0173112449,"X_CR":0.004209226,"X_MN":0.0107563166,"X_MO":0.0006273444,"X_NI":0.003169587,"X_SI":0.0136373159},"reference":"ASM1977","disabled":false,"model":"martensite_start","inputs":{"martensite_start":594.0,"martensite_type":"lath","PAGS":null,"parent_phase":"gamma","predicted_type":true,"solutionizing_temperature":1273.15},"outputs":{"calculation_error":false,"DG":2559.1868890515,"error":-42.5648752213,"error_message":[],"LC_martensite_start":636.5648752213,"PAGS_energy":0.0,"solutioning_conditions":{"N":1,"P":101325,"T":1273.15,"X_C":0.0173112449,"X_CR":0.004209226,"X_MN":0.0107563166,"X_MO":0.0006273444,"X_NI":0.003169587,"X_SI":0.0136373159},"solutionizing_phases":["FCC_A1","","","","","","",""]}}