{"index":16,"components":["C","CR","FE","MN","MO","NI","V","VA"],"conditions":{"N":1,"P":101325,"T":1273.15,"X_C":0.0100961357,"X_CR":0.1320833545,"X_MN":0.0054177801,"X_MO":0.005687695,"X_NI":0.006010236,"X_V":0.0031378132},"reference":"ASM1977","disabled":false,"model":"martensite_start","inputs":{"martensite_start":553.0,"martensite_type":"lath","PAGS":null,"parent_phase":"gamma","predicted_type":true,"solutionizing_temperature":1273.15},"outputs":{"calculation_error":false,"DG":2470.1367388766,"error":113.8451390266,"error_message":[],"LC_martensite_start":439.1548609734,"PAGS_energy":0.0,"solutioning_conditions":{"N":1,"P":101325,"T":1273.15,"X_C":0.0100961357,"X_CR":0.1320833545,"X_MN":0.0054177801,"X_MO":0.005687695,"X_NI":0.006010236,"X_V":0.0031378132},"solutionizing_phases":["FCC_A1","CHI_A12","","","","","",""]}}