{"index":32,"components":["C","CR","FE","MN","MO","NI","SI","V","VA"],"conditions":{"N":1,"P":101325,"T":1273.15,"X_C":0.0201417154,"X_CR":0.0173414408,"X_MN":0.0164128026,"X_MO":0.0022923049,"X_NI":0.0172361654,"X_SI":0.0011745762,"X_V":0.0016189433},"reference":"ASM1977","disabled":false,"model":"martensite_start","inputs":{"martensite_start":566.0,"martensite_type":"lath","PAGS":null,"parent_phase":"gamma","predicted_type":true,"solutionizing_temperature":1273.15},"outputs":{"calculation_error":false,"DG":2418.9029289403,"error":85.0886529922,"error_message":[],"LC_martensite_start":480.9113470078,"PAGS_energy":0.0,"solutioning_conditions":{"N":1,"P":101325,"T":1273.15,"X_C":0.0201417154,"X_CR":0.0173414408,"X_MN":0.0164128026,"X_MO":0.0022923049,"X_NI":0.0172361654,"X_SI":0.0011745762,"X_V":0.0016189433},"solutionizing_phases":["FCC_A1","","","","","","","",""]}}