{"index":56,"components":["C","CO","CR","FE","MN","SI","V","W","VA"],"conditions":{"N":1,"P":101325,"T":1273.15,"X_C":0.0370195988,"X_CO":0.0494594796,"X_CR":0.0479819755,"X_MN":0.0025853668,"X_SI":0.0094548322,"X_V":0.0150320249,"X_W":0.06174091},"reference":"ASM1977","disabled":false,"model":"martensite_start","inputs":{"martensite_start":450.0,"martensite_type":"plate","PAGS":null,"parent_phase":"gamma","predicted_type":true,"solutionizing_temperature":1273.15},"outputs":{"calculation_error":false,"DG":4204.3724822052,"error":-208.3176898956,"error_message":[],"LC_martensite_start":658.3176898956,"PAGS_energy":0.0,"solutioning_conditions":{"N":1,"P":101325,"T":1273.15,"X_C":0.0370195988,"X_CO":0.0494594796,"X_CR":0.0479819755,"X_MN":0.0025853668,"X_SI":0.0094548322,"X_V":0.0150320249,"X_W":0.06174091},"solutionizing_phases":["M6C_E93","FCC_A1","FCC_A1","","","","","",""]}}