{"index":35,"components":["C","CR","FE","MN","MO","NI","SI","V","VA"],"conditions":{"N":1,"P":101325,"T":1273.15,"X_C":0.0206042732,"X_CR":0.0121629851,"X_MN":0.0080081074,"X_MO":0.0057320951,"X_NI":0.0051533131,"X_SI":0.0048952058,"X_V":0.0005397733},"reference":"ASM1977","disabled":false,"model":"martensite_start","inputs":{"martensite_start":560.0,"martensite_type":"lath","PAGS":null,"parent_phase":"gamma","predicted_type":true,"solutionizing_temperature":1273.15},"outputs":{"calculation_error":false,"DG":2633.8445914765,"error":-33.236328125,"error_message":[],"LC_martensite_start":593.236328125,"PAGS_energy":0.0,"solutioning_conditions":{"N":1,"P":101325,"T":1273.15,"X_C":0.0206042732,"X_CR":0.0121629851,"X_MN":0.0080081074,"X_MO":0.0057320951,"X_NI":0.0051533131,"X_SI":0.0048952058,"X_V":0.0005397733},"solutionizing_phases":["FCC_A1","","","","","","","",""]}}