{"index":63,"components":["C","CR","FE","MN","MO","SI","V","W","VA"],"conditions":{"N":1,"P":101325,"T":1500.0,"X_C":0.0385974433,"X_CR":0.0451289183,"X_MN":0.0025002295,"X_MO":0.0279778905,"X_SI":0.0052982571,"X_V":0.0184252741,"X_W":0.0185233184},"reference":"ASM1977","disabled":false,"model":"martensite_start","inputs":{"martensite_start":483.0,"martensite_type":"lath","PAGS":null,"parent_phase":"gamma","predicted_type":true,"solutionizing_temperature":1500.0},"outputs":{"calculation_error":false,"DG":2335.8730194913,"error":95.2843637466,"error_message":[],"LC_martensite_start":387.7156362534,"PAGS_energy":0.0,"solutioning_conditions":{"N":1,"P":101325,"T":1500.0,"X_C":0.0385974433,"X_CR":0.0451289183,"X_MN":0.0025002295,"X_MO":0.0279778905,"X_SI":0.0052982571,"X_V":0.0184252741,"X_W":0.0185233184},"solutionizing_phases":["FCC_A1","M6C_E93","FCC_A1","CHI_A12","BCC_A2","","","",""]}}