{"index":62,"components":["B","C","CR","FE","MN","MO","NI","VA"],"conditions":{"N":1,"P":101325,"T":1400.0,"X_B":0.0001256327,"X_C":0.035282125,"X_CR":0.005119809,"X_MN":0.0085045963,"X_MO":0.0011891812,"X_NI":0.0054612391},"reference":"ASM1977","disabled":false,"model":"martensite_start","inputs":{"martensite_start":485.0,"martensite_type":"plate","PAGS":null,"parent_phase":"gamma","predicted_type":true,"solutionizing_temperature":1400.0},"outputs":{"calculation_error":false,"DG":3486.1508880185,"error":-68.4667913914,"error_message":[],"LC_martensite_start":553.4667913914,"PAGS_energy":0.0,"solutioning_conditions":{"N":1,"P":101325,"T":1400.0,"X_B":0.0001256327,"X_C":0.035282125,"X_CR":0.005119809,"X_MN":0.0085045963,"X_MO":0.0011891812,"X_NI":0.0054612391},"solutionizing_phases":["FCC_A1","AL2CU_C16","","","","","",""]}}