{"index":15,"components":["C","CR","FE","MN","MO","NI","SI","VA"],"conditions":{"N":1,"P":101325,"T":1273.15,"X_C":0.0064525399,"X_CR":0.0545092457,"X_MN":0.0041312515,"X_MO":0.0029426692,"X_NI":0.0017919889,"X_SI":0.0041391209},"reference":"ASM1977","disabled":false,"model":"martensite_start","inputs":{"martensite_start":655.0,"martensite_type":"lath","PAGS":null,"parent_phase":"gamma","predicted_type":true,"solutionizing_temperature":1273.15},"outputs":{"calculation_error":false,"DG":2008.0738897194,"error":1.4418325424,"error_message":[],"LC_martensite_start":653.5581674576,"PAGS_energy":0.0,"solutioning_conditions":{"N":1,"P":101325,"T":1273.15,"X_C":0.0064525399,"X_CR":0.0545092457,"X_MN":0.0041312515,"X_MO":0.0029426692,"X_NI":0.0017919889,"X_SI":0.0041391209},"solutionizing_phases":["FCC_A1","","","","","","",""]}}