{"index":21,"components":["C","CR","FE","MN","MO","NI","SI","VA"],"conditions":{"N":1,"P":101325,"T":1273.15,"X_C":0.0155860367,"X_CR":0.0024354665,"X_MN":0.0106232588,"X_MO":0.0001147771,"X_NI":0.0070355344,"X_SI":0.0039207841},"reference":"ASM1977","disabled":false,"model":"martensite_start","inputs":{"martensite_start":598.0,"martensite_type":"lath","PAGS":null,"parent_phase":"gamma","predicted_type":true,"solutionizing_temperature":1273.15},"outputs":{"calculation_error":false,"DG":2496.6791428905,"error":-43.4441602707,"error_message":[],"LC_martensite_start":641.4441602707,"PAGS_energy":0.0,"solutioning_conditions":{"N":1,"P":101325,"T":1273.15,"X_C":0.0155860367,"X_CR":0.0024354665,"X_MN":0.0106232588,"X_MO":0.0001147771,"X_NI":0.0070355344,"X_SI":0.0039207841},"solutionizing_phases":["FCC_A1","","","","","","",""]}}