{"index":65,"components":["C","CR","FE","MN","MO","SI","V","W","VA"],"conditions":{"N":1,"P":101325,"T":1273.15,"X_C":0.039433051,"X_CR":0.0426903228,"X_MN":0.0033237426,"X_MO":0.0255752183,"X_SI":0.0050793537,"X_V":0.0145620404,"X_W":0.0179717},"reference":"ASM1977","disabled":false,"model":"martensite_start","inputs":{"martensite_start":450.0,"martensite_type":"lath","PAGS":null,"parent_phase":"gamma","predicted_type":true,"solutionizing_temperature":1273.15},"outputs":{"calculation_error":false,"DG":3176.7761386814,"error":-92.3987102509,"error_message":[],"LC_martensite_start":542.3987102509,"PAGS_energy":0.0,"solutioning_conditions":{"N":1,"P":101325,"T":1273.15,"X_C":0.039433051,"X_CR":0.0426903228,"X_MN":0.0033237426,"X_MO":0.0255752183,"X_SI":0.0050793537,"X_V":0.0145620404,"X_W":0.0179717},"solutionizing_phases":["FCC_A1","CHI_A12","M6C_E93","FCC_A1","M6C_E93","","","",""]}}