{"index":31,"components":["C","CR","FE","MN","MO","NI","SI","VA"],"conditions":{"N":1,"P":101325,"T":1273.15,"X_C":0.0196412284,"X_CR":0.001266132,"X_MN":0.0156781553,"X_MO":0.0004002827,"X_NI":0.0018694301,"X_SI":0.00449277},"reference":"ASM1977","disabled":false,"model":"martensite_start","inputs":{"martensite_start":574.0,"martensite_type":"lath","PAGS":null,"parent_phase":"gamma","predicted_type":true,"solutionizing_temperature":1273.15},"outputs":{"calculation_error":false,"DG":2684.1146535433,"error":-19.6216997623,"error_message":[],"LC_martensite_start":593.6216997623,"PAGS_energy":0.0,"solutioning_conditions":{"N":1,"P":101325,"T":1273.15,"X_C":0.0196412284,"X_CR":0.001266132,"X_MN":0.0156781553,"X_MO":0.0004002827,"X_NI":0.0018694301,"X_SI":0.00449277},"solutionizing_phases":["FCC_A1","","","","","","",""]}}