{"index":72,"components":["C","CR","FE","MN","MO","SI","V","VA"],"conditions":{"N":1,"P":101325,"T":1273.15,"X_C":0.0434200016,"X_CR":0.0473566669,"X_MN":0.0046973666,"X_MO":0.0058280067,"X_SI":0.0076570988,"X_V":0.0026384854},"reference":"ASM1977","disabled":false,"model":"martensite_start","inputs":{"martensite_start":438.0,"martensite_type":"lath","PAGS":null,"parent_phase":"gamma","predicted_type":true,"solutionizing_temperature":1273.15},"outputs":{"calculation_error":false,"DG":3441.4045803992,"error":97.309236145,"error_message":[],"LC_martensite_start":340.690763855,"PAGS_energy":0.0,"solutioning_conditions":{"N":1,"P":101325,"T":1273.15,"X_C":0.0434200016,"X_CR":0.0473566669,"X_MN":0.0046973666,"X_MO":0.0058280067,"X_SI":0.0076570988,"X_V":0.0026384854},"solutionizing_phases":["FCC_A1","FCC_A1","M7C3_D101","","","","",""]}}