{"components": ["CR", "FE", "MN", "VA"], "reference": ["Ishida1974a"], "phases": ["HCP_EPS"], "output": "MS", "conditions": {"P": 101325, "N": 1, "T": [393.15, 401.15, 416.15]}, "solver": {"mode": "manual", "sublattice_site_ratios": [1, 0.5], "sublattice_configurations": [[["CR", "FE", "MN"], "VA"], [["CR", "FE", "MN"], "VA"], [["CR", "FE", "MN"], "VA"]], "sublattice_occupancies": [[[0.031, 0.795, 0.17400000000000002], 1.0], [[0.020200000000000003, 0.8077000000000001, 0.1721], 1.0], [[0.009600000000000001, 0.8172, 0.17320000000000002], 1.0]]}, "values": [[[-139.0283472501, -139.0283472501, -139.0283472501], [-76.8775470484, -76.8775470484, -76.8775470484], [-14.4296031411, -14.4296031411, -14.4296031411]]]}