{"index":106,"components":["C","CR","FE","MN","SI","VA"],"conditions":{"N":1,"P":101325,"T":1273.15,"X_C":0.0095332751,"X_CR":0.0062917525,"X_MN":0.0178644832,"X_SI":0.0310619685},"reference":"Arlazarov2020","disabled":false,"model":"martensite_start","inputs":{"martensite_start":633.2225388601,"martensite_type":"lath","PAGS":24.1806157261,"parent_phase":"gamma","predicted_type":true,"solutionizing_temperature":1273.15},"outputs":{"calculation_error":false,"DG":2340.526598579,"error":10.9013874736,"error_message":[],"LC_martensite_start":622.3211513865,"PAGS_energy":122.7602500154,"solutioning_conditions":{"N":1,"P":101325,"T":1273.15,"X_C":0.0095332751,"X_CR":0.0062917525,"X_MN":0.0178644832,"X_SI":0.0310619685},"solutionizing_phases":["FCC_A1","","","","",""]}}