{"index":67,"components":["C","FE","MN","SI","VA"],"conditions":{"N":1,"P":101325,"T":1273.15,"X_C":0.0115138271,"X_MN":0.0241649586,"X_SI":0.0000984772},"reference":"Arlazarov2020","disabled":false,"model":"martensite_start","inputs":{"martensite_start":606.4450191571,"martensite_type":"lath","PAGS":10.0714285714,"parent_phase":"gamma","predicted_type":true,"solutionizing_temperature":1273.15},"outputs":{"calculation_error":false,"DG":2461.0066252799,"error":46.0377548253,"error_message":[],"LC_martensite_start":560.4072643318,"PAGS_energy":180.2475183818,"solutioning_conditions":{"N":1,"P":101325,"T":1273.15,"X_C":0.0115138271,"X_MN":0.0241649586,"X_SI":0.0000984772},"solutionizing_phases":["FCC_A1","","","",""]}}