{"index":51,"components":["C","FE","MN","SI","VA"],"conditions":{"N":1,"P":101325,"T":1273.15,"X_C":0.0108245717,"X_MN":0.0236649636,"X_SI":0.0424334478},"reference":"Arlazarov2020","disabled":false,"model":"martensite_start","inputs":{"martensite_start":593.4181992337,"martensite_type":"lath","PAGS":13.8571428571,"parent_phase":"gamma","predicted_type":true,"solutionizing_temperature":1273.15},"outputs":{"calculation_error":false,"DG":2674.1226165165,"error":8.9826024576,"error_message":[],"LC_martensite_start":584.4355967761,"PAGS_energy":159.3031625884,"solutioning_conditions":{"N":1,"P":101325,"T":1273.15,"X_C":0.0108245717,"X_MN":0.0236649636,"X_SI":0.0424334478},"solutionizing_phases":["FCC_A1","","","",""]}}