{"index":112,"components":["C","FE","MN","SI","VA"],"conditions":{"N":1,"P":101325,"T":1273.15,"X_C":0.0095374109,"X_MN":0.0178722332,"X_SI":0.0310754439},"reference":"Arlazarov2020","disabled":false,"model":"martensite_start","inputs":{"martensite_start":644.1655440415,"martensite_type":"lath","PAGS":28.4792618243,"parent_phase":"gamma","predicted_type":true,"solutionizing_temperature":1273.15},"outputs":{"calculation_error":false,"DG":2242.9661957322,"error":10.0380870799,"error_message":[],"LC_martensite_start":634.1274569616,"PAGS_energy":112.020557643,"solutioning_conditions":{"N":1,"P":101325,"T":1273.15,"X_C":0.0095374109,"X_MN":0.0178722332,"X_SI":0.0310754439},"solutionizing_phases":["FCC_A1","","","",""]}}