{"index":72,"components":["C","FE","MN","SI","VA"],"conditions":{"N":1,"P":101325,"T":1273.15,"X_C":0.0115138271,"X_MN":0.0241649586,"X_SI":0.0000984772},"reference":"Arlazarov2020","disabled":false,"model":"martensite_start","inputs":{"martensite_start":611.3492337165,"martensite_type":"lath","PAGS":17.2142857143,"parent_phase":"gamma","predicted_type":true,"solutionizing_temperature":1273.15},"outputs":{"calculation_error":false,"DG":2383.9352792341,"error":46.9362660559,"error_message":[],"LC_martensite_start":564.4129676606,"PAGS_energy":145.0641543487,"solutioning_conditions":{"N":1,"P":101325,"T":1273.15,"X_C":0.0115138271,"X_MN":0.0241649586,"X_SI":0.0000984772},"solutionizing_phases":["FCC_A1","","","",""]}}