{"index":107,"components":["C","FE","MN","SI","VA"],"conditions":{"N":1,"P":101325,"T":1273.15,"X_C":0.0095374109,"X_MN":0.0178722332,"X_SI":0.0310754439},"reference":"Arlazarov2020","disabled":false,"model":"martensite_start","inputs":{"martensite_start":633.3883419689,"martensite_type":"lath","PAGS":8.7807313218,"parent_phase":"gamma","predicted_type":true,"solutionizing_temperature":1273.15},"outputs":{"calculation_error":false,"DG":2410.0497215154,"error":8.4562389855,"error_message":[],"LC_martensite_start":624.9321029834,"PAGS_energy":189.2490366888,"solutioning_conditions":{"N":1,"P":101325,"T":1273.15,"X_C":0.0095374109,"X_MN":0.0178722332,"X_SI":0.0310754439},"solutionizing_phases":["FCC_A1","","","",""]}}