{"index":86,"components":["AL","C","FE","MN","VA"],"conditions":{"N":1,"P":101325,"T":1273.15,"X_AL":0.0222926795,"X_C":0.0113817224,"X_MN":0.0238877002},"reference":"Arlazarov2020","disabled":false,"model":"martensite_start","inputs":{"martensite_start":622.1956431535,"martensite_type":"lath","PAGS":26.4271457086,"parent_phase":"gamma","predicted_type":true,"solutionizing_temperature":1273.15},"outputs":{"calculation_error":false,"DG":2414.525969555,"error":34.7721928448,"error_message":[],"LC_martensite_start":587.4234503087,"PAGS_energy":116.9291141783,"solutioning_conditions":{"N":1,"P":101325,"T":1273.15,"X_AL":0.0222926795,"X_C":0.0113817224,"X_MN":0.0238877002},"solutionizing_phases":["FCC_A1","","","",""]}}