{"index":76,"components":["AL","C","FE","MN","VA"],"conditions":{"N":1,"P":101325,"T":1273.15,"X_AL":0.0122236618,"X_C":0.0114416452,"X_MN":0.0240134648},"reference":"Arlazarov2020","disabled":false,"model":"martensite_start","inputs":{"martensite_start":613.8139004149,"martensite_type":"lath","PAGS":25.628742515,"parent_phase":"gamma","predicted_type":true,"solutionizing_temperature":1273.15},"outputs":{"calculation_error":false,"DG":2429.9530024495,"error":34.3686870001,"error_message":[],"LC_martensite_start":579.4452134148,"PAGS_energy":118.9426484055,"solutioning_conditions":{"N":1,"P":101325,"T":1273.15,"X_AL":0.0122236618,"X_C":0.0114416452,"X_MN":0.0240134648},"solutionizing_phases":["FCC_A1","","","",""]}}