{"index":101,"components":["C","CR","FE","MN","SI","VA"],"conditions":{"N":1,"P":101325,"T":1273.15,"X_C":0.0095353426,"X_CR":0.0031465585,"X_MN":0.0178683573,"X_SI":0.0310687047},"reference":"Arlazarov2020","disabled":false,"model":"martensite_start","inputs":{"martensite_start":628.9116580311,"martensite_type":"lath","PAGS":8.7039675923,"parent_phase":"gamma","predicted_type":true,"solutionizing_temperature":1273.15},"outputs":{"calculation_error":false,"DG":2445.9312641613,"error":9.2924633982,"error_message":[],"LC_martensite_start":619.6191946329,"PAGS_energy":189.8253693781,"solutioning_conditions":{"N":1,"P":101325,"T":1273.15,"X_C":0.0095353426,"X_CR":0.0031465585,"X_MN":0.0178683573,"X_SI":0.0310687047},"solutionizing_phases":["FCC_A1","","","","",""]}}