{"index":70,"components":["C","CR","FE","MN","SI","VA"],"conditions":{"N":1,"P":101325,"T":1273.15,"X_C":0.0086381025,"X_CR":0.0094515886,"X_MN":0.0168969684,"X_SI":0.0291636696},"reference":"Arlazarov2020","disabled":false,"model":"martensite_start","inputs":{"martensite_start":610.2588082902,"martensite_type":"lath","PAGS":4.4091269456,"parent_phase":"gamma","predicted_type":true,"solutionizing_temperature":1273.15},"outputs":{"calculation_error":false,"DG":2652.7530348556,"error":-5.6792440814,"error_message":[],"LC_martensite_start":615.9380523716,"PAGS_energy":234.4646083972,"solutioning_conditions":{"N":1,"P":101325,"T":1273.15,"X_C":0.0086381025,"X_CR":0.0094515886,"X_MN":0.0168969684,"X_SI":0.0291636696},"solutionizing_phases":["FCC_A1","","","","",""]}}