{"index":74,"components":["C","FE","MN","SI","VA"],"conditions":{"N":1,"P":101325,"T":1273.15,"X_C":0.0115138271,"X_MN":0.0241649586,"X_SI":0.0000984772},"reference":"Arlazarov2020","disabled":false,"model":"martensite_start","inputs":{"martensite_start":612.3454022989,"martensite_type":"lath","PAGS":38.5714285714,"parent_phase":"gamma","predicted_type":true,"solutionizing_temperature":1273.15},"outputs":{"calculation_error":false,"DG":2322.4904363996,"error":41.8872003475,"error_message":[],"LC_martensite_start":570.4582019514,"PAGS_energy":92.1107986389,"solutioning_conditions":{"N":1,"P":101325,"T":1273.15,"X_C":0.0115138271,"X_MN":0.0241649586,"X_SI":0.0000984772},"solutionizing_phases":["FCC_A1","","","",""]}}