{"index":81,"components":["C","CR","FE","MN","SI","VA"],"conditions":{"N":1,"P":101325,"T":1273.15,"X_C":0.0095332751,"X_CR":0.0062917525,"X_MN":0.0178644832,"X_SI":0.0310619685},"reference":"Arlazarov2020","disabled":false,"model":"martensite_start","inputs":{"martensite_start":617.2225388601,"martensite_type":"lath","PAGS":5.0769632089,"parent_phase":"gamma","predicted_type":true,"solutionizing_temperature":1273.15},"outputs":{"calculation_error":false,"DG":2577.4655212516,"error":7.0082202412,"error_message":[],"LC_martensite_start":610.2143186189,"PAGS_energy":225.2075210634,"solutioning_conditions":{"N":1,"P":101325,"T":1273.15,"X_C":0.0095332751,"X_CR":0.0062917525,"X_MN":0.0178644832,"X_SI":0.0310619685},"solutionizing_phases":["FCC_A1","","","","",""]}}