{"index":69,"components":["AL","C","FE","MN","VA"],"conditions":{"N":1,"P":101325,"T":1273.15,"X_AL":0.0122236618,"X_C":0.0114416452,"X_MN":0.0240134648},"reference":"Arlazarov2020","disabled":false,"model":"martensite_start","inputs":{"martensite_start":608.8346473029,"martensite_type":"lath","PAGS":13.1736526946,"parent_phase":"gamma","predicted_type":true,"solutionizing_temperature":1273.15},"outputs":{"calculation_error":false,"DG":2516.1425374447,"error":34.397912702,"error_message":[],"LC_martensite_start":574.4367346009,"PAGS_energy":162.6231663659,"solutioning_conditions":{"N":1,"P":101325,"T":1273.15,"X_AL":0.0122236618,"X_C":0.0114416452,"X_MN":0.0240134648},"solutionizing_phases":["FCC_A1","","","",""]}}