{"index":100,"components":["C","FE","MN","SI","VA"],"conditions":{"N":1,"P":101325,"T":1273.15,"X_C":0.0095374109,"X_MN":0.0178722332,"X_SI":0.0310754439},"reference":"Arlazarov2020","disabled":false,"model":"martensite_start","inputs":{"martensite_start":628.3313471503,"martensite_type":"lath","PAGS":6.9668404012,"parent_phase":"gamma","predicted_type":true,"solutionizing_temperature":1273.15},"outputs":{"calculation_error":false,"DG":2467.6661953088,"error":5.2000762356,"error_message":[],"LC_martensite_start":623.1312709147,"PAGS_energy":204.4370844448,"solutioning_conditions":{"N":1,"P":101325,"T":1273.15,"X_C":0.0095374109,"X_MN":0.0178722332,"X_SI":0.0310754439},"solutionizing_phases":["FCC_A1","","","",""]}}