{"index":56,"components":["C","FE","MN","SI","VA"],"conditions":{"N":1,"P":101325,"T":1273.15,"X_C":0.0115138271,"X_MN":0.0241649586,"X_SI":0.0000984772},"reference":"Arlazarov2020","disabled":false,"model":"martensite_start","inputs":{"martensite_start":598.4756704981,"martensite_type":"lath","PAGS":7.2857142857,"parent_phase":"gamma","predicted_type":true,"solutionizing_temperature":1273.15},"outputs":{"calculation_error":false,"DG":2550.6177828557,"error":40.4839303819,"error_message":[],"LC_martensite_start":557.9917401162,"PAGS_energy":201.4996291246,"solutioning_conditions":{"N":1,"P":101325,"T":1273.15,"X_C":0.0115138271,"X_MN":0.0241649586,"X_SI":0.0000984772},"solutionizing_phases":["FCC_A1","","","",""]}}