{"index":80,"components":["AL","C","FE","MN","VA"],"conditions":{"N":1,"P":101325,"T":1273.15,"X_AL":0.0222926795,"X_C":0.0113817224,"X_MN":0.0238877002},"reference":"Arlazarov2020","disabled":false,"model":"martensite_start","inputs":{"martensite_start":617.2163900415,"martensite_type":"lath","PAGS":12.2954091816,"parent_phase":"gamma","predicted_type":true,"solutionizing_temperature":1273.15},"outputs":{"calculation_error":false,"DG":2506.9802723388,"error":35.5819324953,"error_message":[],"LC_martensite_start":581.6344575462,"PAGS_energy":167.1515871989,"solutioning_conditions":{"N":1,"P":101325,"T":1273.15,"X_AL":0.0222926795,"X_C":0.0113817224,"X_MN":0.0238877002},"solutionizing_phases":["FCC_A1","","","",""]}}