{"index":66,"components":["AL","C","FE","MN","VA"],"conditions":{"N":1,"P":101325,"T":1273.15,"X_AL":0.0122236618,"X_C":0.0114416452,"X_MN":0.0240134648},"reference":"Arlazarov2020","disabled":false,"model":"martensite_start","inputs":{"martensite_start":605.9300829876,"martensite_type":"lath","PAGS":10.5389221557,"parent_phase":"gamma","predicted_type":true,"solutionizing_temperature":1273.15},"outputs":{"calculation_error":false,"DG":2555.6511542686,"error":33.169566073,"error_message":[],"LC_martensite_start":572.7605169146,"PAGS_energy":177.2694317655,"solutioning_conditions":{"N":1,"P":101325,"T":1273.15,"X_AL":0.0122236618,"X_C":0.0114416452,"X_MN":0.0240134648},"solutionizing_phases":["FCC_A1","","","",""]}}