{"index":85,"components":["C","CR","FE","MN","SI","VA"],"conditions":{"N":1,"P":101325,"T":1273.15,"X_C":0.0086381025,"X_CR":0.0094515886,"X_MN":0.0168969684,"X_SI":0.0291636696},"reference":"Arlazarov2020","disabled":false,"model":"martensite_start","inputs":{"martensite_start":621.2847150259,"martensite_type":"lath","PAGS":6.496478423,"parent_phase":"gamma","predicted_type":true,"solutionizing_temperature":1273.15},"outputs":{"calculation_error":false,"DG":2534.6790042519,"error":2.3150584247,"error_message":[],"LC_martensite_start":618.9696566012,"PAGS_energy":209.0251479504,"solutioning_conditions":{"N":1,"P":101325,"T":1273.15,"X_C":0.0086381025,"X_CR":0.0094515886,"X_MN":0.0168969684,"X_SI":0.0291636696},"solutionizing_phases":["FCC_A1","","","","",""]}}