{"index":64,"components":["C","FE","MN","SI","VA"],"conditions":{"N":1,"P":101325,"T":1273.15,"X_C":0.0114304565,"X_MN":0.0239899822,"X_SI":0.0146646259},"reference":"Arlazarov2020","disabled":false,"model":"martensite_start","inputs":{"martensite_start":603.9929118774,"martensite_type":"lath","PAGS":38.3571428571,"parent_phase":"gamma","predicted_type":true,"solutionizing_temperature":1273.15},"outputs":{"calculation_error":false,"DG":2416.6501005103,"error":29.4362273907,"error_message":[],"LC_martensite_start":574.5566844867,"PAGS_energy":92.4764601329,"solutioning_conditions":{"N":1,"P":101325,"T":1273.15,"X_C":0.0114304565,"X_MN":0.0239899822,"X_SI":0.0146646259},"solutionizing_phases":["FCC_A1","","","",""]}}