{"index":105,"components":["C","CR","FE","MN","SI","VA"],"conditions":{"N":1,"P":101325,"T":1273.15,"X_C":0.0095353426,"X_CR":0.0031465585,"X_MN":0.0178683573,"X_SI":0.0310687047},"reference":"Arlazarov2020","disabled":false,"model":"martensite_start","inputs":{"martensite_start":631.8132124352,"martensite_type":"lath","PAGS":23.1546578418,"parent_phase":"gamma","predicted_type":true,"solutionizing_temperature":1273.15},"outputs":{"calculation_error":false,"DG":2357.3875564358,"error":4.573911758,"error_message":[],"LC_martensite_start":627.2393006772,"PAGS_energy":125.6059244827,"solutioning_conditions":{"N":1,"P":101325,"T":1273.15,"X_C":0.0095353426,"X_CR":0.0031465585,"X_MN":0.0178683573,"X_SI":0.0310687047},"solutionizing_phases":["FCC_A1","","","","",""]}}