{"index":87,"components":["C","CR","FE","MN","SI","VA"],"conditions":{"N":1,"P":101325,"T":1273.15,"X_C":0.0095332751,"X_CR":0.0062917525,"X_MN":0.0178644832,"X_SI":0.0310619685},"reference":"Arlazarov2020","disabled":false,"model":"martensite_start","inputs":{"martensite_start":622.3624352332,"martensite_type":"lath","PAGS":6.6144064979,"parent_phase":"gamma","predicted_type":true,"solutionizing_temperature":1273.15},"outputs":{"calculation_error":false,"DG":2516.7204064082,"error":10.1036200511,"error_message":[],"LC_martensite_start":612.2588151821,"PAGS_energy":207.8443666393,"solutioning_conditions":{"N":1,"P":101325,"T":1273.15,"X_C":0.0095332751,"X_CR":0.0062917525,"X_MN":0.0178644832,"X_SI":0.0310619685},"solutionizing_phases":["FCC_A1","","","","",""]}}