{"index":99,"components":["C","CR","FE","MN","SI","VA"],"conditions":{"N":1,"P":101325,"T":1273.15,"X_C":0.0095353426,"X_CR":0.0031465585,"X_MN":0.0178683573,"X_SI":0.0310687047},"reference":"Arlazarov2020","disabled":false,"model":"martensite_start","inputs":{"martensite_start":627.9168393782,"martensite_type":"lath","PAGS":11.4685257456,"parent_phase":"gamma","predicted_type":true,"solutionizing_temperature":1273.15},"outputs":{"calculation_error":false,"DG":2436.1793594924,"error":6.1538276711,"error_message":[],"LC_martensite_start":621.7630117071,"PAGS_energy":171.7211416574,"solutioning_conditions":{"N":1,"P":101325,"T":1273.15,"X_C":0.0095353426,"X_CR":0.0031465585,"X_MN":0.0178683573,"X_SI":0.0310687047},"solutionizing_phases":["FCC_A1","","","","",""]}}