{"index":91,"components":["C","CR","FE","MN","SI","VA"],"conditions":{"N":1,"P":101325,"T":1273.15,"X_C":0.0095332751,"X_CR":0.0062917525,"X_MN":0.0178644832,"X_SI":0.0310619685},"reference":"Arlazarov2020","disabled":false,"model":"martensite_start","inputs":{"martensite_start":625.2639896373,"martensite_type":"lath","PAGS":10.0878015846,"parent_phase":"gamma","predicted_type":true,"solutionizing_temperature":1273.15},"outputs":{"calculation_error":false,"DG":2464.6004669324,"error":9.7369534366,"error_message":[],"LC_martensite_start":615.5270362007,"PAGS_energy":180.1409011705,"solutioning_conditions":{"N":1,"P":101325,"T":1273.15,"X_C":0.0095332751,"X_CR":0.0062917525,"X_MN":0.0178644832,"X_SI":0.0310619685},"solutionizing_phases":["FCC_A1","","","","",""]}}