{"index":63,"components":["AL","C","FE","MN","VA"],"conditions":{"N":1,"P":101325,"T":1273.15,"X_AL":0.0122236618,"X_C":0.0114416452,"X_MN":0.0240134648},"reference":"Arlazarov2020","disabled":false,"model":"martensite_start","inputs":{"martensite_start":601.7807053942,"martensite_type":"lath","PAGS":8.5429141717,"parent_phase":"gamma","predicted_type":true,"solutionizing_temperature":1273.15},"outputs":{"calculation_error":false,"DG":2605.0328342182,"error":30.5960497009,"error_message":[],"LC_martensite_start":571.1846556933,"PAGS_energy":191.0512397419,"solutioning_conditions":{"N":1,"P":101325,"T":1273.15,"X_AL":0.0122236618,"X_C":0.0114416452,"X_MN":0.0240134648},"solutionizing_phases":["FCC_A1","","","",""]}}