{"index":94,"components":["C","CR","FE","MN","SI","VA"],"conditions":{"N":1,"P":101325,"T":1273.15,"X_C":0.0086381025,"X_CR":0.0094515886,"X_MN":0.0168969684,"X_SI":0.0291636696},"reference":"Arlazarov2020","disabled":false,"model":"martensite_start","inputs":{"martensite_start":626.3417098446,"martensite_type":"lath","PAGS":10.6795697385,"parent_phase":"gamma","predicted_type":true,"solutionizing_temperature":1273.15},"outputs":{"calculation_error":false,"DG":2459.8185115089,"error":3.4740480275,"error_message":[],"LC_martensite_start":622.8676618171,"PAGS_energy":176.3992766555,"solutioning_conditions":{"N":1,"P":101325,"T":1273.15,"X_C":0.0086381025,"X_CR":0.0094515886,"X_MN":0.0168969684,"X_SI":0.0291636696},"solutionizing_phases":["FCC_A1","","","","",""]}}