{"index":108,"components":["C","CR","FE","MN","SI","VA"],"conditions":{"N":1,"P":101325,"T":1273.15,"X_C":0.0086381025,"X_CR":0.0094515886,"X_MN":0.0168969684,"X_SI":0.0291636696},"reference":"Arlazarov2020","disabled":false,"model":"martensite_start","inputs":{"martensite_start":634.3002590674,"martensite_type":"lath","PAGS":22.9165102374,"parent_phase":"gamma","predicted_type":true,"solutionizing_temperature":1273.15},"outputs":{"calculation_error":false,"DG":2343.5677215686,"error":5.4226624201,"error_message":[],"LC_martensite_start":628.8775966473,"PAGS_energy":126.2844925472,"solutioning_conditions":{"N":1,"P":101325,"T":1273.15,"X_C":0.0086381025,"X_CR":0.0094515886,"X_MN":0.0168969684,"X_SI":0.0291636696},"solutionizing_phases":["FCC_A1","","","","",""]}}