{"index":78,"components":["AL","C","FE","MN","VA"],"conditions":{"N":1,"P":101325,"T":1273.15,"X_AL":0.0222926795,"X_C":0.0113817224,"X_MN":0.0238877002},"reference":"Arlazarov2020","disabled":false,"model":"martensite_start","inputs":{"martensite_start":615.3076763485,"martensite_type":"lath","PAGS":10.8582834331,"parent_phase":"gamma","predicted_type":true,"solutionizing_temperature":1273.15},"outputs":{"calculation_error":false,"DG":2531.3662969008,"error":34.6117609584,"error_message":[],"LC_martensite_start":580.6959153901,"PAGS_energy":175.3100006342,"solutioning_conditions":{"N":1,"P":101325,"T":1273.15,"X_AL":0.0222926795,"X_C":0.0113817224,"X_MN":0.0238877002},"solutionizing_phases":["FCC_A1","","","",""]}}