{"index":79,"components":["AL","C","FE","MN","VA"],"conditions":{"N":1,"P":101325,"T":1273.15,"X_AL":0.0122236618,"X_C":0.0114416452,"X_MN":0.0240134648},"reference":"Arlazarov2020","disabled":false,"model":"martensite_start","inputs":{"martensite_start":616.7184647303,"martensite_type":"lath","PAGS":46.5469061876,"parent_phase":"gamma","predicted_type":true,"solutionizing_temperature":1273.15},"outputs":{"calculation_error":false,"DG":2366.0544278618,"error":32.7698145175,"error_message":[],"LC_martensite_start":583.9486502128,"PAGS_energy":79.7745829757,"solutioning_conditions":{"N":1,"P":101325,"T":1273.15,"X_AL":0.0122236618,"X_C":0.0114416452,"X_MN":0.0240134648},"solutionizing_phases":["FCC_A1","","","",""]}}