{"index":73,"components":["C","FE","MN","SI","VA"],"conditions":{"N":1,"P":101325,"T":1273.15,"X_C":0.0115138271,"X_MN":0.0241649586,"X_SI":0.0000984772},"reference":"Arlazarov2020","disabled":false,"model":"martensite_start","inputs":{"martensite_start":611.425862069,"martensite_type":"lath","PAGS":33.9285714286,"parent_phase":"gamma","predicted_type":true,"solutionizing_temperature":1273.15},"outputs":{"calculation_error":false,"DG":2338.7466390594,"error":41.9300450208,"error_message":[],"LC_martensite_start":569.4958170482,"PAGS_energy":100.5289089793,"solutioning_conditions":{"N":1,"P":101325,"T":1273.15,"X_C":0.0115138271,"X_MN":0.0241649586,"X_SI":0.0000984772},"solutionizing_phases":["FCC_A1","","","",""]}}