{"index":89,"components":["C","CR","FE","MN","SI","VA"],"conditions":{"N":1,"P":101325,"T":1273.15,"X_C":0.0095353426,"X_CR":0.0031465585,"X_MN":0.0178683573,"X_SI":0.0310687047},"reference":"Arlazarov2020","disabled":false,"model":"martensite_start","inputs":{"martensite_start":624.8494818653,"martensite_type":"lath","PAGS":5.7839587947,"parent_phase":"gamma","predicted_type":true,"solutionizing_temperature":1273.15},"outputs":{"calculation_error":false,"DG":2506.9014642233,"error":8.4005326016,"error_message":[],"LC_martensite_start":616.4489492637,"PAGS_energy":216.6502139513,"solutioning_conditions":{"N":1,"P":101325,"T":1273.15,"X_C":0.0095353426,"X_CR":0.0031465585,"X_MN":0.0178683573,"X_SI":0.0310687047},"solutionizing_phases":["FCC_A1","","","","",""]}}