{"components": ["C", "CR", "FE", "VA"], "reference": ["Mirzayev1985"], "phases": ["BCT_LATH"], "output": "MS", "conditions": {"P": 101325, "N": 1, "T": [542.2798552473, 552.8571428571, 562.899408284, 577.0205066345, 577.5, 662.6785714286, 672.6035502959, 687.2135102533, 702.426035503, 702.8571428571, 718.1544028951, 723.0398069964, 773.2544378698]}, "solver": {"mode": "manual", "sublattice_site_ratios": [1, 3], "sublattice_configurations": [[["CR", "FE"], ["C", "VA"]], [["CR", "FE"], ["C", "VA"]], [["CR", "FE"], ["C", "VA"]], [["CR", "FE"], ["C", "VA"]], [["CR", "FE"], ["C", "VA"]], [["CR", "FE"], ["C", "VA"]], [["CR", "FE"], ["C", "VA"]], [["CR", "FE"], ["C", "VA"]], [["CR", "FE"], ["C", "VA"]], [["CR", "FE"], ["C", "VA"]], [["CR", "FE"], ["C", "VA"]], [["CR", "FE"], ["C", "VA"]], [["CR", "FE"], ["C", "VA"]]], "sublattice_occupancies": [[[0.07, 0.9123], [0.006006311717397943, 0.993993688282602]], [[0.1, 0.8891], [0.003673373100124692, 0.9963266268998753]], [[0.045, 0.9368000000000001], [0.0061791267739526035, 0.9938208732260474]], [[0.07, 0.9172], [0.004321988114532685, 0.9956780118854673]], [[0.1, 0.8922100000000001], [0.002617053513537121, 0.9973829464864629]], [[0.1, 0.8958800000000001], [0.0013790148746167545, 0.9986209851253832]], [[0.045, 0.9449000000000001], [0.003401016937737819, 0.9965989830622621]], [[0.07, 0.9250100000000001], [0.001671674991541124, 0.9983283250084588]], [[0.045, 0.9477000000000001], [0.0024512272925690877, 0.9975487727074309]], [[0.1, 0.8982100000000001], [0.0005977366152078887, 0.9994022633847921]], [[0.07, 0.92771], [0.000765085378850902, 0.9992349146211491]], [[0.07, 0.9287000000000001], [0.00043389739995327263, 0.9995661026000467]], [[0.045, 0.9537], [0.00043389739995327263, 0.9995661026000467]]]}, "values": [[[2830.5069850102, 2830.5069850102, 2830.5069850102, 2830.5069850102, 2830.5069850102, 2830.5069850102, 2830.5069850102, 2830.5069850102, 2830.5069850102, 2830.5069850102, 2830.5069850102, 2830.5069850102, 2830.5069850102], [2734.4018623471, 2734.4018623471, 2734.4018623471, 2734.4018623471, 2734.4018623471, 2734.4018623471, 2734.4018623471, 2734.4018623471, 2734.4018623471, 2734.4018623471, 2734.4018623471, 2734.4018623471, 2734.4018623471], [2703.5649348498, 2703.5649348498, 2703.5649348498, 2703.5649348498, 2703.5649348498, 2703.5649348498, 2703.5649348498, 2703.5649348498, 2703.5649348498, 2703.5649348498, 2703.5649348498, 2703.5649348498, 2703.5649348498], [2585.8860428959, 2585.8860428959, 2585.8860428959, 2585.8860428959, 2585.8860428959, 2585.8860428959, 2585.8860428959, 2585.8860428959, 2585.8860428959, 2585.8860428959, 2585.8860428959, 2585.8860428959, 2585.8860428959], [2572.1426207987, 2572.1426207987, 2572.1426207987, 2572.1426207987, 2572.1426207987, 2572.1426207987, 2572.1426207987, 2572.1426207987, 2572.1426207987, 2572.1426207987, 2572.1426207987, 2572.1426207987, 2572.1426207987], [1972.6150249596, 1972.6150249596, 1972.6150249596, 1972.6150249596, 1972.6150249596, 1972.6150249596, 1972.6150249596, 1972.6150249596, 1972.6150249596, 1972.6150249596, 1972.6150249596, 1972.6150249596, 1972.6150249596], [1900.1165398563, 1900.1165398563, 1900.1165398563, 1900.1165398563, 1900.1165398563, 1900.1165398563, 1900.1165398563, 1900.1165398563, 1900.1165398563, 1900.1165398563, 1900.1165398563, 1900.1165398563, 1900.1165398563], [1838.6833326147, 1838.6833326147, 1838.6833326147, 1838.6833326147, 1838.6833326147, 1838.6833326147, 1838.6833326147, 1838.6833326147, 1838.6833326147, 1838.6833326147, 1838.6833326147, 1838.6833326147, 1838.6833326147], [1727.4527530012, 1727.4527530012, 1727.4527530012, 1727.4527530012, 1727.4527530012, 1727.4527530012, 1727.4527530012, 1727.4527530012, 1727.4527530012, 1727.4527530012, 1727.4527530012, 1727.4527530012, 1727.4527530012], [1737.5112157377, 1737.5112157377, 1737.5112157377, 1737.5112157377, 1737.5112157377, 1737.5112157377, 1737.5112157377, 1737.5112157377, 1737.5112157377, 1737.5112157377, 1737.5112157377, 1737.5112157377, 1737.5112157377], [1681.0854243573, 1681.0854243573, 1681.0854243573, 1681.0854243573, 1681.0854243573, 1681.0854243573, 1681.0854243573, 1681.0854243573, 1681.0854243573, 1681.0854243573, 1681.0854243573, 1681.0854243573, 1681.0854243573], [1676.039663847, 1676.039663847, 1676.039663847, 1676.039663847, 1676.039663847, 1676.039663847, 1676.039663847, 1676.039663847, 1676.039663847, 1676.039663847, 1676.039663847, 1676.039663847, 1676.039663847], [1391.6623769568, 1391.6623769568, 1391.6623769568, 1391.6623769568, 1391.6623769568, 1391.6623769568, 1391.6623769568, 1391.6623769568, 1391.6623769568, 1391.6623769568, 1391.6623769568, 1391.6623769568, 1391.6623769568]]]}