{"components": ["C", "CR", "FE", "VA"], "reference": ["Mirzayev1985"], "phases": ["BCT_PLATE"], "output": "MS", "conditions": {"P": 101325, "N": 1, "T": [603.2142857143, 612.426035503, 612.8468033776, 632.6785714286, 642.7810650888, 653.015681544, 657.9010856454, 683.2544378698]}, "solver": {"mode": "manual", "sublattice_site_ratios": [1, 3], "sublattice_configurations": [[["CR", "FE"], ["C", "VA"]], [["CR", "FE"], ["C", "VA"]], [["CR", "FE"], ["C", "VA"]], [["CR", "FE"], ["C", "VA"]], [["CR", "FE"], ["C", "VA"]], [["CR", "FE"], ["C", "VA"]], [["CR", "FE"], ["C", "VA"]], [["CR", "FE"], ["C", "VA"]]], "sublattice_occupancies": [[[0.1, 0.8959], [0.0013722930682464772, 0.9986277069317535]], [[0.045, 0.9449000000000001], [0.003401016937737819, 0.9965989830622621]], [[0.07, 0.9249900000000001], [0.0016784088282294294, 0.9983215911717706]], [[0.1, 0.8982100000000001], [0.0005977366152078887, 0.9994022633847921]], [[0.045, 0.9477200000000001], [0.002444462352593548, 0.9975555376474065]], [[0.07, 0.92773], [0.0007583882078985966, 0.9992416117921014]], [[0.07, 0.9287200000000001], [0.0004272134999465983, 0.9995727865000534]], [[0.045, 0.9537], [0.00043389739995327263, 0.9995661026000467]]]}, "values": [[[2426.6028698221, 2426.6028698221, 2426.6028698221, 2426.6028698221, 2426.6028698221, 2426.6028698221, 2426.6028698221, 2426.6028698221], [2389.6404694396, 2389.6404694396, 2389.6404694396, 2389.6404694396, 2389.6404694396, 2389.6404694396, 2389.6404694396, 2389.6404694396], [2411.5519750439, 2411.5519750439, 2411.5519750439, 2411.5519750439, 2411.5519750439, 2411.5519750439, 2411.5519750439, 2411.5519750439], [2248.0143012633, 2248.0143012633, 2248.0143012633, 2248.0143012633, 2248.0143012633, 2248.0143012633, 2248.0143012633, 2248.0143012633], [2192.6096172063, 2192.6096172063, 2192.6096172063, 2192.6096172063, 2192.6096172063, 2192.6096172063, 2192.6096172063, 2192.6096172063], [2158.2633966228, 2158.2633966228, 2158.2633966228, 2158.2633966228, 2158.2633966228, 2158.2633966228, 2158.2633966228, 2158.2633966228], [2147.4504462412, 2147.4504462412, 2147.4504462412, 2147.4504462412, 2147.4504462412, 2147.4504462412, 2147.4504462412, 2147.4504462412], [2023.0285013872, 2023.0285013872, 2023.0285013872, 2023.0285013872, 2023.0285013872, 2023.0285013872, 2023.0285013872, 2023.0285013872]]]}