{"components": ["FE", "MN", "MO", "VA"], "reference": ["Ishida1974a"], "phases": ["HCP_EPS"], "output": "MS", "conditions": {"P": 101325, "N": 1, "T": [341.15, 364.15, 386.15]}, "solver": {"mode": "manual", "sublattice_site_ratios": [1, 0.5], "sublattice_configurations": [[["FE", "MN", "MO"], "VA"], [["FE", "MN", "MO"], "VA"], [["FE", "MN", "MO"], "VA"]], "sublattice_occupancies": [[[0.8021, 0.1715, 0.0264], 1.0], [[0.8084, 0.17350000000000002, 0.0181], 1.0], [[0.8176, 0.1734, 0.009000000000000001], 1.0]]}, "values": [[[443.9072870835, 443.9072870835, 443.9072870835], [336.5064533523, 336.5064533523, 336.5064533523], [232.0968643836, 232.0968643836, 232.0968643836]]]}