{"components": ["CU", "FE", "NI", "VA"], "reference": ["Ishida1974"], "phases": ["BCT_LATH"], "output": "MS", "conditions": {"P": 101325, "N": 1, "T": [556.15, 565.15, 557.15, 512.15]}, "solver": {"mode": "manual", "sublattice_site_ratios": [1, 3], "sublattice_configurations": [[["CU", "FE", "NI"], "VA"], [["CU", "FE", "NI"], "VA"], [["CU", "FE", "NI"], "VA"], [["CU", "FE", "NI"], "VA"]], "sublattice_occupancies": [[[0.0140000108, 0.8030219669, 0.18297802230000001], 1.0], [[0.0052000028, 0.8118220177000001, 0.1829779795], 1.0], [[0.013300013900000001, 0.8017221528, 0.1849778333], 1.0], [[0.0258000926, 0.7742233626, 0.1999765447], 1.0]]}, "values": [[[1016.384476577, 1016.384476577, 1016.384476577, 1016.384476577], [1018.9831582704, 1018.9831582704, 1018.9831582704, 1018.9831582704], [985.0657840778, 985.0657840778, 985.0657840778, 985.0657840778], [922.0534461739, 922.0534461739, 922.0534461739, 922.0534461739]]]}