{"index":632,"components":["AL","C","CR","FE","MN","NI","SI","VA"],"conditions":{"N":1,"P":101325,"T":1423.15,"X_AL":0.0004016675,"X_C":0.0180465887,"X_CR":0.0104215587,"X_MN":0.0202201377,"X_NI":0.0045238715,"X_SI":0.0291338738},"reference":"Miettunen2021","disabled":false,"model":"martensite_start","inputs":{"martensite_start":543.15,"martensite_type":"lath","PAGS":null,"parent_phase":"gamma","predicted_type":false,"solutionizing_temperature":1423.15},"outputs":{"calculation_error":false,"DG":2949.1098427507,"error":0.3336880016,"error_message":[],"LC_martensite_start":542.8163119984,"PAGS_energy":0.0,"solutioning_conditions":{"N":1,"P":101325,"T":1423.15,"X_AL":0.0004016675,"X_C":0.0180465887,"X_CR":0.0104215587,"X_MN":0.0202201377,"X_NI":0.0045238715,"X_SI":0.0291338738},"solutionizing_phases":["FCC_A1","","","","","","",""]}}