{"index":634,"components":["AL","C","CR","FE","MN","NI","SI","VA"],"conditions":{"N":1,"P":101325,"T":1423.15,"X_AL":0.0004065808,"X_C":0.0182673355,"X_CR":0.0105490357,"X_MN":0.0204674714,"X_NI":0.0045792077,"X_SI":0.0048824902},"reference":"Miettunen2021","disabled":false,"model":"martensite_start","inputs":{"martensite_start":558.15,"martensite_type":"lath","PAGS":null,"parent_phase":"gamma","predicted_type":false,"solutionizing_temperature":1423.15},"outputs":{"calculation_error":false,"DG":2706.9494729208,"error":29.977854867,"error_message":[],"LC_martensite_start":528.172145133,"PAGS_energy":0.0,"solutioning_conditions":{"N":1,"P":101325,"T":1423.15,"X_AL":0.0004065808,"X_C":0.0182673355,"X_CR":0.0105490357,"X_MN":0.0204674714,"X_NI":0.0045792077,"X_SI":0.0048824902},"solutionizing_phases":["FCC_A1","","","","","","",""]}}