{"index":633,"components":["AL","C","CR","FE","MN","NI","SI","VA"],"conditions":{"N":1,"P":101325,"T":1423.15,"X_AL":0.0004048906,"X_C":0.0181913967,"X_CR":0.0105051825,"X_MN":0.0203823866,"X_NI":0.0045601716,"X_SI":0.0132251658},"reference":"Miettunen2021","disabled":false,"model":"martensite_start","inputs":{"martensite_start":553.15,"martensite_type":"lath","PAGS":null,"parent_phase":"gamma","predicted_type":false,"solutionizing_temperature":1423.15},"outputs":{"calculation_error":false,"DG":2781.738987484,"error":20.6648534858,"error_message":[],"LC_martensite_start":532.4851465142,"PAGS_energy":0.0,"solutioning_conditions":{"N":1,"P":101325,"T":1423.15,"X_AL":0.0004048906,"X_C":0.0181913967,"X_CR":0.0105051825,"X_MN":0.0203823866,"X_NI":0.0045601716,"X_SI":0.0132251658},"solutionizing_phases":["FCC_A1","","","","","","",""]}}