{"components": ["FE", "MN", "V", "VA"], "reference": ["Ishida1974a"], "phases": ["HCP_A3"], "output": "MS", "conditions": {"P": 101325, "N": 1, "T": [351.15, 367.15, 385.15]}, "solver": {"mode": "manual", "sublattice_site_ratios": [1, 0.5], "sublattice_configurations": [[["FE", "MN", "V"], "VA"], [["FE", "MN", "V"], "VA"], [["FE", "MN", "V"], "VA"]], "sublattice_occupancies": [[[0.8, 0.176, 0.024], 1.0], [[0.8093, 0.1741, 0.0166], 1.0], [[0.8230000000000001, 0.16920000000000002, 0.0078000000000000005], 1.0]]}, "values": [[[400.3005011581, 400.3005011581, 400.3005011581], [327.4573150886, 327.4573150886, 327.4573150886], [246.6004230366, 246.6004230366, 246.6004230366]]]}