{"components": ["FE", "VA"], "reference": ["Mirzayev1979", "Mirzayev1981", "Wilson1965"], "phases": ["BCC_A2"], "output": "MS", "conditions": {"P": 101325, "N": 1, "T": [811.8823529412, 818.1549448626, 818.1818181818, 822.9767223181]}, "solver": {"mode": "manual", "sublattice_site_ratios": [1, 3], "sublattice_configurations": [["FE", "VA"], ["FE", "VA"], ["FE", "VA"], ["FE", "VA"]], "sublattice_occupancies": [[1.0, 1.0], [1.0, 1.0], [1.0, 1.0], [1.0, 1.0]]}, "values": [[[1272.5872810844, 1272.5872810844, 1272.5872810844, 1272.5872810844], [1251.1070385882, 1251.1070385882, 1251.1070385882, 1251.1070385882], [1250.93763704, 1250.93763704, 1250.93763704, 1250.93763704], [1220.8437378722, 1220.8437378722, 1220.8437378722, 1220.8437378722]]]}