{"components": ["FE", "VA"], "reference": ["Mirzayev1973", "Mirzayev1979", "Mirzayev1981"], "phases": ["BCT_PLATE"], "output": "MS", "conditions": {"P": 101325, "N": 1, "T": [691.5728574608, 699.8823529412, 696.9696969697, 697.1173113951]}, "solver": {"mode": "manual", "sublattice_site_ratios": [1, 3], "sublattice_configurations": [["FE", "VA"], ["FE", "VA"], ["FE", "VA"], ["FE", "VA"]], "sublattice_occupancies": [[1.0, 1.0], [1.0, 1.0], [1.0, 1.0], [1.0, 1.0]]}, "values": [[[2128.3895071894, 2128.3895071894, 2128.3895071894, 2128.3895071894], [2052.1685379233, 2052.1685379233, 2052.1685379233, 2052.1685379233], [2088.1624853466, 2088.1624853466, 2088.1624853466, 2088.1624853466], [2087.0652499583, 2087.0652499583, 2087.0652499583, 2087.0652499583]]]}