{"index":392,"components":["C","CR","FE","MN","MO","NI","P","S","SI","VA"],"conditions":{"N":1,"P":101325,"T":1273.15,"X_C":0.0192170568,"X_CR":0.0076097017,"X_MN":0.0067020476,"X_MO":0.0027494601,"X_NI":0.0236884779,"X_P":0.0005145291,"X_S":0.0003770486,"X_SI":0.006065763},"reference":"Gillam1953","disabled":false,"model":"martensite_start","inputs":{"martensite_start":535.15,"martensite_type":"plate","PAGS":null,"parent_phase":"gamma","predicted_type":true,"solutionizing_temperature":1273.15},"outputs":{"calculation_error":false,"DG":2881.7919897671,"error":-38.3578281713,"error_message":[],"LC_martensite_start":573.5078281713,"PAGS_energy":0.0,"solutioning_conditions":{"N":1,"P":101325,"T":1273.15,"X_C":0.0192170568,"X_CR":0.0076097017,"X_MN":0.0067020476,"X_MO":0.0027494601,"X_NI":0.0236884779,"X_P":0.0005145291,"X_S":0.0003770486,"X_SI":0.006065763},"solutionizing_phases":["FCC_A1","LIQUID","","","","","","","",""]}}