{"index":393,"components":["C","CR","FE","MN","MO","NI","P","S","SI","VA"],"conditions":{"N":1,"P":101325,"T":1273.15,"X_C":0.0146938076,"X_CR":0.0128341553,"X_MN":0.0047182109,"X_MO":0.0017245438,"X_NI":0.0388073041,"X_P":0.0003917251,"X_S":0.0003439945,"X_SI":0.0056946695},"reference":"Gillam1953","disabled":false,"model":"martensite_start","inputs":{"martensite_start":572.15,"martensite_type":"lath","PAGS":null,"parent_phase":"gamma","predicted_type":true,"solutionizing_temperature":1273.15},"outputs":{"calculation_error":false,"DG":2453.2831590009,"error":-20.0438237476,"error_message":[],"LC_martensite_start":592.1938237476,"PAGS_energy":0.0,"solutioning_conditions":{"N":1,"P":101325,"T":1273.15,"X_C":0.0146938076,"X_CR":0.0128341553,"X_MN":0.0047182109,"X_MO":0.0017245438,"X_NI":0.0388073041,"X_P":0.0003917251,"X_S":0.0003439945,"X_SI":0.0056946695},"solutionizing_phases":["FCC_A1","LIQUID","","","","","","","",""]}}