{"index":394,"components":["C","CR","FE","MN","MO","NI","P","S","SI","VA"],"conditions":{"N":1,"P":101325,"T":1273.15,"X_C":0.0174070467,"X_CR":0.0100522355,"X_MN":0.0069101219,"X_MO":0.0014910199,"X_NI":0.01481077,"X_P":0.0003019707,"X_S":0.0001715847,"X_SI":0.0039179389},"reference":"Gillam1953","disabled":false,"model":"martensite_start","inputs":{"martensite_start":577.15,"martensite_type":"lath","PAGS":null,"parent_phase":"gamma","predicted_type":true,"solutionizing_temperature":1273.15},"outputs":{"calculation_error":false,"DG":2596.2124009186,"error":-43.1095673847,"error_message":[],"LC_martensite_start":620.2595673847,"PAGS_energy":0.0,"solutioning_conditions":{"N":1,"P":101325,"T":1273.15,"X_C":0.0174070467,"X_CR":0.0100522355,"X_MN":0.0069101219,"X_MO":0.0014910199,"X_NI":0.01481077,"X_P":0.0003019707,"X_S":0.0001715847,"X_SI":0.0039179389},"solutionizing_phases":["FCC_A1","LIQUID","","","","","","","",""]}}