{"index":404,"components":["C","CR","CU","FE","MN","MO","NI","SI","VA"],"conditions":{"N":1,"P":101325,"T":1273.15,"X_C":0.0119424921,"X_CR":0.0002122018,"X_CU":0.0012154294,"X_MN":0.0148620408,"X_MO":0.000057503,"X_NI":0.0007519529,"X_SI":0.0055000395},"reference":"Economopoulos1967","disabled":false,"model":"martensite_start","inputs":{"martensite_start":673.0,"martensite_type":"lath","PAGS":null,"parent_phase":"gamma","predicted_type":true,"solutionizing_temperature":1273.15},"outputs":{"calculation_error":false,"DG":1850.3100435757,"error":28.8569314003,"error_message":[],"LC_martensite_start":644.1430685997,"PAGS_energy":0.0,"solutioning_conditions":{"N":1,"P":101325,"T":1273.15,"X_C":0.0119424921,"X_CR":0.0002122018,"X_CU":0.0012154294,"X_MN":0.0148620408,"X_MO":0.000057503,"X_NI":0.0007519529,"X_SI":0.0055000395},"solutionizing_phases":["FCC_A1","","","","","","","",""]}}