{"index":417,"components":["C","CR","FE","MN","MO","SI","V","VA"],"conditions":{"N":1,"P":101325,"T":1450.0,"X_C":0.0168340444,"X_CR":0.0504458599,"X_MN":0.0033819001,"X_MO":0.0076323828,"X_SI":0.0182894547,"X_V":0.0127652785},"reference":"Economopoulos1967","disabled":false,"model":"martensite_start","inputs":{"martensite_start":621.0,"martensite_type":"lath","PAGS":null,"parent_phase":"gamma","predicted_type":true,"solutionizing_temperature":1450.0},"outputs":{"calculation_error":false,"DG":1856.1885973074,"error":117.6854507446,"error_message":[],"LC_martensite_start":503.3145492554,"PAGS_energy":0.0,"solutioning_conditions":{"N":1,"P":101325,"T":1450.0,"X_C":0.0168340444,"X_CR":0.0504458599,"X_MN":0.0033819001,"X_MO":0.0076323828,"X_SI":0.0182894547,"X_V":0.0127652785},"solutionizing_phases":["FCC_A1","BCC_A2","FCC_A1","","","","",""]}}