{"index":408,"components":["C","CR","FE","MN","MO","NI","SI","VA"],"conditions":{"N":1,"P":101325,"T":1273.15,"X_C":0.0092123457,"X_CR":0.0052135538,"X_MN":0.0080561091,"X_MO":0.0010379617,"X_NI":0.0054669774,"X_SI":0.0053185121},"reference":"Economopoulos1967","disabled":false,"model":"martensite_start","inputs":{"martensite_start":671.0,"martensite_type":"lath","PAGS":null,"parent_phase":"gamma","predicted_type":true,"solutionizing_temperature":1273.15},"outputs":{"calculation_error":false,"DG":1938.5094746425,"error":-19.135392189,"error_message":[],"LC_martensite_start":690.135392189,"PAGS_energy":0.0,"solutioning_conditions":{"N":1,"P":101325,"T":1273.15,"X_C":0.0092123457,"X_CR":0.0052135538,"X_MN":0.0080561091,"X_MO":0.0010379617,"X_NI":0.0054669774,"X_SI":0.0053185121},"solutionizing_phases":["FCC_A1","","","","","","",""]}}