{"index":421,"components":["C","CR","FE","MN","MO","NI","SI","W","VA"],"conditions":{"N":1,"P":101325,"T":1273.15,"X_C":0.0249949255,"X_CR":0.0122888398,"X_MN":0.0046122017,"X_MO":0.002755911,"X_NI":0.0386662106,"X_SI":0.0050993504,"X_W":0.0023970309},"reference":"Economopoulos1967","disabled":false,"model":"martensite_start","inputs":{"martensite_start":473.0,"martensite_type":"plate","PAGS":null,"parent_phase":"gamma","predicted_type":true,"solutionizing_temperature":1273.15},"outputs":{"calculation_error":false,"DG":3136.2542977676,"error":-61.4380887985,"error_message":[],"LC_martensite_start":534.4380887985,"PAGS_energy":0.0,"solutioning_conditions":{"N":1,"P":101325,"T":1273.15,"X_C":0.0249949255,"X_CR":0.0122888398,"X_MN":0.0046122017,"X_MO":0.002755911,"X_NI":0.0386662106,"X_SI":0.0050993504,"X_W":0.0023970309},"solutionizing_phases":["FCC_A1","","","","","","","",""]}}