{"index":431,"components":["C","CO","CR","FE","MN","MO","SI","V","W","VA"],"conditions":{"N":1,"P":101325,"T":1400.0,"X_C":0.0570420997,"X_CO":0.1198674972,"X_CR":0.0502691966,"X_MN":0.0032486682,"X_MO":0.0306046434,"X_SI":0.0059447377,"X_V":0.0371827092,"X_W":0.0248028754},"reference":"Economopoulos1967","disabled":false,"model":"martensite_start","inputs":{"martensite_start":483.0,"martensite_type":"plate","PAGS":null,"parent_phase":"gamma","predicted_type":false,"solutionizing_temperature":1400.0},"outputs":{"calculation_error":false,"DG":4118.7054870986,"error":-128.9089530945,"error_message":["Removed 5 components while calculating martensite equilibrium."],"LC_martensite_start":611.9089530945,"PAGS_energy":0.0,"solutioning_conditions":{"N":1,"P":101325,"T":1400.0,"X_C":0.0570420997,"X_CO":0.1198674972,"X_CR":0.0502691966,"X_MN":0.0032486682,"X_MO":0.0306046434,"X_SI":0.0059447377,"X_V":0.0371827092,"X_W":0.0248028754},"solutionizing_phases":["FCC_A1","CHI_A12","FCC_A1","","","","","","",""]}}