{"index":433,"components":["C","CR","FE","MN","MO","NI","SI","VA"],"conditions":{"N":1,"P":101325,"T":1273.15,"X_C":0.065304632,"X_CR":0.0125961194,"X_MN":0.0076913511,"X_MO":0.0030279509,"X_NI":0.0035996193,"X_SI":0.0086509046},"reference":"Economopoulos1967","disabled":false,"model":"martensite_start","inputs":{"martensite_start":423.0,"martensite_type":"lath","PAGS":null,"parent_phase":"gamma","predicted_type":false,"solutionizing_temperature":1273.15},"outputs":{"calculation_error":false,"DG":3939.8909683944,"error":9.2129661083,"error_message":[],"LC_martensite_start":413.7870338917,"PAGS_energy":0.0,"solutioning_conditions":{"N":1,"P":101325,"T":1273.15,"X_C":0.065304632,"X_CR":0.0125961194,"X_MN":0.0076913511,"X_MO":0.0030279509,"X_NI":0.0035996193,"X_SI":0.0086509046},"solutionizing_phases":["CEMENTITE_D011","FCC_A1","","","","","",""]}}