{"index":430,"components":["C","CR","FE","MN","MO","NI","SI","W","VA"],"conditions":{"N":1,"P":101325,"T":1273.15,"X_C":0.0519198857,"X_CR":0.0185065864,"X_MN":0.0029355678,"X_MO":0.0015128926,"X_NI":0.0065029908,"X_SI":0.0109103015,"X_W":0.0038014335},"reference":"Economopoulos1967","disabled":false,"model":"martensite_start","inputs":{"martensite_start":423.0,"martensite_type":"plate","PAGS":null,"parent_phase":"gamma","predicted_type":true,"solutionizing_temperature":1273.15},"outputs":{"calculation_error":false,"DG":3825.6912284323,"error":-114.7250181198,"error_message":[],"LC_martensite_start":537.7250181198,"PAGS_energy":0.0,"solutioning_conditions":{"N":1,"P":101325,"T":1273.15,"X_C":0.0519198857,"X_CR":0.0185065864,"X_MN":0.0029355678,"X_MO":0.0015128926,"X_NI":0.0065029908,"X_SI":0.0109103015,"X_W":0.0038014335},"solutionizing_phases":["MC_SHP","FCC_A1","","","","","","",""]}}