{"index":405,"components":["C","CR","FE","MN","MO","NI","SI","V","VA"],"conditions":{"N":1,"P":101325,"T":1273.15,"X_C":0.0133122527,"X_CR":0.00816473,"X_MN":0.0052185761,"X_MO":0.001436687,"X_NI":0.0125874397,"X_SI":0.0062818808,"X_V":0.0020563818},"reference":"Economopoulos1967","disabled":false,"model":"martensite_start","inputs":{"martensite_start":698.0,"martensite_type":"lath","PAGS":null,"parent_phase":"gamma","predicted_type":true,"solutionizing_temperature":1273.15},"outputs":{"calculation_error":false,"DG":1571.5633849991,"error":41.5644516468,"error_message":[],"LC_martensite_start":656.4355483532,"PAGS_energy":0.0,"solutioning_conditions":{"N":1,"P":101325,"T":1273.15,"X_C":0.0133122527,"X_CR":0.00816473,"X_MN":0.0052185761,"X_MO":0.001436687,"X_NI":0.0125874397,"X_SI":0.0062818808,"X_V":0.0020563818},"solutionizing_phases":["FCC_A1","","","","","","","",""]}}