{"index":419,"components":["C","CR","CU","FE","MN","NI","SI","VA"],"conditions":{"N":1,"P":101325,"T":1273.15,"X_C":0.0205305441,"X_CR":0.0005269331,"X_CU":0.0012072469,"X_MN":0.0058848456,"X_NI":0.0005601679,"X_SI":0.0054630118},"reference":"Economopoulos1967","disabled":false,"model":"martensite_start","inputs":{"martensite_start":673.0,"martensite_type":"lath","PAGS":null,"parent_phase":"gamma","predicted_type":true,"solutionizing_temperature":1273.15},"outputs":{"calculation_error":false,"DG":1809.5297024282,"error":4.5565248013,"error_message":[],"LC_martensite_start":668.4434751987,"PAGS_energy":0.0,"solutioning_conditions":{"N":1,"P":101325,"T":1273.15,"X_C":0.0205305441,"X_CR":0.0005269331,"X_CU":0.0012072469,"X_MN":0.0058848456,"X_NI":0.0005601679,"X_SI":0.0054630118},"solutionizing_phases":["FCC_A1","","","","","","",""]}}