{"index":422,"components":["C","CR","FE","MN","MO","NI","SI","VA"],"conditions":{"N":1,"P":101325,"T":1273.15,"X_C":0.0245874964,"X_CR":0.0107279878,"X_MN":0.005275839,"X_MO":0.0019380638,"X_NI":0.0292569634,"X_SI":0.0070098578},"reference":"Economopoulos1967","disabled":false,"model":"martensite_start","inputs":{"martensite_start":523.0,"martensite_type":"lath","PAGS":null,"parent_phase":"gamma","predicted_type":true,"solutionizing_temperature":1273.15},"outputs":{"calculation_error":false,"DG":2909.1262445246,"error":-30.7179130316,"error_message":[],"LC_martensite_start":553.7179130316,"PAGS_energy":0.0,"solutioning_conditions":{"N":1,"P":101325,"T":1273.15,"X_C":0.0245874964,"X_CR":0.0107279878,"X_MN":0.005275839,"X_MO":0.0019380638,"X_NI":0.0292569634,"X_SI":0.0070098578},"solutionizing_phases":["FCC_A1","","","","","","",""]}}