{"index":406,"components":["C","CO","CR","FE","MN","MO","N","NI","V","W","VA"],"conditions":{"N":1,"P":101325,"T":1273.15,"X_C":0.0092808206,"X_CO":0.0001229442,"X_CR":0.0227242621,"X_MN":0.0064927917,"X_MO":0.0048217321,"X_N":0.0002387482,"X_NI":0.0072168723,"X_V":0.0035010874,"X_W":0.0019099642},"reference":"Economopoulos1967","disabled":false,"model":"martensite_start","inputs":{"martensite_start":622.0,"martensite_type":"lath","PAGS":null,"parent_phase":"gamma","predicted_type":true,"solutionizing_temperature":1273.15},"outputs":{"calculation_error":false,"DG":2077.8074372619,"error":-16.1329529762,"error_message":[],"LC_martensite_start":638.1329529762,"PAGS_energy":0.0,"solutioning_conditions":{"N":1,"P":101325,"T":1273.15,"X_C":0.0092808206,"X_CO":0.0001229442,"X_CR":0.0227242621,"X_MN":0.0064927917,"X_MO":0.0048217321,"X_N":0.0002387482,"X_NI":0.0072168723,"X_V":0.0035010874,"X_W":0.0019099642},"solutionizing_phases":["FCC_A1","FCC_A1","","","","","","","","",""]}}