{"index":403,"components":["AL","C","CR","FE","MN","MO","NI","SI","VA"],"conditions":{"N":1,"P":101325,"T":1273.15,"X_AL":0.0011060515,"X_C":0.0101228468,"X_CR":0.0035074499,"X_MN":0.0150690862,"X_MO":0.0011232675,"X_NI":0.0003483861,"X_SI":0.0044470763},"reference":"Economopoulos1967","disabled":false,"model":"martensite_start","inputs":{"martensite_start":673.0,"martensite_type":"lath","PAGS":null,"parent_phase":"gamma","predicted_type":true,"solutionizing_temperature":1273.15},"outputs":{"calculation_error":false,"DG":1864.0203282449,"error":23.9184257507,"error_message":[],"LC_martensite_start":649.0815742493,"PAGS_energy":0.0,"solutioning_conditions":{"N":1,"P":101325,"T":1273.15,"X_AL":0.0011060515,"X_C":0.0101228468,"X_CR":0.0035074499,"X_MN":0.0150690862,"X_MO":0.0011232675,"X_NI":0.0003483861,"X_SI":0.0044470763},"solutionizing_phases":["FCC_A1","","","","","","","",""]}}