{"index":407,"components":["C","CR","FE","MN","MO","NI","SI","V","VA"],"conditions":{"N":1,"P":101325,"T":1273.15,"X_C":0.0092138483,"X_CR":0.0125571366,"X_MN":0.0070502452,"X_MO":0.0066325038,"X_NI":0.0021682929,"X_SI":0.0112298015,"X_V":0.0029327255},"reference":"Economopoulos1967","disabled":false,"model":"martensite_start","inputs":{"martensite_start":623.0,"martensite_type":"lath","PAGS":null,"parent_phase":"gamma","predicted_type":true,"solutionizing_temperature":1273.15},"outputs":{"calculation_error":false,"DG":2154.5199132504,"error":-46.506059742,"error_message":[],"LC_martensite_start":669.506059742,"PAGS_energy":0.0,"solutioning_conditions":{"N":1,"P":101325,"T":1273.15,"X_C":0.0092138483,"X_CR":0.0125571366,"X_MN":0.0070502452,"X_MO":0.0066325038,"X_NI":0.0021682929,"X_SI":0.0112298015,"X_V":0.0029327255},"solutionizing_phases":["FCC_A1","","","","","","","",""]}}