{"index":425,"components":["C","CR","CU","FE","MN","MO","NI","SI","VA"],"conditions":{"N":1,"P":101325,"T":1273.15,"X_C":0.0303322324,"X_CR":0.0177777192,"X_CU":0.0003422707,"X_MN":0.0107882546,"X_MO":0.0020403312,"X_NI":0.0069481612,"X_SI":0.0060017434},"reference":"Economopoulos1967","disabled":false,"model":"martensite_start","inputs":{"martensite_start":488.0,"martensite_type":"plate","PAGS":null,"parent_phase":"gamma","predicted_type":true,"solutionizing_temperature":1273.15},"outputs":{"calculation_error":false,"DG":3397.6348223762,"error":-15.4483505249,"error_message":[],"LC_martensite_start":503.4483505249,"PAGS_energy":0.0,"solutioning_conditions":{"N":1,"P":101325,"T":1273.15,"X_C":0.0303322324,"X_CR":0.0177777192,"X_CU":0.0003422707,"X_MN":0.0107882546,"X_MO":0.0020403312,"X_NI":0.0069481612,"X_SI":0.0060017434},"solutionizing_phases":["FCC_A1","","","","","","","",""]}}