{"index":401,"components":["AL","C","CR","FE","MN","MO","NI","SI","V","VA"],"conditions":{"N":1,"P":101325,"T":1273.15,"X_AL":0.0009859444,"X_C":0.0083058117,"X_CR":0.0027712804,"X_MN":0.0137196681,"X_MO":0.002137371,"X_NI":0.0085927074,"X_SI":0.004143955,"X_V":0.0006201275},"reference":"Economopoulos1967","disabled":false,"model":"martensite_start","inputs":{"martensite_start":673.0,"martensite_type":"lath","PAGS":null,"parent_phase":"gamma","predicted_type":true,"solutionizing_temperature":1273.15},"outputs":{"calculation_error":false,"DG":1809.0066766576,"error":20.9533968925,"error_message":[],"LC_martensite_start":652.0466031075,"PAGS_energy":0.0,"solutioning_conditions":{"N":1,"P":101325,"T":1273.15,"X_AL":0.0009859444,"X_C":0.0083058117,"X_CR":0.0027712804,"X_MN":0.0137196681,"X_MO":0.002137371,"X_NI":0.0085927074,"X_SI":0.004143955,"X_V":0.0006201275},"solutionizing_phases":["FCC_A1","","","","","","","","",""]}}