{"index":432,"components":["C","CO","CR","FE","MN","MO","SI","V","W","VA"],"conditions":{"N":1,"P":101325,"T":1273.15,"X_C":0.0682540561,"X_CO":0.0486860838,"X_CR":0.0490749583,"X_MN":0.0045185979,"X_MO":0.0042121785,"X_SI":0.0078110583,"X_V":0.0515641791,"X_W":0.0407922424},"reference":"Economopoulos1967","disabled":false,"model":"martensite_start","inputs":{"martensite_start":508.0,"martensite_type":"plate","PAGS":null,"parent_phase":"gamma","predicted_type":false,"solutionizing_temperature":1273.15},"outputs":{"calculation_error":false,"DG":3536.6130925797,"error":-115.3187362671,"error_message":[],"LC_martensite_start":623.3187362671,"PAGS_energy":0.0,"solutioning_conditions":{"N":1,"P":101325,"T":1273.15,"X_C":0.0682540561,"X_CO":0.0486860838,"X_CR":0.0490749583,"X_MN":0.0045185979,"X_MO":0.0042121785,"X_SI":0.0078110583,"X_V":0.0515641791,"X_W":0.0407922424},"solutionizing_phases":["M6C_E93","FCC_A1","FCC_A1","","","","","","",""]}}