{"index":423,"components":["AL","C","CR","CU","FE","MN","MO","NI","SI","VA"],"conditions":{"N":1,"P":101325,"T":1273.15,"X_AL":0.0005057106,"X_C":0.0249932709,"X_CR":0.0082924917,"X_CU":0.0016319021,"X_MN":0.0057621362,"X_MO":0.0023893419,"X_NI":0.0018598137,"X_SI":0.0083563192},"reference":"Economopoulos1967","disabled":false,"model":"martensite_start","inputs":{"martensite_start":548.0,"martensite_type":"lath","PAGS":null,"parent_phase":"gamma","predicted_type":true,"solutionizing_temperature":1273.15},"outputs":{"calculation_error":false,"DG":2892.0537031859,"error":-73.2719579697,"error_message":[],"LC_martensite_start":621.2719579697,"PAGS_energy":0.0,"solutioning_conditions":{"N":1,"P":101325,"T":1273.15,"X_AL":0.0005057106,"X_C":0.0249932709,"X_CR":0.0082924917,"X_CU":0.0016319021,"X_MN":0.0057621362,"X_MO":0.0023893419,"X_NI":0.0018598137,"X_SI":0.0083563192},"solutionizing_phases":["FCC_A1","","","","","","","","",""]}}