{"index":413,"components":["C","CR","FE","MN","MO","SI","V","VA"],"conditions":{"N":1,"P":101325,"T":1273.15,"X_C":0.0149258637,"X_CR":0.0109267469,"X_MN":0.0054218187,"X_MO":0.0036221403,"X_SI":0.0043208078,"X_V":0.0018407789},"reference":"Economopoulos1967","disabled":false,"model":"martensite_start","inputs":{"martensite_start":623.0,"martensite_type":"lath","PAGS":null,"parent_phase":"gamma","predicted_type":true,"solutionizing_temperature":1273.15},"outputs":{"calculation_error":false,"DG":2218.4492929567,"error":-40.6488879681,"error_message":[],"LC_martensite_start":663.6488879681,"PAGS_energy":0.0,"solutioning_conditions":{"N":1,"P":101325,"T":1273.15,"X_C":0.0149258637,"X_CR":0.0109267469,"X_MN":0.0054218187,"X_MO":0.0036221403,"X_SI":0.0043208078,"X_V":0.0018407789},"solutionizing_phases":["FCC_A1","","","","","","",""]}}