{"index":400,"components":["AL","C","CO","CR","CU","FE","MN","MO","NI","SI","VA"],"conditions":{"N":1,"P":101325,"T":1273.15,"X_AL":0.0008087126,"X_C":0.0063585872,"X_CO":0.0009256375,"X_CR":0.1886339388,"X_CU":0.0008584454,"X_MN":0.0067520652,"X_MO":0.0003411556,"X_NI":0.0274178669,"X_SI":0.0130134833},"reference":"Economopoulos1967","disabled":false,"model":"martensite_start","inputs":{"martensite_start":513.0,"martensite_type":"plate","PAGS":null,"parent_phase":"gamma","predicted_type":true,"solutionizing_temperature":1273.15},"outputs":{"calculation_error":false,"DG":3442.440532358,"error":-91.9831618309,"error_message":["Austenite not identified as primary phase during solutionizing treatment."],"LC_martensite_start":604.9831618309,"PAGS_energy":0.0,"solutioning_conditions":{"N":1,"P":101325,"T":1273.15,"X_AL":0.0008087126,"X_C":0.0063585872,"X_CO":0.0009256375,"X_CR":0.1886339388,"X_CU":0.0008584454,"X_MN":0.0067520652,"X_MO":0.0003411556,"X_NI":0.0274178669,"X_SI":0.0130134833},"solutionizing_phases":["BCC_A2","FCC_A1","M7C3_D101","","","","","","","",""]}}