{"index":414,"components":["AL","C","CR","CU","FE","MN","MO","NI","SI","VA"],"conditions":{"N":1,"P":101325,"T":1273.15,"X_AL":0.0008356446,"X_C":0.0157962945,"X_CR":0.0143837652,"X_CU":0.0016442575,"X_MN":0.0042041726,"X_MO":0.0013183556,"X_NI":0.0321372935,"X_SI":0.0084195861},"reference":"Economopoulos1967","disabled":false,"model":"martensite_start","inputs":{"martensite_start":573.0,"martensite_type":"lath","PAGS":null,"parent_phase":"gamma","predicted_type":true,"solutionizing_temperature":1273.15},"outputs":{"calculation_error":false,"DG":2490.7890063014,"error":-22.4423761368,"error_message":[],"LC_martensite_start":595.4423761368,"PAGS_energy":0.0,"solutioning_conditions":{"N":1,"P":101325,"T":1273.15,"X_AL":0.0008356446,"X_C":0.0157962945,"X_CR":0.0143837652,"X_CU":0.0016442575,"X_MN":0.0042041726,"X_MO":0.0013183556,"X_NI":0.0321372935,"X_SI":0.0084195861},"solutionizing_phases":["FCC_A1","","","","","","","","",""]}}