{"terms":{"0":["Fe-Mn","Al-Mn","C-Mn","Co-Mn","Cr-Mn","Cu-Mn","Mn-Mo","Mn-Nb","Mn-Ni","Mn-Si","Mn-Ti","Mn-V","Mn-W","martensite_start"]},"orders":{"0":{"martensite_start":0,"Fe-Mn":1,"Al-Mn":0,"C-Mn":0,"Co-Mn":0,"Cr-Mn":0,"Cu-Mn":0,"Mn-Mo":0,"Mn-Nb":0,"Mn-Ni":0,"Mn-Si":0,"Mn-Ti":0,"Mn-V":0,"Mn-W":0}},"mf_epsilon_fits":{"0":{"martensite_start":[[-75]],"Fe-Mn":[[1453.0543251244,-2600.6205713615],[[21550.3986995624,-95654.9255690256],[-95654.9255690256,440735.6995402357]]],"Al-Mn":[[39271.0645984929],[[55988133.043783851]]],"C-Mn":[[190550.4021052432],[[230290721.0246869028]]],"Co-Mn":[[-54194.3133935138],[[9026226.9465117455]]],"Cr-Mn":[[-47344.4150199577],[[18037184.4934048727]]],"Cu-Mn":[[83058.7166375984],[[137583910.3206216097]]],"Mn-Mo":[[76896.8796613435],[[2985815.6685951911]]],"Mn-Nb":[[288064.3563993077],[[213849413.5842218399]]],"Mn-Ni":[[48582.6930541767],[[12714809.3785289619]]],"Mn-Si":[[36282.8308333363],[[10335743.903670378]]],"Mn-Ti":[[-21166.1488799],[[11409196.8803922869]]],"Mn-V":[[76092.5344937737],[[53715162.2780024707]]],"Mn-W":[[70410.9790432352],[[57624399.6055646539]]]}},"model_version":{"0":1730644737.9758956432}}