{"terms":{"0":["Fe-Mn","Al-Mn","C-Mn","Co-Mn","Cr-Mn","Cu-Mn","Mn-Mo","Mn-Nb","Mn-Ni","Mn-Si","Mn-Ti","Mn-V","Mn-W","martensite_start"]},"orders":{"0":{"martensite_start":0,"Fe-Mn":1,"Al-Mn":0,"C-Mn":0,"Co-Mn":0,"Cr-Mn":0,"Cu-Mn":0,"Mn-Mo":0,"Mn-Nb":0,"Mn-Ni":0,"Mn-Si":0,"Mn-Ti":0,"Mn-V":0,"Mn-W":0}},"mf_epsilon_fits":{"0":{"martensite_start":[[-75]],"Fe-Mn":[[1453.054322919,-2600.6205661623],[[21550.3995648181,-95654.9297780901],[-95654.9297780901,440735.7199342334]]],"Al-Mn":[[39271.0649452991],[[55988133.0702053457]]],"C-Mn":[[188621.8424628074],[[226113241.1673835814]]],"Co-Mn":[[-54194.3133094488],[[9026227.0322141629]]],"Cr-Mn":[[-47344.414966379],[[18037184.4522182383]]],"Cu-Mn":[[83058.716588968],[[137583906.534845233]]],"Mn-Mo":[[76896.8797234733],[[2985815.7361496943]]],"Mn-Nb":[[288064.3566727594],[[213849419.3364790976]]],"Mn-Ni":[[48582.6931384506],[[12714809.0090999603]]],"Mn-Si":[[36282.8308452004],[[10335743.8687519561]]],"Mn-Ti":[[-21166.1487590033],[[11409197.2751350943]]],"Mn-V":[[76092.5345239113],[[53715161.7005569562]]],"Mn-W":[[70410.979090846],[[57624398.77639772]]]}},"model_version":{"0":1725795893.6877393723}}