{"terms":{"0":["Fe-Mn","Al-Mn","C-Mn","Co-Mn","Cr-Mn","Cu-Mn","Mn-Mo","Mn-Nb","Mn-Ni","Mn-Si","Mn-Ti","Mn-V","Mn-W","martensite_start"]},"orders":{"0":{"martensite_start":0,"Fe-Mn":1,"Al-Mn":0,"C-Mn":0,"Co-Mn":0,"Cr-Mn":0,"Cu-Mn":0,"Mn-Mo":0,"Mn-Nb":0,"Mn-Ni":0,"Mn-Si":0,"Mn-Ti":0,"Mn-V":0,"Mn-W":0}},"mf_epsilon_fits":{"0":{"martensite_start":[[-75]],"Fe-Mn":[[1453.0543161081,-2600.6205325125],[[21550.3990114712,-95654.9281059279],[-95654.9281059279,440735.7161508132]]],"Al-Mn":[[6686.5783647502],[[1268258.244230109]]],"C-Mn":[[33158.0670840838],[[5793212.3989725159]]],"Co-Mn":[[-9423.3245269155],[[396341.522678534]]],"Cr-Mn":[[-8213.0173893925],[[521929.7503563695]]],"Cu-Mn":[[14576.0656321997],[[3937780.1114788023]]],"Mn-Mo":[[13243.6155424011],[[97592.4657488838]]],"Mn-Nb":[[50267.3536161033],[[5017448.981737989]]],"Mn-Ni":[[8469.0807111483],[[402151.5761288634]]],"Mn-Si":[[8501.4760411043],[[166614.3933952605]]],"Mn-Ti":[[-3625.8661689429],[[285667.5934538346]]],"Mn-V":[[13332.2074831883],[[1412713.1345900344]]],"Mn-W":[[12619.104850713],[[2324484.680361677]]]}},"model_version":{"0":1725057374.7564034462}}