{"terms":{"0":["Fe-Mn","Al-Mn","C-Mn","Co-Mn","Cr-Mn","Cu-Mn","Mn-Mo","Mn-Nb","Mn-Ni","Mn-Si","Mn-Ti","Mn-V","Mn-W","martensite_start"]},"orders":{"0":{"martensite_start":0,"Fe-Mn":1,"Al-Mn":0,"C-Mn":0,"Co-Mn":0,"Cr-Mn":0,"Cu-Mn":0,"Mn-Mo":0,"Mn-Nb":0,"Mn-Ni":0,"Mn-Si":0,"Mn-Ti":0,"Mn-V":0,"Mn-W":0}},"mf_epsilon_fits":{"0":{"martensite_start":[[-75]],"Fe-Mn":[[1453.0543275492,-2600.6205882758],[[21550.3989558473,-95654.9272880062],[-95654.9272880062,440735.7100841111]]],"Al-Mn":[[6686.5783460726],[[1268258.224509804]]],"C-Mn":[[33161.0241102345],[[5789248.9712908994]]],"Co-Mn":[[-6158.4690965536],[[null]]],"Cr-Mn":[[-11779.6429288102],[[null]]],"Cu-Mn":[[14576.0656240093],[[3937780.133947474]]],"Mn-Mo":[[13243.6155274575],[[97592.4649833354]]],"Mn-Nb":[[50267.3536031185],[[5017448.9278584216]]],"Mn-Ni":[[8469.0807095618],[[402151.5758749407]]],"Mn-Si":[[8501.4760371632],[[166614.393407569]]],"Mn-Ti":[[-9634.3035325346],[[315275.7041527559]]],"Mn-V":[[13332.2074421577],[[1412713.1356177924]]],"Mn-W":[[12619.104835518],[[2324484.6567112934]]]}},"model_version":{"0":1724329182.4103517532}}