{"terms":{"0":["Fe-Mn","Al-Mn","C-Mn","Co-Mn","Cr-Mn","Cu-Mn","Mn-Mo","Mn-Nb","Mn-Ni","Mn-Si","Mn-Ti","Mn-V","Mn-W","martensite_start"]},"orders":{"0":{"martensite_start":0,"Fe-Mn":1,"Al-Mn":0,"C-Mn":0,"Co-Mn":0,"Cr-Mn":0,"Cu-Mn":0,"Mn-Mo":0,"Mn-Nb":0,"Mn-Ni":0,"Mn-Si":0,"Mn-Ti":0,"Mn-V":0,"Mn-W":0}},"mf_epsilon_fits":{"0":{"martensite_start":[[-75]],"Fe-Mn":[[1453.0555383815,-2600.6254448733],[[21550.3470404952,-95654.6969333824],[-95654.6969333824,440734.6482641547]]],"Al-Mn":[[-3975.1872590687],[[1519768.0143934987]]],"C-Mn":[[33161.0172720726],[[5789247.7812847169]]],"Co-Mn":[[-1353.7121525071],[[433631.4225776006]]],"Cr-Mn":[[-11779.6495982674],[[null]]],"Cu-Mn":[[14576.0615135692],[[3937774.4888594127]]],"Mn-Mo":[[13243.6124247384],[[97591.9659093463]]],"Mn-Nb":[[50267.3436412017],[[5017440.6147124432]]],"Mn-Ni":[[8469.0767166577],[[402152.4531145154]]],"Mn-Si":[[8501.4757902131],[[166614.3818363078]]],"Mn-Ti":[[-9634.3091319439],[[315273.6439686381]]],"Mn-V":[[13332.2040897879],[[1412710.6600015394]]],"Mn-W":[[12619.099798882],[[2324488.1333446824]]]}},"model_version":{"0":1723327183.7003805637}}