{"terms":{"0":["Fe-Mn","Al-Mn","C-Mn","Co-Mn","Cr-Mn","Cu-Mn","Mn-Mo","Mn-Nb","Mn-Ni","Mn-Si","Mn-Ti","Mn-V","Mn-W","martensite_start"]},"orders":{"0":{"martensite_start":0,"Fe-Mn":1,"Al-Mn":0,"C-Mn":0,"Co-Mn":0,"Cr-Mn":0,"Cu-Mn":0,"Mn-Mo":0,"Mn-Nb":0,"Mn-Ni":0,"Mn-Si":0,"Mn-Ti":0,"Mn-V":0,"Mn-W":0}},"mf_epsilon_fits":{"0":{"martensite_start":[[-75]],"Fe-Mn":[[1453.1109348365,-2600.8422346274],[[21548.5236448958,-95646.603816439],[-95646.603816439,440697.3606945403]]],"Al-Mn":[[39270.0735705155],[[55983710.215928942]]],"C-Mn":[[190548.245154181],[[230287733.0595329404]]],"Co-Mn":[[-54195.1266187165],[[9024635.6805302743]]],"Cr-Mn":[[-47345.1710879572],[[18039166.6731815487]]],"Cu-Mn":[[83057.5587985674],[[137574349.8066361248]]],"Mn-Mo":[[76895.9879216987],[[2985090.4349424345]]],"Mn-Nb":[[288061.5507192869],[[213833693.4858876169]]],"Mn-Ni":[[48581.5641370553],[[12716200.4001153167]]],"Mn-Si":[[36282.7816738427],[[10335579.7644176316]]],"Mn-Ti":[[-21167.7660949989],[[11405721.3909137864]]],"Mn-V":[[76091.588749838],[[53710820.5834334567]]],"Mn-W":[[70409.5908212056],[[57629342.5342006832]]]}},"model_version":{"0":1745766070.6326406002}}