{"terms":{"0":["Fe-Mn","Al-Mn","C-Mn","Co-Mn","Cr-Mn","Cu-Mn","Mn-Mo","Mn-Nb","Mn-Ni","Mn-Si","Mn-Ti","Mn-V","Mn-W","martensite_start"]},"orders":{"0":{"martensite_start":0,"Fe-Mn":1,"Al-Mn":0,"C-Mn":0,"Co-Mn":0,"Cr-Mn":0,"Cu-Mn":0,"Mn-Mo":0,"Mn-Nb":0,"Mn-Ni":0,"Mn-Si":0,"Mn-Ti":0,"Mn-V":0,"Mn-W":0}},"mf_epsilon_fits":{"0":{"martensite_start":[[-75]],"Fe-Mn":[[1453.0543210334,-2600.6205571125],[[21550.3988120627,-95654.9272459525],[-95654.9272459525,440735.7125161988]]],"Al-Mn":[[39271.0648887344],[[55988133.8780410513]]],"C-Mn":[[188621.8432816551],[[226113236.0387360454]]],"Co-Mn":[[-54194.3132837892],[[9026227.0465416536]]],"Cr-Mn":[[-47344.4149786444],[[18037184.2948854156]]],"Cu-Mn":[[83058.7167414231],[[137583909.8410242796]]],"Mn-Mo":[[76896.8797435706],[[2985815.7741454397]]],"Mn-Nb":[[288064.3569166249],[[213849419.2525160909]]],"Mn-Ni":[[48582.6931705861],[[12714809.104910573]]],"Mn-Si":[[36282.8307824023],[[10335744.1580339652]]],"Mn-Ti":[[-21166.1487177952],[[11409197.2285707388]]],"Mn-V":[[76092.534599028],[[53715162.155490391]]],"Mn-W":[[70410.9791203661],[[57624398.0001534522]]]}},"model_version":{"0":1730037763.2662482262}}