{"terms":{"0":["Fe-C","Fe-Co","Fe-Cr","Fe-Cu","Fe-Mn","Fe-N","Fe-Ni","C-Mn","Al-Ni","C-Cr","Co-Ni","Cr-Ni","Cu-Ni","Mo-Ni","Ni-Si","Ni-Ti","Ni-V","Ni-W","martensite_start"]},"orders":{"0":{"martensite_start":0,"Fe-C":0,"Fe-Co":1,"Fe-Mn":0,"Fe-N":0,"Fe-Ni":1,"Fe-Cr":0,"Fe-Cu":0,"Al-Ni":0,"C-Cr":0,"C-Mn":0,"Co-Ni":0,"Cr-Ni":0,"Cu-Ni":0,"Mo-Ni":0,"Ni-Si":0,"Ni-Ti":0,"Ni-V":0,"Ni-W":0}},"mf_lath_fits":{"0":{"martensite_start":[[1250]],"Fe-C":[[8138.5748801502],[[278209.7433758021]]],"Fe-Co":[[-7241.1543155632,16657.603503552],[[127103.7769415461,-485850.0284366711],[-485850.0284366711,2006803.58114384]]],"Fe-Mn":[[21758.2880207746],[[3058188.1678209584]]],"Fe-N":[[9267.2854897521],[[1435554.7282454164]]],"Fe-Ni":[[6025.6633407788,-33958.9284968659],[[666382.1297495591,-3499067.8931530626],[-3499067.8931530626,19368532.173305545]]],"Fe-Cr":[[2948.6153906754],[[111966.6458422793]]],"Fe-Cu":[[8750.9336828707],[[1409062.9442953141]]],"Al-Ni":[[-133624.8279688187],[[121009524.6241424084]]],"C-Cr":[[1097055.8315726563],[[2233834222.0937905312]]],"C-Mn":[[2265780.5513883247],[[171544470973.678314209]]],"Co-Ni":[[18966.7694142592],[[4931880.5590518862]]],"Cr-Ni":[[51562.0596262874],[[182820658.1292474568]]],"Cu-Ni":[[-98241.1857395353],[[388566347.9125773311]]],"Mo-Ni":[[40905.6210425976],[[146533515.1476202309]]],"Ni-Si":[[2459.6999474447],[[123662316.5579798371]]],"Ni-Ti":[[-26676.5948034394],[[54000358.4014341906]]],"Ni-V":[[-1658.8677080627],[[119677966.401866436]]],"Ni-W":[[170947.6556104345],[[6136051826.4721460342]]]}},"model_version":{"0":1724368555.2627100945}}