{"terms":{"0":["Fe-C","Fe-Co","Fe-Cr","Fe-Cu","Fe-Mn","Fe-N","Fe-Ni","C-Mn","Al-Ni","C-Cr","C-Ni","Co-Ni","Cr-Ni","Cu-Ni","Mo-Ni","Mn-Ni","Ni-Si","Ni-Ti","Ni-V","Ni-W","martensite_start"]},"orders":{"0":{"martensite_start":0,"Fe-C":0,"Fe-Co":1,"Fe-Cr":0,"Fe-Cu":0,"Fe-Mn":0,"Fe-N":0,"Fe-Ni":1,"Al-Ni":0,"C-Cr":0,"C-Mn":0,"C-Ni":0,"Co-Ni":0,"Cr-Ni":0,"Cu-Ni":0,"Mn-Ni":0,"Mo-Ni":0,"Ni-Si":0,"Ni-Ti":0,"Ni-V":0,"Ni-W":0}},"mf_lath_fits":{"0":{"martensite_start":[[1249]],"Fe-C":[[7918.2646429189],[[258668.3431597635]]],"Fe-Co":[[-7226.1198305082,16615.923374747],[[126137.7703560904,-482157.4990449309],[-482157.4990449309,1991551.5810872666]]],"Fe-Cr":[[2961.5423246033],[[112806.2113299432]]],"Fe-Cu":[[8775.0661586556],[[1399569.3148360567]]],"Fe-Mn":[[21794.7098915752],[[3091881.9048280255]]],"Fe-N":[[9060.5989166565],[[1351504.2951884528]]],"Fe-Ni":[[6051.1805793126,-34006.5157038235],[[656317.9711838672,-3446222.5951595246],[-3446222.5951595246,19076015.5507549904]]],"Al-Ni":[[-134044.153646286],[[122542272.418445155]]],"C-Cr":[[1084363.4832158468],[[2158137817.2830443382]]],"C-Mn":[[2238637.4185976116],[[164223489111.4216918945]]],"C-Ni":[[399568.2822571156],[[7950377435.0142660141]]],"Co-Ni":[[17395.4566859645],[[2574532.7821879233]]],"Cr-Ni":[[51005.016597268],[[185982701.2637518644]]],"Cu-Ni":[[-98958.0732402575],[[395560408.4533038735]]],"Mn-Ni":[[-115062.0826460891],[[97465499.8071229607]]],"Mo-Ni":[[40391.0492775198],[[149615545.763867408]]],"Ni-Si":[[2072.473555506],[[125713981.8340561837]]],"Ni-Ti":[[6509.4113095914],[[43357832.3339352533]]],"Ni-V":[[-2146.7039642619],[[122241525.8462949991]]],"Ni-W":[[169902.2056373974],[[6106090184.9523620605]]]}},"model_version":{"0":1730037763.2662482262}}