{"terms":{"0":["Fe-C","Fe-Co","Fe-Cr","Fe-Cu","Fe-Mn","Fe-N","Fe-Ni","Al-Ni","C-Cr","Co-Ni","Cr-Ni","Cu-Ni","Mo-Ni","Ni-Si","Ni-Ti","Ni-V","Ni-W","martensite_start"]},"orders":{"0":{"martensite_start":0,"Fe-C":0,"Fe-Co":1,"Fe-Mn":0,"Fe-N":0,"Fe-Ni":1,"Fe-Cr":0,"Fe-Cu":0,"Al-Ni":0,"C-Cr":0,"Co-Ni":0,"Cr-Ni":0,"Cu-Ni":0,"Mo-Ni":0,"Ni-Si":0,"Ni-Ti":0,"Ni-V":0,"Ni-W":0}},"mf_lath_fits":{"0":{"martensite_start":[[1250]],"Fe-C":[[10110.368564574],[[4250404.0454550898]]],"Fe-Co":[[-6614.4854663891,15400.2863473058],[[101634.3557100982,-388493.9944367323],[-388493.9944367323,1604674.4555357259]]],"Fe-Mn":[[21758.2879705825],[[3058188.1264787796]]],"Fe-N":[[9267.2854897521],[[1435554.7282454164]]],"Fe-Ni":[[6024.6954574993,-33954.4677573745],[[666388.5129098766,-3499101.3938461868],[-3499101.3938461868,19368717.5133155622]]],"Fe-Cr":[[2947.3789487874],[[112079.1416205391]]],"Fe-Cu":[[6352.525701377],[[694834.3891480264]]],"Al-Ni":[[-133620.6425051155],[[120980345.8895123601]]],"C-Cr":[[1094754.6927425798],[[6905471145.2557792664]]],"Co-Ni":[[18036.9152921463],[[4118255.5227241614]]],"Cr-Ni":[[51575.9388214617],[[182775175.5142005086]]],"Cu-Ni":[[-85887.8220263655],[[378931581.3075079322]]],"Mo-Ni":[[40912.0223287547],[[146498678.7748402357]]],"Ni-Si":[[2464.1790572882],[[123642148.5638026893]]],"Ni-Ti":[[-26670.2741894903],[[53983181.6721677855]]],"Ni-V":[[-1653.3926099309],[[119645218.5044269413]]],"Ni-W":[[170960.7836517518],[[6136237869.7490177155]]]}},"model_version":{"0":1723327183.7003805637}}