{"terms":{"0":["Fe-C","Fe-Co","Fe-Cr","Fe-Cu","Fe-Mn","Fe-N","Fe-Ni","C-Mn","Al-Ni","C-Cr","C-Ni","Co-Ni","Cr-Ni","Cu-Ni","Mo-Ni","Mn-Ni","Ni-Si","Ni-Ti","Ni-V","Ni-W","martensite_start"]},"orders":{"0":{"martensite_start":0,"Fe-C":0,"Fe-Co":1,"Fe-Cr":0,"Fe-Cu":0,"Fe-Mn":0,"Fe-N":0,"Fe-Ni":1,"Al-Ni":0,"C-Cr":0,"C-Mn":0,"C-Ni":0,"Co-Ni":0,"Cr-Ni":0,"Cu-Ni":0,"Mn-Ni":0,"Mo-Ni":0,"Ni-Si":0,"Ni-Ti":0,"Ni-V":0,"Ni-W":0}},"mf_lath_fits":{"0":{"martensite_start":[[1249]],"Fe-C":[[8174.1093204884],[[276523.4995059526]]],"Fe-Co":[[-7226.1198305082,16615.923374747],[[126137.7703560904,-482157.4990449309],[-482157.4990449309,1991551.5810872666]]],"Fe-Cr":[[2961.3831264627],[[112820.6634039724]]],"Fe-Cu":[[8775.0661586556],[[1399569.3148360567]]],"Fe-Mn":[[21794.7098915752],[[3091881.9048280255]]],"Fe-N":[[9307.0012464903],[[1431216.093332316]]],"Fe-Ni":[[6051.036566319,-34005.853320584],[[656319.1966629138,-3446228.9812080427],[-3446228.9812080427,19076050.6280196346]]],"Al-Ni":[[-134043.5208805205],[[122537857.6911529601]]],"C-Cr":[[1096610.5292132241],[[2233659428.9894022942]]],"C-Mn":[[2265191.9129331997],[[171344400073.5747680664]]],"C-Ni":[[400720.7972322663],[[8145226155.1191663742]]],"Co-Ni":[[17395.4908714804],[[2574483.5891468744]]],"Cr-Ni":[[51006.9543038586],[[185975773.5579622984]]],"Cu-Ni":[[-98957.1674364741],[[395543077.5708787441]]],"Mn-Ni":[[-115060.940324804],[[97463002.7399134487]]],"Mo-Ni":[[40392.0131284515],[[149610237.5923390687]]],"Ni-Si":[[2073.1490173778],[[125710900.6904965043]]],"Ni-Ti":[[6510.3617880795],[[43355548.8618302494]]],"Ni-V":[[-2145.8786460205],[[122236518.1320235133]]],"Ni-W":[[169904.1828377783],[[6106118391.4105710983]]]}},"model_version":{"0":1730644737.9758956432}}