{"terms":{"0":["Fe-C","Fe-Co","Fe-Cr","Fe-Cu","Fe-Mn","Fe-N","Fe-Ni","C-Mn","Al-Ni","C-Cr","C-Ni","Co-Ni","Cr-Ni","Cu-Ni","Mo-Ni","Mn-Ni","Ni-Si","Ni-Ti","Ni-V","Ni-W","martensite_start"]},"orders":{"0":{"martensite_start":0,"Fe-C":0,"Fe-Co":1,"Fe-Mn":0,"Fe-N":0,"Fe-Ni":1,"Fe-Cr":0,"Fe-Cu":0,"Al-Ni":0,"C-Cr":0,"C-Mn":0,"C-Ni":0,"Co-Ni":0,"Cr-Ni":1,"Cu-Ni":0,"Mo-Ni":0,"Mn-Ni":0,"Ni-Si":0,"Ni-Ti":0,"Ni-V":0,"Ni-W":0}},"mf_lath_fits":{"0":{"martensite_start":[[1250]],"Fe-C":[[8138.5748801502],[[278209.7433758021]]],"Fe-Co":[[-7241.1543027197,16657.6034498398],[[127103.7757797582,-485850.0275527976],[-485850.0275527976,2006803.5941614122]]],"Fe-Mn":[[21758.2879705825],[[3058188.1264787796]]],"Fe-N":[[9267.2854897521],[[1435554.7282454164]]],"Fe-Ni":[[6035.0792564423,-33950.7989488132],[[654178.3029815563,-3434987.545588471],[-3434987.545588471,19013825.7930875346]]],"Fe-Cr":[[2948.6153906754],[[111966.6458422793]]],"Fe-Cu":[[8750.9337007996],[[1409062.9530024719]]],"Al-Ni":[[-134036.9389726226],[[122425454.049345091]]],"C-Cr":[[1097055.8315726563],[[2233834222.0937905312]]],"C-Mn":[[2265747.6283994294],[[171540525888.3224182129]]],"C-Ni":[[401104.0501667508],[[8144984397.7007665634]]],"Co-Ni":[[17411.9032275608],[[2578136.5564936544]]],"Cr-Ni":[[3515.0409696866,9825851.4250485506],[[2465030228.4396128654,-470562319966.1165161133],[-470562319966.1165161133,97169304454136.046875]]],"Cu-Ni":[[-98823.421950951],[[395041374.0859777331]]],"Mo-Ni":[[40408.0903938524],[[149534530.456307292]]],"Mn-Ni":[[-114828.1773750124],[[97405436.4721592963]]],"Ni-Si":[[2083.2253025643],[[125678655.8901566565]]],"Ni-Ti":[[6528.0346798491],[[43322555.3990760818]]],"Ni-V":[[-2134.2135355947],[[122148173.3665890694]]],"Ni-W":[[169937.5133335894],[[6105898597.5221338272]]]}},"model_version":{"0":1725057374.7564034462}}