{"terms":{"0":["Fe-C","Fe-Co","Fe-Cr","Fe-Cu","Fe-Mn","Fe-N","Fe-Ni","C-Mn","Al-Ni","C-Cr","C-Ni","Co-Ni","Cr-Ni","Cu-Ni","Mo-Ni","Mn-Ni","Ni-Si","Ni-Ti","Ni-V","Ni-W","martensite_start"]},"orders":{"0":{"martensite_start":0,"Fe-C":0,"Fe-Co":1,"Fe-Cr":0,"Fe-Cu":0,"Fe-Mn":0,"Fe-N":0,"Fe-Ni":1,"Al-Ni":0,"C-Cr":0,"C-Mn":0,"C-Ni":0,"Co-Ni":0,"Cr-Ni":0,"Cu-Ni":0,"Mn-Ni":0,"Mo-Ni":0,"Ni-Si":0,"Ni-Ti":0,"Ni-V":0,"Ni-W":0}},"mf_lath_fits":{"0":{"martensite_start":[[1249]],"Fe-C":[[8174.1093217625],[[276523.4987010722]]],"Fe-Co":[[-7226.1198494478,16615.9234311115],[[126137.7701079827,-482157.4989698287],[-482157.4989698287,1991551.5829568198]]],"Fe-Cr":[[2961.3831274143],[[112820.6644688989]]],"Fe-Cu":[[8775.0661587311],[[1399569.3148540491]]],"Fe-Mn":[[21794.7099001692],[[3091881.8962805551]]],"Fe-N":[[9307.0012667089],[[1431216.0993989706]]],"Fe-Ni":[[6051.036594647,-34005.853410615],[[656319.1862401544,-3446228.9611517848],[-3446228.9611517848,19076050.7132733315]]],"Al-Ni":[[-134043.521569592],[[122537860.3864949495]]],"C-Cr":[[1096610.5289529054],[[2233659426.3107819557]]],"C-Mn":[[2265191.9100204525],[[171344398976.1531677246]]],"C-Ni":[[400720.7952775961],[[8145226106.036564827]]],"Co-Ni":[[17395.4908731113],[[2574483.6195601472]]],"Cr-Ni":[[51006.9538409699],[[185975776.2822303474]]],"Cu-Ni":[[-98957.1681136436],[[395543084.3705027699]]],"Mn-Ni":[[-115060.9410389319],[[97463003.0423829556]]],"Mo-Ni":[[40392.012401822],[[149610244.2766440809]]],"Ni-Si":[[2073.1476852485],[[125710895.9476114213]]],"Ni-Ti":[[6510.3611651102],[[43355550.0018547475]]],"Ni-V":[[-2145.8786549807],[[122236517.3673976362]]],"Ni-W":[[169904.1809752742],[[6106118336.4115972519]]]}},"model_version":{"0":1746284752.6992740631}}