{"terms":{"0":["Fe-C","Fe-Co","Fe-Cr","Fe-Cu","Fe-Mn","Fe-N","Fe-Ni","C-Mn","Al-Ni","C-Cr","C-Ni","Co-Ni","Cr-Ni","Cu-Ni","Mo-Ni","Mn-Ni","Ni-Si","Ni-Ti","Ni-V","Ni-W","martensite_start"]},"orders":{"0":{"martensite_start":0,"Fe-C":0,"Fe-Co":1,"Fe-Cr":0,"Fe-Cu":0,"Fe-Mn":0,"Fe-N":0,"Fe-Ni":1,"Al-Ni":0,"C-Cr":0,"C-Mn":0,"C-Ni":0,"Co-Ni":0,"Cr-Ni":0,"Cu-Ni":0,"Mn-Ni":0,"Mo-Ni":0,"Ni-Si":0,"Ni-Ti":0,"Ni-V":0,"Ni-W":0}},"mf_lath_fits":{"0":{"martensite_start":[[1249]],"Fe-C":[[7918.2646456745],[[258668.3431526479]]],"Fe-Co":[[-7226.1198305082,16615.923374747],[[126137.7703560904,-482157.4990449309],[-482157.4990449309,1991551.5810872666]]],"Fe-Cr":[[2961.5423342711],[[112806.2122673449]]],"Fe-Cu":[[8775.0661571091],[[1399569.3150891112]]],"Fe-Mn":[[21794.7098775885],[[3091881.8841260043]]],"Fe-N":[[9060.5989166565],[[1351504.2951884528]]],"Fe-Ni":[[6051.1806215304,-34006.5159008505],[[656317.9732038787,-3446222.6017776402],[-3446222.6017776402,19076015.5620430112]]],"Al-Ni":[[-134044.1538190965],[[122542274.345154956]]],"C-Cr":[[1084363.4796956033],[[2158137793.3450818062]]],"C-Mn":[[2238637.413697673],[[164223487769.2518005371]]],"C-Ni":[[399568.2805339539],[[7950377362.7376661301]]],"Co-Ni":[[17395.4566951226],[[2574532.8681583493]]],"Cr-Ni":[[51005.0161889936],[[185982703.9962911904]]],"Cu-Ni":[[-98958.0736240486],[[395560416.6816391945]]],"Mn-Ni":[[-115062.0827547191],[[97465501.1449750513]]],"Mo-Ni":[[40391.0491135391],[[149615549.6999993324]]],"Ni-Si":[[2072.4733810419],[[125713983.5872387886]]],"Ni-Ti":[[6509.4110843204],[[43357833.0184332356]]],"Ni-V":[[-2146.7040608054],[[122241528.4888299853]]],"Ni-W":[[169902.2052629681],[[6106090224.1878204346]]]}},"model_version":{"0":1725795893.6877393723}}