{"terms":{"0":["Fe-C","Fe-Co","Fe-Cr","Fe-Cu","Fe-Mn","Fe-N","Fe-Ni","Al-Ni","C-Cr","C-Mn","Co-Ni","martensite_start"]},"orders":{"0":{"martensite_start":0,"Fe-C":1,"Fe-Co":1,"Fe-Cr":0,"Fe-Cu":0,"Fe-Mn":1,"Fe-N":0,"Fe-Ni":1,"Al-Ni":0,"C-Cr":0,"C-Mn":0,"Co-Ni":0}},"mf_plate_fits":{"0":{"martensite_start":[[2090]],"Fe-C":[[1226.3238726245,-242488.5690289763],[[3219652.5182194877,-51377539.1348582804],[-51377539.1348582804,878844767.5949600935]]],"Fe-Co":[[-1681.5870599158,8353.4278958177],[[404283.1065832824,-1545284.2639782894],[-1545284.2639782894,6382075.0610615481]]],"Fe-Cr":[[-539.8864042757],[[128405.2270171994]]],"Fe-Cu":[[2082.4666806193],[[1650628.6147625644]]],"Fe-Mn":[[16605.5816718685,-173360.7778747778],[[20328251.0425155498,-234506220.4112160504],[-234506220.4112160504,2860572408.5830664635]]],"Fe-N":[[-16434.7053369496],[[1512077.6838283841]]],"Fe-Ni":[[2697.8007843059,-31055.3243331146],[[168829.8092977086,-708459.0174899836],[-708459.0174899836,3054262.538838747]]],"Al-Ni":[[-57188.7646103535],[[89605271.1834219843]]],"C-Cr":[[804017.3151785191],[[8845677820.1854248047]]],"C-Mn":[[2405940.1659314618],[[55189142030.2531356812]]],"Co-Ni":[[-832.9121759918],[[3942277.3965827492]]]}},"model_version":{"0":1724368555.2027993202}}