{"terms":{"0":["Fe-C","Fe-Co","Fe-Cr","Fe-Cu","Fe-Mn","Fe-N","Fe-Ni","Al-Ni","C-Cr","C-Mn","Co-Ni","Cr-N","martensite_start"]},"orders":{"0":{"martensite_start":0,"Fe-C":1,"Fe-Co":1,"Fe-Cr":0,"Fe-Cu":0,"Fe-Mn":1,"Fe-N":0,"Fe-Ni":1,"Al-Ni":0,"C-Cr":0,"C-Mn":0,"Co-Ni":1,"Cr-N":0}},"mf_plate_fits":{"0":{"martensite_start":[[2089]],"Fe-C":[[-1796.8082523364,-205518.2876608744],[[588358.9522761186,-9202682.5816998407],[-9202682.5816998407,154297158.2072947621]]],"Fe-Co":[[-1666.5456785078,8311.7216363273],[[399961.5620953255,-1528766.0784237783],[-1528766.0784237783,6313854.3228196334]]],"Fe-Cr":[[-524.2993282524],[[128611.5541586383]]],"Fe-Cu":[[2106.5991479193],[[1640570.7833736329]]],"Fe-Mn":[[16648.4139475037,-173714.1709309654],[[20289582.7184001878,-234060143.2910236418],[-234060143.2910236418,2855131035.4426803589]]],"Fe-N":[[-16417.390138512],[[1508285.9461703063]]],"Fe-Ni":[[2710.3046533842,-31086.3855056013],[[168743.9745868024,-708098.8314020797],[-708098.8314020797,3052709.7332330751]]],"Al-Ni":[[-57154.044405796],[[89679265.6019753367]]],"C-Cr":[[850341.122959165],[[8083775331.463180542]]],"C-Mn":[[2392750.1990336338],[[69498463859.4771881104]]],"Co-Ni":[[20365.5646053906,-341512.3449391147],[[19066546.8597083837,-305717860.1859599352],[-305717860.1859599352,5224150778.6147184372]]],"Cr-N":[[277283.7803802883],[[9492149459.5202636719]]]}},"model_version":{"0":1730644737.912345171}}