{"terms":{"0":["Fe-C","Fe-Co","Fe-Cr","Fe-Cu","Fe-Mn","Fe-N","Fe-Ni","Al-Ni","C-Cr","C-Mn","Co-Ni","Cr-N","martensite_start"]},"orders":{"0":{"martensite_start":0,"Fe-C":1,"Fe-Co":1,"Fe-Cr":0,"Fe-Cu":0,"Fe-Mn":1,"Fe-N":0,"Fe-Ni":1,"Al-Ni":0,"C-Cr":0,"C-Mn":0,"Co-Ni":1,"Cr-N":0}},"mf_plate_fits":{"0":{"martensite_start":[[2089]],"Fe-C":[[-1796.8082992695,-205518.2868954934],[[588358.910690499,-9202681.6050799098],[-9202681.6050799098,154297137.8744677603]]],"Fe-Co":[[-1666.5456909645,8311.7216882982],[[399961.5701373601,-1528766.1378039704],[-1528766.1378039704,6313854.6737799589]]],"Fe-Cr":[[-524.2993197217],[[128611.5603151778]]],"Fe-Cu":[[2106.5991479176],[[1640570.7948764705]]],"Fe-Mn":[[16648.4140763296,-173714.1725177723],[[20289583.0190729722,-234060145.5927347839],[-234060145.5927347839,2855131049.1308178902]]],"Fe-N":[[-16417.3901329057],[[1508285.9586762597]]],"Fe-Ni":[[2709.6782370147,-31076.7806343307],[[170453.9148234271,-715274.2338579948],[-715274.2338579948,3083643.8455153131]]],"Al-Ni":[[-57188.7623636907],[[89601826.6129089743]]],"C-Cr":[[850341.1223578925],[[8083775256.77161026]]],"C-Mn":[[2392750.2256377698],[[69498459950.3409881592]]],"Co-Ni":[[20335.5507292101,-341124.8876773535],[[19072128.9965009652,-305807365.1854403615],[-305807365.1854403615,5225680244.9063158035]]],"Cr-N":[[277283.7800385003],[[9492149318.9667510986]]]}},"model_version":{"0":1745766070.5743701458}}