{"terms":{"0":["Fe-C","Fe-Co","Fe-Cr","Fe-Cu","Fe-Mn","Fe-N","Fe-Ni","Al-Ni","C-Cr","C-Mn","Co-Ni","Cr-N","martensite_start"]},"orders":{"0":{"martensite_start":0,"Fe-C":1,"Fe-Co":1,"Fe-Cr":0,"Fe-Cu":0,"Fe-Mn":1,"Fe-N":0,"Fe-Ni":1,"Al-Ni":0,"C-Cr":0,"C-Mn":0,"Co-Ni":1,"Cr-N":0}},"mf_plate_fits":{"0":{"martensite_start":[[2089]],"Fe-C":[[-1796.8083106603,-205518.2867079974],[[588358.772283377,-9202679.4162114915],[-9202679.4162114915,154297103.269389838]]],"Fe-Co":[[-1666.5456785078,8311.7216363273],[[399961.5620953255,-1528766.0784237783],[-1528766.0784237783,6313854.3228196334]]],"Fe-Cr":[[-524.2993277246],[[128611.5574286053]]],"Fe-Cu":[[2106.5991479193],[[1640570.7833736329]]],"Fe-Mn":[[16648.4139475037,-173714.1709309654],[[20289582.7184001878,-234060143.2910236418],[-234060143.2910236418,2855131035.4426803589]]],"Fe-N":[[-15403.8148145695],[[1463029.1673067533]]],"Fe-Ni":[[2710.2909549035,-31086.8166593097],[[168720.2854074614,-707999.4256072284],[-707999.4256072284,3052281.1881146072]]],"Al-Ni":[[-57161.1530823644],[[89664887.53806445]]],"C-Cr":[[844629.2296104138],[[8046109622.3752603531]]],"C-Mn":[[2376272.0411834596],[[63693347581.1646957397]]],"Co-Ni":[[20367.5357362193,-341537.1869626268],[[19066241.8963052034,-305712967.4685875773],[-305712967.4685875773,5224067118.9087791443]]],"Cr-N":[[266519.599479949],[[9080498487.996301651]]]}},"model_version":{"0":1730037763.2031760216}}