{"terms":{"0":["Fe-C","Fe-Co","Fe-Cr","Fe-Cu","Fe-Mn","Fe-N","Fe-Ni","Al-Ni","C-Cr","C-Mn","Co-Ni","Cr-N","martensite_start"]},"orders":{"0":{"martensite_start":0,"Fe-C":1,"Fe-Co":1,"Fe-Cr":0,"Fe-Cu":0,"Fe-Mn":1,"Fe-N":0,"Fe-Ni":1,"Al-Ni":0,"C-Cr":0,"C-Mn":0,"Co-Ni":1,"Cr-N":0}},"mf_plate_fits":{"0":{"martensite_start":[[2089]],"Fe-C":[[-1796.8082523364,-205518.2876608744],[[588358.9522761186,-9202682.5816998407],[-9202682.5816998407,154297158.2072947621]]],"Fe-Co":[[-1666.5456785078,8311.7216363273],[[399961.5620953255,-1528766.0784237783],[-1528766.0784237783,6313854.3228196334]]],"Fe-Cr":[[-524.2993282524],[[128611.5541586383]]],"Fe-Cu":[[2106.5991675013],[[1640570.7820124719]]],"Fe-Mn":[[16648.4140302849,-173714.1717383194],[[20289582.6671480201,-234060140.4845479131],[-234060140.4845479131,2855130976.4049992561]]],"Fe-N":[[-15403.8148145695],[[1463029.1673067533]]],"Fe-Ni":[[2710.2910290193,-31086.8167692399],[[168720.2363048923,-707999.2183700415],[-707999.2183700415,3052280.2845540959]]],"Al-Ni":[[-57161.1543856794],[[89664883.4693985581]]],"C-Cr":[[844629.2301757099],[[8046109806.0213861465]]],"C-Mn":[[2376272.0549592613],[[63693345173.1916351318]]],"Co-Ni":[[20367.5347892203,-341537.1744425488],[[19066241.8332345076,-305712964.3953248262],[-305712964.3953248262,5224067032.8048648834]]],"Cr-N":[[266519.6002591536],[[9080498184.4041061401]]]}},"model_version":{"0":1725795893.6247487068}}