{"terms":{"0":["Fe-C","Fe-Co","Fe-Cr","Fe-Cu","Fe-Mn","Fe-N","Fe-Ni","Al-Ni","C-Cr","C-Mn","Co-Ni","Cr-N","martensite_start"]},"orders":{"0":{"martensite_start":0,"Fe-C":1,"Fe-Co":1,"Fe-Cr":0,"Fe-Cu":0,"Fe-Mn":1,"Fe-N":0,"Fe-Ni":1,"Al-Ni":0,"C-Cr":0,"C-Mn":0,"Co-Ni":1,"Cr-N":0}},"mf_plate_fits":{"0":{"martensite_start":[[2090]],"Fe-C":[[-1842.1955837945,-205054.9812469849],[[590386.9289527731,-9234402.5085999072],[-9234402.5085999072,154828988.7684033513]]],"Fe-Co":[[-1681.5870615316,8353.4278925937],[[404283.1161849829,-1545284.2964579791],[-1545284.2964579791,6382075.1668223087]]],"Fe-Cr":[[-537.5722993829],[[128817.8739007499]]],"Fe-Cu":[[2082.4666658942],[[1650628.5835104573]]],"Fe-Mn":[[16605.5817491386,-173360.778804236],[[20328250.6807287522,-234506211.8032545447],[-234506211.8032545447,2860572254.5848007202]]],"Fe-N":[[-16434.7053357969],[[1512077.6639781108]]],"Fe-Ni":[[2697.8969482714,-31052.2715097944],[[168996.4907256983,-709158.4597815316],[-709158.4597815316,3057277.9200198334]]],"Al-Ni":[[-57138.4598706668],[[89706945.8538900167]]],"C-Cr":[[850771.3062975593],[[8128266927.3806028366]]],"C-Mn":[[2388699.1503499229],[[69917231044.7517852783]]],"Co-Ni":[[20418.9465517745,-342150.6830106864],[[19107016.4099586494,-306366756.7434923053],[-306366756.7434923053,5235239171.6320724487]]],"Cr-N":[[277742.5991716508],[[9483686455.7738246918]]]}},"model_version":{"0":1725057374.6957490444}}