{"terms":{"0":["Fe-C","Fe-Co","Fe-Cr","Fe-Cu","Fe-Mn","Fe-N","Fe-Ni","Al-Ni","C-Cr","C-Mn","Co-Ni","martensite_start"]},"orders":{"0":{"martensite_start":0,"Fe-C":1,"Fe-Co":1,"Fe-Cr":0,"Fe-Cu":0,"Fe-Mn":0,"Fe-N":0,"Fe-Ni":1,"Al-Ni":0,"C-Cr":0,"C-Mn":0,"Co-Ni":0}},"mf_plate_fits":{"0":{"martensite_start":[[2090]],"Fe-C":[[2666.5746056154,-263583.5543008873],[[4977609.3761505419,-79708214.7539511472],[-79708214.7539511472,1372869662.8715317249]]],"Fe-Co":[[-840.848654802,7039.5532142927],[[372398.2157482979,-1423411.199889764],[-1423411.199889764,5878735.2542780535]]],"Fe-Cr":[[-540.9712439529],[[128213.0241577739]]],"Fe-Cu":[[-623.9315623817],[[844561.4450865502]]],"Fe-Mn":[[2393.6774601794],[[2269524.2039852967]]],"Fe-N":[[-16434.7053357969],[[1512077.6639781108]]],"Fe-Ni":[[2698.4847450188,-31033.6126611941],[[170097.0140155622,-713776.5798873963],[-713776.5798873963,3077187.2825313909]]],"Al-Ni":[[-56830.9762845871],[[90339405.0259036422]]],"C-Cr":[[782559.0020952473],[[9190455356.5109329224]]],"C-Mn":[[2074518.9972842098],[[542300166274.0144042969]]],"Co-Ni":[[-4613.456322836],[[2790916.0780247143]]]}},"model_version":{"0":1723327183.6455106735}}