{"components": ["C", "FE", "NI", "VA"], "reference": ["Tanaka1972", "Goodenow1965", "Rao1967", "Steven1956"], "phases": ["BCC_A2"], "output": "MS", "conditions": {"P": 101325, "N": 1, "T": [603.15, 633.15, 613.15, 493.15, 503.15, 663.7, 636.0, 628.3, 613.5, 438.8, 580.4, 593.5]}, "solver": {"mode": "manual", "sublattice_site_ratios": [1, 3], "sublattice_configurations": [[["FE", "NI"], ["C", "VA"]], [["FE", "NI"], ["C", "VA"]], [["FE", "NI"], ["C", "VA"]], [["FE", "NI"], ["C", "VA"]], [["FE", "NI"], ["C", "VA"]], [["FE", "NI"], ["C", "VA"]], [["FE", "NI"], ["C", "VA"]], [["FE", "NI"], ["C", "VA"]], [["FE", "NI"], ["C", "VA"]], [["FE", "NI"], ["C", "VA"]], [["FE", "NI"], ["C", "VA"]], [["FE", "NI"], ["C", "VA"]]], "sublattice_occupancies": [[[0.9331203963, 0.056702603000000004], [0.0034272123087316776, 0.9965727876912683]], [[0.9475111755000001, 0.038663871], [0.00467292074534694, 0.995327079254653]], [[0.9632939916000001, 0.0210743298], [0.005293302774905813, 0.9947066972250942]], [[0.8688853994, 0.1170574518], [0.003124423136131949, 0.9968755768638681]], [[0.875326095, 0.10858678050000001], [0.003749211356242988, 0.996250788643757]], [[0.9166388767, 0.0827024132], [0.000202351730810942, 0.999797648269189]], [[0.8960078958000001, 0.1019855233], [0.0006702051207944684, 0.9993297948792055]], [[0.8954510381, 0.10193698400000001], [0.0008729393984167037, 0.9991270606015833]], [[0.8941680025000001, 0.1018251465], [0.0013409901477143594, 0.9986590098522856]], [[0.8033718664, 0.1912514952], [0.0018019010036427075, 0.9981980989963573]], [[0.8910151861000001, 0.10155032700000001], [0.002496724196917905, 0.9975032758030821]], [[0.9543851673, 0.0164097504], [0.006382405606545116, 0.9936175943934549]]]}, "values": [[[1817.7363883391, 1817.7363883391, 1817.7363883391, 1817.7363883391, 1817.7363883391, 1817.7363883391, 1817.7363883391, 1817.7363883391, 1817.7363883391, 1817.7363883391, 1817.7363883391, 1817.7363883391], [1598.6652592071, 1598.6652592071, 1598.6652592071, 1598.6652592071, 1598.6652592071, 1598.6652592071, 1598.6652592071, 1598.6652592071, 1598.6652592071, 1598.6652592071, 1598.6652592071, 1598.6652592071], [1815.1970146966, 1815.1970146966, 1815.1970146966, 1815.1970146966, 1815.1970146966, 1815.1970146966, 1815.1970146966, 1815.1970146966, 1815.1970146966, 1815.1970146966, 1815.1970146966, 1815.1970146966], [2397.4489851245, 2397.4489851245, 2397.4489851245, 2397.4489851245, 2397.4489851245, 2397.4489851245, 2397.4489851245, 2397.4489851245, 2397.4489851245, 2397.4489851245, 2397.4489851245, 2397.4489851245], [2416.2379718272, 2416.2379718272, 2416.2379718272, 2416.2379718272, 2416.2379718272, 2416.2379718272, 2416.2379718272, 2416.2379718272, 2416.2379718272, 2416.2379718272, 2416.2379718272, 2416.2379718272], [1556.5769022084, 1556.5769022084, 1556.5769022084, 1556.5769022084, 1556.5769022084, 1556.5769022084, 1556.5769022084, 1556.5769022084, 1556.5769022084, 1556.5769022084, 1556.5769022084, 1556.5769022084], [1481.6134000944, 1481.6134000944, 1481.6134000944, 1481.6134000944, 1481.6134000944, 1481.6134000944, 1481.6134000944, 1481.6134000944, 1481.6134000944, 1481.6134000944, 1481.6134000944, 1481.6134000944], [1509.7057708976, 1509.7057708976, 1509.7057708976, 1509.7057708976, 1509.7057708976, 1509.7057708976, 1509.7057708976, 1509.7057708976, 1509.7057708976, 1509.7057708976, 1509.7057708976, 1509.7057708976], [1552.9210710247, 1552.9210710247, 1552.9210710247, 1552.9210710247, 1552.9210710247, 1552.9210710247, 1552.9210710247, 1552.9210710247, 1552.9210710247, 1552.9210710247, 1552.9210710247, 1552.9210710247], [1461.3231418237, 1461.3231418237, 1461.3231418237, 1461.3231418237, 1461.3231418237, 1461.3231418237, 1461.3231418237, 1461.3231418237, 1461.3231418237, 1461.3231418237, 1461.3231418237, 1461.3231418237], [1633.9055643885, 1633.9055643885, 1633.9055643885, 1633.9055643885, 1633.9055643885, 1633.9055643885, 1633.9055643885, 1633.9055643885, 1633.9055643885, 1633.9055643885, 1633.9055643885, 1633.9055643885], [2446.6061922654, 2446.6061922654, 2446.6061922654, 2446.6061922654, 2446.6061922654, 2446.6061922654, 2446.6061922654, 2446.6061922654, 2446.6061922654, 2446.6061922654, 2446.6061922654, 2446.6061922654]]]}