{"components": ["C", "FE", "NI", "VA"], "reference": ["Brofman1983", "Rao1967"], "phases": ["BCT_PLATE"], "output": "MS", "conditions": {"P": 101325, "N": 1, "T": [308.0796299115, 329.3638577185, 336.3720806492, 338.105323534, 483.9, 478.3, 472.0]}, "solver": {"mode": "manual", "sublattice_site_ratios": [1, 3], "sublattice_configurations": [[["FE", "NI"], ["C", "VA"]], [["FE", "NI"], ["C", "VA"]], [["FE", "NI"], ["C", "VA"]], [["FE", "NI"], ["C", "VA"]], [["FE", "NI"], ["C", "VA"]], [["FE", "NI"], ["C", "VA"]], [["FE", "NI"], ["C", "VA"]]], "sublattice_occupancies": [[[0.7387559834, 0.26006727020000003], [0.00039271092116271896, 0.9996072890788373]], [[0.7387559834, 0.26006727020000003], [0.00039271092116271896, 0.9996072890788373]], [[0.7387559834, 0.26006727020000003], [0.00039271092116271896, 0.9996072890788373]], [[0.7387559834, 0.26006727020000003], [0.00039271092116271896, 0.9996072890788373]], [[0.8072684925, 0.1919432099], [0.000262973167783695, 0.9997370268322163]], [[0.8068624400000001, 0.19187112890000002], [0.0004226789604051716, 0.9995773210395948]], [[0.8063493395, 0.1917800452], [0.0006247069863842766, 0.9993752930136157]]]}, "values": [[[810.3506888553, 810.3506888553, 810.3506888553, 810.3506888553, 810.3506888553, 810.3506888553, 810.3506888553], [731.5944566054, 731.5944566054, 731.5944566054, 731.5944566054, 731.5944566054, 731.5944566054, 731.5944566054], [683.8509477058, 683.8509477058, 683.8509477058, 683.8509477058, 683.8509477058, 683.8509477058, 683.8509477058], [624.9734483354, 624.9734483354, 624.9734483354, 624.9734483354, 624.9734483354, 624.9734483354, 624.9734483354], [1460.1700981683, 1460.1700981683, 1460.1700981683, 1460.1700981683, 1460.1700981683, 1460.1700981683, 1460.1700981683], [1468.5038246991, 1468.5038246991, 1468.5038246991, 1468.5038246991, 1468.5038246991, 1468.5038246991, 1468.5038246991], [1473.2896657788, 1473.2896657788, 1473.2896657788, 1473.2896657788, 1473.2896657788, 1473.2896657788, 1473.2896657788]]]}