{"components": ["CO", "FE", "MN", "VA"], "reference": ["Ishida1974a"], "phases": ["HCP_A3"], "output": "MS", "conditions": {"P": 101325, "N": 1, "T": [415.15, 416.15, 419.15]}, "solver": {"mode": "manual", "sublattice_site_ratios": [1, 0.5], "sublattice_configurations": [[["CO", "FE", "MN"], "VA"], [["CO", "FE", "MN"], "VA"], [["CO", "FE", "MN"], "VA"]], "sublattice_occupancies": [[[0.0092, 0.8275, 0.1633], 1.0], [[0.019, 0.8055, 0.17550000000000002], 1.0], [[0.0284, 0.797, 0.1746], 1.0]]}, "values": [[[36.2753928413, 36.2753928413, 36.2753928413], [-79.4736605123, -79.4736605123, -79.4736605123], [-177.70101058, -177.70101058, -177.70101058]]]}