{"components": ["FE", "MN", "W", "VA"], "reference": ["Ishida1974a"], "phases": ["HCP_A3"], "output": "MS", "conditions": {"P": 101325, "N": 1, "T": [361.15, 389.15]}, "solver": {"mode": "manual", "sublattice_site_ratios": [1, 0.5], "sublattice_configurations": [[["FE", "MN", "W"], "VA"], [["FE", "MN", "W"], "VA"]], "sublattice_occupancies": [[[0.805, 0.181, 0.014], 1.0], [[0.8147000000000001, 0.176, 0.009300000000000001], 1.0]]}, "values": [[[293.6503924393, 293.6503924393], [196.1936481342, 196.1936481342]]]}