{"index":735,"components":["C","CR","FE","MN","MO","NI","SI","VA"],"conditions":{"N":1,"P":101325,"T":1273.15,"X_C":0.0151455581,"X_CR":0.0090113076,"X_MN":0.0057192794,"X_MO":0.0005171094,"X_NI":0.0306173778,"X_SI":0.0045142472},"reference":"Sastri1965","disabled":false,"model":"martensite_start","inputs":{"martensite_start":562.3,"martensite_type":"lath","PAGS":null,"parent_phase":"gamma","predicted_type":true,"solutionizing_temperature":1273.15},"outputs":{"calculation_error":false,"DG":2646.9633682738,"error":-49.1852160931,"error_message":[],"LC_martensite_start":611.4852160931,"PAGS_energy":0.0,"solutioning_conditions":{"N":1,"P":101325,"T":1273.15,"X_C":0.0151455581,"X_CR":0.0090113076,"X_MN":0.0057192794,"X_MO":0.0005171094,"X_NI":0.0306173778,"X_SI":0.0045142472},"solutionizing_phases":["FCC_A1","","","","","","",""]}}