{"index":751,"components":["C","CR","FE","MN","MO","NI","SI","VA"],"conditions":{"N":1,"P":101325,"T":1273.15,"X_C":0.0160696517,"X_CR":0.0151660334,"X_MN":0.0044165812,"X_MO":0.0007472233,"X_NI":0.0397427431,"X_SI":0.00274886},"reference":"Sastri1965","disabled":false,"model":"martensite_start","inputs":{"martensite_start":580.4,"martensite_type":"lath","PAGS":null,"parent_phase":"gamma","predicted_type":true,"solutionizing_temperature":1273.15},"outputs":{"calculation_error":false,"DG":2353.5492171408,"error":5.6212522888,"error_message":[],"LC_martensite_start":574.7787477112,"PAGS_energy":0.0,"solutioning_conditions":{"N":1,"P":101325,"T":1273.15,"X_C":0.0160696517,"X_CR":0.0151660334,"X_MN":0.0044165812,"X_MO":0.0007472233,"X_NI":0.0397427431,"X_SI":0.00274886},"solutionizing_phases":["FCC_A1","","","","","","",""]}}