{"index":731,"components":["C","CR","FE","MN","MO","NI","SI","VA"],"conditions":{"N":1,"P":101325,"T":1273.15,"X_C":0.0142547146,"X_CR":0.0141268724,"X_MN":0.0049259277,"X_MO":0.000690791,"X_NI":0.0388620705,"X_SI":0.0025563855},"reference":"Sastri1965","disabled":false,"model":"martensite_start","inputs":{"martensite_start":592.4,"martensite_type":"lath","PAGS":null,"parent_phase":"gamma","predicted_type":true,"solutionizing_temperature":1273.15},"outputs":{"calculation_error":false,"DG":2283.9086515848,"error":2.678953886,"error_message":[],"LC_martensite_start":589.721046114,"PAGS_energy":0.0,"solutioning_conditions":{"N":1,"P":101325,"T":1273.15,"X_C":0.0142547146,"X_CR":0.0141268724,"X_MN":0.0049259277,"X_MO":0.000690791,"X_NI":0.0388620705,"X_SI":0.0025563855},"solutionizing_phases":["FCC_A1","","","","","","",""]}}