{"components": ["C", "FE", "MN", "VA"], "reference": ["Scott1931", "Walters1932", "ASM1977", "Atkins1980", "Grange1946", "Greninger1942"], "phases": ["BCT_PLATE"], "output": "MS", "conditions": {"P": 101325, "N": 1, "T": [333.15, 429.296179402, 589.0, 533.0, 547.0388888889, 494.3038461538]}, "solver": {"mode": "manual", "sublattice_site_ratios": [1, 3], "sublattice_configurations": [[["FE", "MN"], ["C", "VA"]], [["FE", "MN"], ["C", "VA"]], [["FE", "MN"], ["C", "VA"]], [["FE", "MN"], ["C", "VA"]], [["FE", "MN"], ["C", "VA"]], [["FE", "MN"], ["C", "VA"]]], "sublattice_occupancies": [[[0.8065312806, 0.1832170699], [0.0018521058918756668, 0.9981478941081243]], [[0.8941298107000001, 0.1051743209], [0.000232117656675696, 0.9997678823433243]], [[0.9710694400000001, 0.0100213251], [0.00622595005543343, 0.9937740499445666]], [[0.9622093603, 0.0069424652], [0.010610024692089895, 0.9893899753079101]], [[0.9585388122, 0.008625313800000001], [0.00980320410040443, 0.9901967958995955]], [[0.9512498346, 0.006100654400000001], [0.013097406948642882, 0.9869025930513571]]]}, "values": [[[1536.8538921642, 1536.8538921642, 1536.8538921642, 1536.8538921642, 1536.8538921642, 1536.8538921642], [2330.3192649747, 2330.3192649747, 2330.3192649747, 2330.3192649747, 2330.3192649747, 2330.3192649747], [2630.9576820134, 2630.9576820134, 2630.9576820134, 2630.9576820134, 2630.9576820134, 2630.9576820134], [2765.1847175337, 2765.1847175337, 2765.1847175337, 2765.1847175337, 2765.1847175337, 2765.1847175337], [2939.0898948267, 2939.0898948267, 2939.0898948267, 2939.0898948267, 2939.0898948267, 2939.0898948267], [2737.1576239801, 2737.1576239801, 2737.1576239801, 2737.1576239801, 2737.1576239801, 2737.1576239801]]]}