{"components": ["C", "FE", "MN", "VA"], "reference": ["Baik1997", "Ishida1974a", "Kim2004", "Lee2002", "Schumann1967", "Schumann1969", "Scott1931", "Seol2013", "Walters1932"], "phases": ["HCP_EPS"], "output": "MS", "conditions": {"P": 101325, "N": 1, "T": [302.3829829095, 330.4348351964, 373.7575318285, 375.2018358531, 427.0509938464, 329.15, 353.15, 385.15, 301.6517555151, 330.2062892121, 373.1682417794, 375.1429660023, 426.9046296201, 365.2835741495, 416.1854017507, 307.1198920466, 358.8156156204, 410.2954906616, 414.3557765734, 415.3387624587, 437.1452980022, 421.15, 343.15, 320.15, 353.15, 403.15, 433.7258582503]}, "solver": {"mode": "manual", "sublattice_site_ratios": [1, 0.5], "sublattice_configurations": [[["FE", "MN"], ["C", "VA"]], [["FE", "MN"], ["C", "VA"]], [["FE", "MN"], ["C", "VA"]], [["FE", "MN"], ["C", "VA"]], [["FE", "MN"], ["C", "VA"]], [["FE", "MN"], ["C", "VA"]], [["FE", "MN"], ["C", "VA"]], [["FE", "MN"], ["C", "VA"]], [["FE", "MN"], ["C", "VA"]], [["FE", "MN"], ["C", "VA"]], [["FE", "MN"], ["C", "VA"]], [["FE", "MN"], ["C", "VA"]], [["FE", "MN"], ["C", "VA"]], [["FE", "MN"], ["C", "VA"]], [["FE", "MN"], ["C", "VA"]], [["FE", "MN"], ["C", "VA"]], [["FE", "MN"], ["C", "VA"]], [["FE", "MN"], ["C", "VA"]], [["FE", "MN"], ["C", "VA"]], [["FE", "MN"], ["C", "VA"]], [["FE", "MN"], ["C", "VA"]], [["FE", "MN"], ["C", "VA"]], [["FE", "MN"], ["C", "VA"]], [["FE", "MN"], ["C", "VA"]], [["FE", "MN"], ["C", "VA"]], [["FE", "MN"], ["C", "VA"]], [["FE", "MN"], ["C", "VA"]]], "sublattice_occupancies": [[[0.8133626833000001, 0.1737864908], [0.026036238974147564, 0.9739637610258525]], [[0.8110882437, 0.1797068766], [0.01858079336768005, 0.9814192066323201]], [[0.8152237997, 0.1801570583], [0.009281154972743108, 0.9907188450272568]], [[0.8060594279000001, 0.17977999050000001], [0.018567437915365647, 0.9814325620846344]], [[0.820008072, 0.1790653878], [0.0018547989457861887, 0.9981452010542137]], [[0.8295, 0.15760000000000002], [0.026137169486374227, 0.9738628305136258]], [[0.8346, 0.15710000000000002], [0.016738933145104367, 0.9832610668548957]], [[0.8398, 0.15560000000000002], [0.009242515571629495, 0.9907574844283704]], [[0.8133626833000001, 0.1737864908], [0.026036238974147564, 0.9739637610258525]], [[0.8110882437, 0.1797068766], [0.01858079336768005, 0.9814192066323201]], [[0.8152237997, 0.1801570583], [0.009281154972743108, 0.9907188450272568]], [[0.8060594279000001, 0.17977999050000001], [0.018567437915365647, 0.9814325620846344]], [[0.820008072, 0.1790653878], [0.0018547989457861887, 0.9981452010542137]], [[0.8248776661, 0.17188496720000002], [0.006495762565420398, 0.9935042374345797]], [[0.8264756227000001, 0.17213491690000002], [0.002782787372856204, 0.9972172126271438]], [[0.7395382374, 0.2574469256], [0.004909002852248105, 0.9950909971477518]], [[0.7719717636000001, 0.2253077909], [0.0039841322760876445, 0.9960158677239124]], [[0.8357432116, 0.16216811320000002], [0.003153559239796602, 0.9968464407602033]], [[0.8502124401000001, 0.1465907937], [0.0051032001854110914, 0.9948967998145889]], [[0.8574606162, 0.14000361860000002], [0.003990120279809662, 0.9960098797201903]], [[0.8574606162, 0.14000361860000002], [0.003990120279809662, 0.9960098797201903]], [[0.8615, 0.1375], [0.002002002002002002, 0.997997997997998]], [[0.8544739203, 0.1383105507], [0.006950845259464712, 0.9930491547405353]], [[0.8221108453, 0.1691441431], [0.01718581760682773, 0.9828141823931723]], [[0.8202829296, 0.1735033299], [0.012162380087913212, 0.9878376199120869]], [[0.8270894502, 0.1722403422], [0.0010386383047966494, 0.9989613616952032]], [[0.8660426897, 0.1326364015], [0.002645311815656044, 0.9973546881843439]]]}, "values": [[[537.3860248791, 537.3860248791, 537.3860248791, 537.3860248791, 537.3860248791, 537.3860248791, 537.3860248791, 537.3860248791, 537.3860248791, 537.3860248791, 537.3860248791, 537.3860248791, 537.3860248791, 537.3860248791, 537.3860248791, 537.3860248791, 537.3860248791, 537.3860248791, 537.3860248791, 537.3860248791, 537.3860248791, 537.3860248791, 537.3860248791, 537.3860248791, 537.3860248791, 537.3860248791, 537.3860248791], [419.7616019725, 419.7616019725, 419.7616019725, 419.7616019725, 419.7616019725, 419.7616019725, 419.7616019725, 419.7616019725, 419.7616019725, 419.7616019725, 419.7616019725, 419.7616019725, 419.7616019725, 419.7616019725, 419.7616019725, 419.7616019725, 419.7616019725, 419.7616019725, 419.7616019725, 419.7616019725, 419.7616019725, 419.7616019725, 419.7616019725, 419.7616019725, 419.7616019725, 419.7616019725, 419.7616019725], [258.3048661828, 258.3048661828, 258.3048661828, 258.3048661828, 258.3048661828, 258.3048661828, 258.3048661828, 258.3048661828, 258.3048661828, 258.3048661828, 258.3048661828, 258.3048661828, 258.3048661828, 258.3048661828, 258.3048661828, 258.3048661828, 258.3048661828, 258.3048661828, 258.3048661828, 258.3048661828, 258.3048661828, 258.3048661828, 258.3048661828, 258.3048661828, 258.3048661828, 258.3048661828, 258.3048661828], [246.7199888434, 246.7199888434, 246.7199888434, 246.7199888434, 246.7199888434, 246.7199888434, 246.7199888434, 246.7199888434, 246.7199888434, 246.7199888434, 246.7199888434, 246.7199888434, 246.7199888434, 246.7199888434, 246.7199888434, 246.7199888434, 246.7199888434, 246.7199888434, 246.7199888434, 246.7199888434, 246.7199888434, 246.7199888434, 246.7199888434, 246.7199888434, 246.7199888434, 246.7199888434, 246.7199888434], [59.0760711169, 59.0760711169, 59.0760711169, 59.0760711169, 59.0760711169, 59.0760711169, 59.0760711169, 59.0760711169, 59.0760711169, 59.0760711169, 59.0760711169, 59.0760711169, 59.0760711169, 59.0760711169, 59.0760711169, 59.0760711169, 59.0760711169, 59.0760711169, 59.0760711169, 59.0760711169, 59.0760711169, 59.0760711169, 59.0760711169, 59.0760711169, 59.0760711169, 59.0760711169, 59.0760711169], [495.7609216615, 495.7609216615, 495.7609216615, 495.7609216615, 495.7609216615, 495.7609216615, 495.7609216615, 495.7609216615, 495.7609216615, 495.7609216615, 495.7609216615, 495.7609216615, 495.7609216615, 495.7609216615, 495.7609216615, 495.7609216615, 495.7609216615, 495.7609216615, 495.7609216615, 495.7609216615, 495.7609216615, 495.7609216615, 495.7609216615, 495.7609216615, 495.7609216615, 495.7609216615, 495.7609216615], [393.668737611, 393.668737611, 393.668737611, 393.668737611, 393.668737611, 393.668737611, 393.668737611, 393.668737611, 393.668737611, 393.668737611, 393.668737611, 393.668737611, 393.668737611, 393.668737611, 393.668737611, 393.668737611, 393.668737611, 393.668737611, 393.668737611, 393.668737611, 393.668737611, 393.668737611, 393.668737611, 393.668737611, 393.668737611, 393.668737611, 393.668737611], [266.9146826787, 266.9146826787, 266.9146826787, 266.9146826787, 266.9146826787, 266.9146826787, 266.9146826787, 266.9146826787, 266.9146826787, 266.9146826787, 266.9146826787, 266.9146826787, 266.9146826787, 266.9146826787, 266.9146826787, 266.9146826787, 266.9146826787, 266.9146826787, 266.9146826787, 266.9146826787, 266.9146826787, 266.9146826787, 266.9146826787, 266.9146826787, 266.9146826787, 266.9146826787, 266.9146826787], [539.4504385575, 539.4504385575, 539.4504385575, 539.4504385575, 539.4504385575, 539.4504385575, 539.4504385575, 539.4504385575, 539.4504385575, 539.4504385575, 539.4504385575, 539.4504385575, 539.4504385575, 539.4504385575, 539.4504385575, 539.4504385575, 539.4504385575, 539.4504385575, 539.4504385575, 539.4504385575, 539.4504385575, 539.4504385575, 539.4504385575, 539.4504385575, 539.4504385575, 539.4504385575, 539.4504385575], [420.4628468992, 420.4628468992, 420.4628468992, 420.4628468992, 420.4628468992, 420.4628468992, 420.4628468992, 420.4628468992, 420.4628468992, 420.4628468992, 420.4628468992, 420.4628468992, 420.4628468992, 420.4628468992, 420.4628468992, 420.4628468992, 420.4628468992, 420.4628468992, 420.4628468992, 420.4628468992, 420.4628468992, 420.4628468992, 420.4628468992, 420.4628468992, 420.4628468992, 420.4628468992, 420.4628468992], [260.2788028005, 260.2788028005, 