{"components": ["FE", "NI", "SI", "VA"], "reference": ["Ishida1974"], "phases": ["BCC_A2"], "output": "MS", "conditions": {"P": 101325, "N": 1, "T": [558.15, 540.15, 545.15, 531.15]}, "solver": {"mode": "manual", "sublattice_site_ratios": [1, 3], "sublattice_configurations": [[["FE", "NI", "SI"], "VA"], [["FE", "NI", "SI"], "VA"], [["FE", "NI", "SI"], "VA"], [["FE", "NI", "SI"], "VA"]], "sublattice_occupancies": [[[0.8012232032000001, 0.18997748650000001, 0.0087993104], 1.0], [[0.7939235182000001, 0.18697796590000001, 0.0190985158], 1.0], [[0.7809243167000001, 0.1899779004, 0.0290977829], 1.0], [[0.7752244891000001, 0.1859784496, 0.038797061300000005], 1.0]]}, "values": [[[1017.4929481661, 1017.4929481661, 1017.4929481661, 1017.4929481661], [1187.3566801354, 1187.3566801354, 1187.3566801354, 1187.3566801354], [1119.5982486939, 1119.5982486939, 1119.5982486939, 1119.5982486939], [1303.6269345821, 1303.6269345821, 1303.6269345821, 1303.6269345821]]]}