{"index":795,"components":["C","CR","FE","MN","MO","NI","SI","VA"],"conditions":{"N":1,"P":101325,"T":1273.15,"X_C":0.0218675846,"X_CR":0.0103129569,"X_MN":0.0085655085,"X_MO":0.000228133,"X_NI":0.0016780741,"X_SI":0.0048706368},"reference":"Steven1956","disabled":false,"model":"martensite_start","inputs":{"martensite_start":573.5,"martensite_type":"lath","PAGS":null,"parent_phase":"gamma","predicted_type":true,"solutionizing_temperature":1273.15},"outputs":{"calculation_error":false,"DG":2732.0607832775,"error":-41.2729273796,"error_message":[],"LC_martensite_start":614.7729273796,"PAGS_energy":0.0,"solutioning_conditions":{"N":1,"P":101325,"T":1273.15,"X_C":0.0218675846,"X_CR":0.0103129569,"X_MN":0.0085655085,"X_MO":0.000228133,"X_NI":0.0016780741,"X_SI":0.0048706368},"solutionizing_phases":["FCC_A1","","","","","","",""]}}