{"index":768,"components":["C","CR","FE","MN","MO","NI","SI","VA"],"conditions":{"N":1,"P":101325,"T":1273.15,"X_C":0.014706577,"X_CR":0.0078558085,"X_MN":0.0056265835,"X_MO":0.0029342722,"X_NI":0.0222889197,"X_SI":0.0053065413},"reference":"Steven1956","disabled":false,"model":"martensite_start","inputs":{"martensite_start":608.5,"martensite_type":"lath","PAGS":null,"parent_phase":"gamma","predicted_type":false,"solutionizing_temperature":1273.15},"outputs":{"calculation_error":false,"DG":2257.4456553741,"error":-21.3663480759,"error_message":[],"LC_martensite_start":629.8663480759,"PAGS_energy":0.0,"solutioning_conditions":{"N":1,"P":101325,"T":1273.15,"X_C":0.014706577,"X_CR":0.0078558085,"X_MN":0.0056265835,"X_MO":0.0029342722,"X_NI":0.0222889197,"X_SI":0.0053065413},"solutionizing_phases":["FCC_A1","","","","","","",""]}}