{"index":800,"components":["C","CR","FE","MN","MO","NI","SI","VA"],"conditions":{"N":1,"P":101325,"T":1273.15,"X_C":0.0182953915,"X_CR":0.0055995759,"X_MN":0.0137992639,"X_MO":0.0009161578,"X_NI":0.0069261595,"X_SI":0.0046943895},"reference":"Steven1956","disabled":false,"model":"martensite_start","inputs":{"martensite_start":573.5,"martensite_type":"lath","PAGS":null,"parent_phase":"gamma","predicted_type":true,"solutionizing_temperature":1273.15},"outputs":{"calculation_error":false,"DG":2642.271168906,"error":-17.5797688961,"error_message":[],"LC_martensite_start":591.0797688961,"PAGS_energy":0.0,"solutioning_conditions":{"N":1,"P":101325,"T":1273.15,"X_C":0.0182953915,"X_CR":0.0055995759,"X_MN":0.0137992639,"X_MO":0.0009161578,"X_NI":0.0069261595,"X_SI":0.0046943895},"solutionizing_phases":["FCC_A1","","","","","","",""]}}