{"index":769,"components":["C","CR","FE","MN","MO","NI","SI","V","VA"],"conditions":{"N":1,"P":101325,"T":1273.15,"X_C":0.0146846191,"X_CR":0.0161121629,"X_MN":0.0061198061,"X_MO":0.0012638746,"X_NI":0.0302376217,"X_SI":0.0054948634,"X_V":0.0003245866},"reference":"Steven1956","disabled":false,"model":"martensite_start","inputs":{"martensite_start":593.5,"martensite_type":"lath","PAGS":null,"parent_phase":"gamma","predicted_type":false,"solutionizing_temperature":1273.15},"outputs":{"calculation_error":false,"DG":2313.5642287456,"error":3.9821331501,"error_message":[],"LC_martensite_start":589.5178668499,"PAGS_energy":0.0,"solutioning_conditions":{"N":1,"P":101325,"T":1273.15,"X_C":0.0146846191,"X_CR":0.0161121629,"X_MN":0.0061198061,"X_MO":0.0012638746,"X_NI":0.0302376217,"X_SI":0.0054948634,"X_V":0.0003245866},"solutionizing_phases":["FCC_A1","","","","","","","",""]}}