{"index":758,"components":["C","CR","FE","MN","MO","NI","SI","VA"],"conditions":{"N":1,"P":101325,"T":1273.15,"X_C":0.0082946005,"X_CR":0.0118152658,"X_MN":0.0093691682,"X_MO":0.0006345769,"X_NI":0.0126359185,"X_SI":0.0051236856},"reference":"Steven1956","disabled":false,"model":"martensite_start","inputs":{"martensite_start":673.5,"martensite_type":"lath","PAGS":null,"parent_phase":"gamma","predicted_type":false,"solutionizing_temperature":1273.15},"outputs":{"calculation_error":false,"DG":1839.689571622,"error":13.3705912828,"error_message":[],"LC_martensite_start":660.1294087172,"PAGS_energy":0.0,"solutioning_conditions":{"N":1,"P":101325,"T":1273.15,"X_C":0.0082946005,"X_CR":0.0118152658,"X_MN":0.0093691682,"X_MO":0.0006345769,"X_NI":0.0126359185,"X_SI":0.0051236856},"solutionizing_phases":["FCC_A1","","","","","","",""]}}