{"index":762,"components":["C","CR","FE","MN","MO","NI","SI","VA"],"conditions":{"N":1,"P":101325,"T":1273.15,"X_C":0.0119485787,"X_CR":0.0354557697,"X_MN":0.0055258706,"X_MO":0.0031067426,"X_NI":0.0023510505,"X_SI":0.004127132},"reference":"Steven1956","disabled":false,"model":"martensite_start","inputs":{"martensite_start":633.5,"martensite_type":"lath","PAGS":null,"parent_phase":"gamma","predicted_type":false,"solutionizing_temperature":1273.15},"outputs":{"calculation_error":false,"DG":2124.1739662408,"error":11.1002784252,"error_message":[],"LC_martensite_start":622.3997215748,"PAGS_energy":0.0,"solutioning_conditions":{"N":1,"P":101325,"T":1273.15,"X_C":0.0119485787,"X_CR":0.0354557697,"X_MN":0.0055258706,"X_MO":0.0031067426,"X_NI":0.0023510505,"X_SI":0.004127132},"solutionizing_phases":["FCC_A1","","","","","","",""]}}