{"index":797,"components":["C","CR","FE","MN","MO","NI","SI","VA"],"conditions":{"N":1,"P":101325,"T":1273.15,"X_C":0.0183166036,"X_CR":0.0029616964,"X_MN":0.0062068573,"X_MO":0.0005732625,"X_NI":0.0323283175,"X_SI":0.0050914849},"reference":"Steven1956","disabled":false,"model":"martensite_start","inputs":{"martensite_start":553.5,"martensite_type":"lath","PAGS":null,"parent_phase":"gamma","predicted_type":true,"solutionizing_temperature":1273.15},"outputs":{"calculation_error":false,"DG":2720.6026313627,"error":-51.8306602478,"error_message":[],"LC_martensite_start":605.3306602478,"PAGS_energy":0.0,"solutioning_conditions":{"N":1,"P":101325,"T":1273.15,"X_C":0.0183166036,"X_CR":0.0029616964,"X_MN":0.0062068573,"X_MO":0.0005732625,"X_NI":0.0323283175,"X_SI":0.0050914849},"solutionizing_phases":["FCC_A1","","","","","","",""]}}