{"index":760,"components":["C","CR","FE","MN","MO","NI","SI","VA"],"conditions":{"N":1,"P":101325,"T":1273.15,"X_C":0.00877175,"X_CR":0.0021328494,"X_MN":0.0138276484,"X_MO":0.0017916903,"X_NI":0.0052905366,"X_SI":0.002764056},"reference":"Steven1956","disabled":false,"model":"martensite_start","inputs":{"martensite_start":693.5,"martensite_type":"lath","PAGS":null,"parent_phase":"gamma","predicted_type":false,"solutionizing_temperature":1273.15},"outputs":{"calculation_error":false,"DG":1683.5274588097,"error":35.9160005569,"error_message":[],"LC_martensite_start":657.5839994431,"PAGS_energy":0.0,"solutioning_conditions":{"N":1,"P":101325,"T":1273.15,"X_C":0.00877175,"X_CR":0.0021328494,"X_MN":0.0138276484,"X_MO":0.0017916903,"X_NI":0.0052905366,"X_SI":0.002764056},"solutionizing_phases":["FCC_A1","","","","","","",""]}}