{"index":765,"components":["C","CR","FE","MN","MO","NI","SI","VA"],"conditions":{"N":1,"P":101325,"T":1273.15,"X_C":0.0092186936,"X_CR":0.0085177898,"X_MN":0.0071547235,"X_MO":0.0002885214,"X_NI":0.0106585194,"X_SI":0.002956765},"reference":"Steven1956","disabled":false,"model":"martensite_start","inputs":{"martensite_start":688.5,"martensite_type":"lath","PAGS":null,"parent_phase":"gamma","predicted_type":false,"solutionizing_temperature":1273.15},"outputs":{"calculation_error":false,"DG":1762.3286649565,"error":9.2443385124,"error_message":[],"LC_martensite_start":679.2556614876,"PAGS_energy":0.0,"solutioning_conditions":{"N":1,"P":101325,"T":1273.15,"X_C":0.0092186936,"X_CR":0.0085177898,"X_MN":0.0071547235,"X_MO":0.0002885214,"X_NI":0.0106585194,"X_SI":0.002956765},"solutionizing_phases":["FCC_A1","","","","","","",""]}}