{"index":784,"components":["C","CR","FE","MN","MO","NI","SI","VA"],"conditions":{"N":1,"P":101325,"T":1273.15,"X_C":0.0174435703,"X_CR":0.0078465917,"X_MN":0.0056199821,"X_MO":0.0026434933,"X_NI":0.0227324477,"X_SI":0.0029446196},"reference":"Steven1956","disabled":false,"model":"martensite_start","inputs":{"martensite_start":578.5,"martensite_type":"lath","PAGS":null,"parent_phase":"gamma","predicted_type":true,"solutionizing_temperature":1273.15},"outputs":{"calculation_error":false,"DG":2500.8872177374,"error":-35.7356886387,"error_message":[],"LC_martensite_start":614.2356886387,"PAGS_energy":0.0,"solutioning_conditions":{"N":1,"P":101325,"T":1273.15,"X_C":0.0174435703,"X_CR":0.0078465917,"X_MN":0.0056199821,"X_MO":0.0026434933,"X_NI":0.0227324477,"X_SI":0.0029446196},"solutionizing_phases":["FCC_A1","","","","","","",""]}}