{"index":785,"components":["C","CR","FE","MN","MO","NI","SI","VA"],"conditions":{"N":1,"P":101325,"T":1273.15,"X_C":0.0174514425,"X_CR":0.0129421108,"X_MN":0.0057229205,"X_MO":0.0016673023,"X_NI":0.046519173,"X_SI":0.0023567588},"reference":"Steven1956","disabled":false,"model":"martensite_start","inputs":{"martensite_start":533.5,"martensite_type":"plate","PAGS":null,"parent_phase":"gamma","predicted_type":false,"solutionizing_temperature":1273.15},"outputs":{"calculation_error":false,"DG":2694.7715994758,"error":-14.2379481316,"error_message":[],"LC_martensite_start":547.7379481316,"PAGS_energy":0.0,"solutioning_conditions":{"N":1,"P":101325,"T":1273.15,"X_C":0.0174514425,"X_CR":0.0129421108,"X_MN":0.0057229205,"X_MO":0.0016673023,"X_NI":0.046519173,"X_SI":0.0023567588},"solutionizing_phases":["FCC_A1","","","","","","",""]}}