{"index":763,"components":["C","CR","FE","MN","MO","NI","SI","VA"],"conditions":{"N":1,"P":101325,"T":1273.15,"X_C":0.0133075388,"X_CR":0.0012719749,"X_MN":0.0167537231,"X_MO":0.0002297885,"X_NI":0.0019719599,"X_SI":0.0051022208},"reference":"Steven1956","disabled":false,"model":"martensite_start","inputs":{"martensite_start":653.5,"martensite_type":"lath","PAGS":null,"parent_phase":"gamma","predicted_type":false,"solutionizing_temperature":1273.15},"outputs":{"calculation_error":false,"DG":1974.2014276795,"error":34.39778409,"error_message":[],"LC_martensite_start":619.10221591,"PAGS_energy":0.0,"solutioning_conditions":{"N":1,"P":101325,"T":1273.15,"X_C":0.0133075388,"X_CR":0.0012719749,"X_MN":0.0167537231,"X_MO":0.0002297885,"X_NI":0.0019719599,"X_SI":0.0051022208},"solutionizing_phases":["FCC_A1","","","","","","",""]}}