{"index":788,"components":["C","CR","FE","MN","MO","NI","SI","VA"],"conditions":{"N":1,"P":101325,"T":1273.15,"X_C":0.0178505746,"X_CR":0.0128986712,"X_MN":0.0020013024,"X_MO":0.0014898054,"X_NI":0.0155480072,"X_SI":0.0050891717},"reference":"Steven1956","disabled":false,"model":"martensite_start","inputs":{"martensite_start":583.5,"martensite_type":"lath","PAGS":null,"parent_phase":"gamma","predicted_type":false,"solutionizing_temperature":1273.15},"outputs":{"calculation_error":false,"DG":2478.7109340367,"error":-52.3386049032,"error_message":[],"LC_martensite_start":635.8386049032,"PAGS_energy":0.0,"solutioning_conditions":{"N":1,"P":101325,"T":1273.15,"X_C":0.0178505746,"X_CR":0.0128986712,"X_MN":0.0020013024,"X_MO":0.0014898054,"X_NI":0.0155480072,"X_SI":0.0050891717},"solutionizing_phases":["FCC_A1","","","","","","",""]}}