{"index":770,"components":["C","CR","FE","MN","MO","NI","SI","VA"],"conditions":{"N":1,"P":101325,"T":1273.15,"X_C":0.0151683522,"X_CR":0.0152891909,"X_MN":0.0051249515,"X_MO":0.0017838353,"X_NI":0.0391288284,"X_SI":0.0033416391},"reference":"Steven1956","disabled":false,"model":"martensite_start","inputs":{"martensite_start":568.5,"martensite_type":"lath","PAGS":null,"parent_phase":"gamma","predicted_type":true,"solutionizing_temperature":1273.15},"outputs":{"calculation_error":false,"DG":2453.9562635798,"error":-6.8798423767,"error_message":[],"LC_martensite_start":575.3798423767,"PAGS_energy":0.0,"solutioning_conditions":{"N":1,"P":101325,"T":1273.15,"X_C":0.0151683522,"X_CR":0.0152891909,"X_MN":0.0051249515,"X_MO":0.0017838353,"X_NI":0.0391288284,"X_SI":0.0033416391},"solutionizing_phases":["FCC_A1","","","","","","",""]}}