{"index":783,"components":["C","CR","FE","MN","MO","NI","SI","VA"],"conditions":{"N":1,"P":101325,"T":1273.15,"X_C":0.0174353015,"X_CR":0.0128241557,"X_MN":0.005617318,"X_MO":0.0016657601,"X_NI":0.0281673617,"X_SI":0.002354579},"reference":"Steven1956","disabled":false,"model":"martensite_start","inputs":{"martensite_start":553.5,"martensite_type":"lath","PAGS":null,"parent_phase":"gamma","predicted_type":true,"solutionizing_temperature":1273.15},"outputs":{"calculation_error":false,"DG":2681.6344525436,"error":-35.4484588623,"error_message":[],"LC_martensite_start":588.9484588623,"PAGS_energy":0.0,"solutioning_conditions":{"N":1,"P":101325,"T":1273.15,"X_C":0.0174353015,"X_CR":0.0128241557,"X_MN":0.005617318,"X_MO":0.0016657601,"X_NI":0.0281673617,"X_SI":0.002354579},"solutionizing_phases":["FCC_A1","","","","","","",""]}}