{"index":796,"components":["C","CR","FE","MN","MO","NI","SI","VA"],"conditions":{"N":1,"P":101325,"T":1273.15,"X_C":0.0223657872,"X_CR":0.0134957065,"X_MN":0.0051890346,"X_MO":0.0016571229,"X_NI":0.0140106543,"X_SI":0.0033183576},"reference":"Steven1956","disabled":false,"model":"martensite_start","inputs":{"martensite_start":533.5,"martensite_type":"plate","PAGS":null,"parent_phase":"gamma","predicted_type":false,"solutionizing_temperature":1273.15},"outputs":{"calculation_error":false,"DG":2936.3002114888,"error":-37.3776029587,"error_message":[],"LC_martensite_start":570.8776029587,"PAGS_energy":0.0,"solutioning_conditions":{"N":1,"P":101325,"T":1273.15,"X_C":0.0223657872,"X_CR":0.0134957065,"X_MN":0.0051890346,"X_MO":0.0016571229,"X_NI":0.0140106543,"X_SI":0.0033183576},"solutionizing_phases":["FCC_A1","","","","","","",""]}}