{"index":780,"components":["C","CR","FE","MN","MO","NI","SI","VA"],"conditions":{"N":1,"P":101325,"T":1273.15,"X_C":0.0165121691,"X_CR":0.0129258468,"X_MN":0.0056154527,"X_MO":0.0017800489,"X_NI":0.013703564,"X_SI":0.0031383962},"reference":"Steven1956","disabled":false,"model":"martensite_start","inputs":{"martensite_start":573.5,"martensite_type":"lath","PAGS":null,"parent_phase":"gamma","predicted_type":true,"solutionizing_temperature":1273.15},"outputs":{"calculation_error":false,"DG":2624.5588501218,"error":-52.6456718922,"error_message":[],"LC_martensite_start":626.1456718922,"PAGS_energy":0.0,"solutioning_conditions":{"N":1,"P":101325,"T":1273.15,"X_C":0.0165121691,"X_CR":0.0129258468,"X_MN":0.0056154527,"X_MO":0.0017800489,"X_NI":0.013703564,"X_SI":0.0031383962},"solutionizing_phases":["FCC_A1","","","","","","",""]}}