{"index":786,"components":["C","CR","FE","MN","MO","NI","SI","VA"],"conditions":{"N":1,"P":101325,"T":1273.15,"X_C":0.0174106603,"X_CR":0.0100543222,"X_MN":0.0069115564,"X_MO":0.0014913295,"X_NI":0.0148138446,"X_SI":0.0039187522},"reference":"Steven1956","disabled":false,"model":"martensite_start","inputs":{"martensite_start":593.5,"martensite_type":"lath","PAGS":null,"parent_phase":"gamma","predicted_type":false,"solutionizing_temperature":1273.15},"outputs":{"calculation_error":false,"DG":2443.703312819,"error":-25.1920084,"error_message":[],"LC_martensite_start":618.6920084,"PAGS_energy":0.0,"solutioning_conditions":{"N":1,"P":101325,"T":1273.15,"X_C":0.0174106603,"X_CR":0.0100543222,"X_MN":0.0069115564,"X_MO":0.0014913295,"X_NI":0.0148138446,"X_SI":0.0039187522},"solutionizing_phases":["FCC_A1","","","","","","",""]}}