{"index":779,"components":["C","CR","FE","MN","MO","NI","SI","VA"],"conditions":{"N":1,"P":101325,"T":1273.15,"X_C":0.0164960432,"X_CR":0.0167236827,"X_MN":0.0052092566,"X_MO":0.001548851,"X_NI":0.0142527912,"X_SI":0.0043110804},"reference":"Steven1956","disabled":false,"model":"martensite_start","inputs":{"martensite_start":598.5,"martensite_type":"lath","PAGS":null,"parent_phase":"gamma","predicted_type":false,"solutionizing_temperature":1273.15},"outputs":{"calculation_error":false,"DG":2389.7842307394,"error":-18.895704174,"error_message":[],"LC_martensite_start":617.395704174,"PAGS_energy":0.0,"solutioning_conditions":{"N":1,"P":101325,"T":1273.15,"X_C":0.0164960432,"X_CR":0.0167236827,"X_MN":0.0052092566,"X_MO":0.001548851,"X_NI":0.0142527912,"X_SI":0.0043110804},"solutionizing_phases":["FCC_A1","","","","","","",""]}}