{"index":764,"components":["C","CR","FE","MN","MO","NI","SI","VA"],"conditions":{"N":1,"P":101325,"T":1273.15,"X_C":0.009235025,"X_CR":0.0053330497,"X_MN":0.0053503115,"X_MO":0.0014451625,"X_NI":0.0165357988,"X_SI":0.0021721355},"reference":"Steven1956","disabled":false,"model":"martensite_start","inputs":{"martensite_start":663.5,"martensite_type":"lath","PAGS":null,"parent_phase":"gamma","predicted_type":false,"solutionizing_temperature":1273.15},"outputs":{"calculation_error":false,"DG":1937.6542036923,"error":-20.8241482377,"error_message":[],"LC_martensite_start":684.3241482377,"PAGS_energy":0.0,"solutioning_conditions":{"N":1,"P":101325,"T":1273.15,"X_C":0.009235025,"X_CR":0.0053330497,"X_MN":0.0053503115,"X_MO":0.0014451625,"X_NI":0.0165357988,"X_SI":0.0021721355},"solutionizing_phases":["FCC_A1","","","","","","",""]}}