{"index":798,"components":["C","CR","FE","MN","MO","NI","SI","VA"],"conditions":{"N":1,"P":101325,"T":1273.15,"X_C":0.0182994298,"X_CR":0.0129981106,"X_MN":0.008401406,"X_MO":0.0015463576,"X_NI":0.0163830466,"X_SI":0.0052823538},"reference":"Steven1956","disabled":false,"model":"martensite_start","inputs":{"martensite_start":543.5,"martensite_type":"lath","PAGS":null,"parent_phase":"gamma","predicted_type":false,"solutionizing_temperature":1273.15},"outputs":{"calculation_error":false,"DG":2854.8071550868,"error":-46.1784205675,"error_message":[],"LC_martensite_start":589.6784205675,"PAGS_energy":0.0,"solutioning_conditions":{"N":1,"P":101325,"T":1273.15,"X_C":0.0182994298,"X_CR":0.0129981106,"X_MN":0.008401406,"X_MO":0.0015463576,"X_NI":0.0163830466,"X_SI":0.0052823538},"solutionizing_phases":["FCC_A1","","","","","","",""]}}