{"index":774,"components":["C","CR","FE","MN","MO","NI","SI","VA"],"conditions":{"N":1,"P":101325,"T":1273.15,"X_C":0.015147817,"X_CR":0.0016964991,"X_MN":0.0148522737,"X_MO":0.0015515597,"X_NI":0.0024422409,"X_SI":0.003533416},"reference":"Steven1956","disabled":false,"model":"martensite_start","inputs":{"martensite_start":613.5,"martensite_type":"lath","PAGS":null,"parent_phase":"gamma","predicted_type":false,"solutionizing_temperature":1273.15},"outputs":{"calculation_error":false,"DG":2309.1450367013,"error":-5.1003108501,"error_message":[],"LC_martensite_start":618.6003108501,"PAGS_energy":0.0,"solutioning_conditions":{"N":1,"P":101325,"T":1273.15,"X_C":0.015147817,"X_CR":0.0016964991,"X_MN":0.0148522737,"X_MO":0.0015515597,"X_NI":0.0024422409,"X_SI":0.003533416},"solutionizing_phases":["FCC_A1","","","","","","",""]}}