{"index":794,"components":["C","CR","FE","MN","MO","NI","SI","VA"],"conditions":{"N":1,"P":101325,"T":1273.15,"X_C":0.0200921614,"X_CR":0.0132905232,"X_MN":0.0057902471,"X_MO":0.0006288329,"X_NI":0.0130822086,"X_SI":0.0044914646},"reference":"Steven1956","disabled":false,"model":"martensite_start","inputs":{"martensite_start":573.5,"martensite_type":"lath","PAGS":null,"parent_phase":"gamma","predicted_type":true,"solutionizing_temperature":1273.15},"outputs":{"calculation_error":false,"DG":2620.5532120375,"error":-32.8416937351,"error_message":[],"LC_martensite_start":606.3416937351,"PAGS_energy":0.0,"solutioning_conditions":{"N":1,"P":101325,"T":1273.15,"X_C":0.0200921614,"X_CR":0.0132905232,"X_MN":0.0057902471,"X_MO":0.0006288329,"X_NI":0.0130822086,"X_SI":0.0044914646},"solutionizing_phases":["FCC_A1","","","","","","",""]}}