{"index":801,"components":["C","CR","FE","MN","MO","NI","SI","V","VA"],"conditions":{"N":1,"P":101325,"T":1273.15,"X_C":0.0232023646,"X_CR":0.0098784197,"X_MN":0.007161264,"X_MO":0.0002847742,"X_NI":0.0013964725,"X_SI":0.0052530556,"X_V":0.0021453031},"reference":"Steven1956","disabled":false,"model":"martensite_start","inputs":{"martensite_start":563.5,"martensite_type":"lath","PAGS":null,"parent_phase":"gamma","predicted_type":true,"solutionizing_temperature":1273.15},"outputs":{"calculation_error":false,"DG":2747.3769394283,"error":-51.3478154182,"error_message":[],"LC_martensite_start":614.8478154182,"PAGS_energy":0.0,"solutioning_conditions":{"N":1,"P":101325,"T":1273.15,"X_C":0.0232023646,"X_CR":0.0098784197,"X_MN":0.007161264,"X_MO":0.0002847742,"X_NI":0.0013964725,"X_SI":0.0052530556,"X_V":0.0021453031},"solutionizing_phases":["FCC_A1","FCC_A1","","","","","","",""]}}