{"index":756,"components":["C","CR","FE","MN","MO","NI","SI","VA"],"conditions":{"N":1,"P":101325,"T":1273.15,"X_C":0.0064720676,"X_CR":0.011853198,"X_MN":0.0045480229,"X_MO":0.0013889764,"X_NI":0.038880862,"X_SI":0.0055355299},"reference":"Steven1956","disabled":false,"model":"martensite_start","inputs":{"martensite_start":663.5,"martensite_type":"lath","PAGS":null,"parent_phase":"gamma","predicted_type":false,"solutionizing_temperature":1273.15},"outputs":{"calculation_error":false,"DG":1781.6949983416,"error":12.2152823091,"error_message":[],"LC_martensite_start":651.2847176909,"PAGS_energy":0.0,"solutioning_conditions":{"N":1,"P":101325,"T":1273.15,"X_C":0.0064720676,"X_CR":0.011853198,"X_MN":0.0045480229,"X_MO":0.0013889764,"X_NI":0.038880862,"X_SI":0.0055355299},"solutionizing_phases":["FCC_A1","","","","","","",""]}}