{"index":772,"components":["C","CR","FE","MN","MO","NI","SI","VA"],"conditions":{"N":1,"P":101325,"T":1273.15,"X_C":0.0151370006,"X_CR":0.0010595548,"X_MN":0.0062174556,"X_MO":0.0002871207,"X_NI":0.0083540091,"X_SI":0.0041193751},"reference":"Steven1956","disabled":false,"model":"martensite_start","inputs":{"martensite_start":643.5,"martensite_type":"lath","PAGS":null,"parent_phase":"gamma","predicted_type":false,"solutionizing_temperature":1273.15},"outputs":{"calculation_error":false,"DG":2130.8094860078,"error":-33.8236152649,"error_message":[],"LC_martensite_start":677.3236152649,"PAGS_energy":0.0,"solutioning_conditions":{"N":1,"P":101325,"T":1273.15,"X_C":0.0151370006,"X_CR":0.0010595548,"X_MN":0.0062174556,"X_MO":0.0002871207,"X_NI":0.0083540091,"X_SI":0.0041193751},"solutionizing_phases":["FCC_A1","","","","","","",""]}}