{"index":791,"components":["C","CR","FE","MN","MO","NI","SI","VA"],"conditions":{"N":1,"P":101325,"T":1273.15,"X_C":0.0187874887,"X_CR":0.001799415,"X_MN":0.0048086286,"X_MO":0.0012620488,"X_NI":0.0164097504,"X_SI":0.0025475011},"reference":"Steven1956","disabled":false,"model":"martensite_start","inputs":{"martensite_start":593.5,"martensite_type":"lath","PAGS":null,"parent_phase":"gamma","predicted_type":false,"solutionizing_temperature":1273.15},"outputs":{"calculation_error":false,"DG":2446.6061922654,"error":-53.2621841192,"error_message":[],"LC_martensite_start":646.7621841192,"PAGS_energy":0.0,"solutioning_conditions":{"N":1,"P":101325,"T":1273.15,"X_C":0.0187874887,"X_CR":0.001799415,"X_MN":0.0048086286,"X_MO":0.0012620488,"X_NI":0.0164097504,"X_SI":0.0025475011},"solutionizing_phases":["FCC_A1","","","","","","",""]}}