{"index":776,"components":["C","CR","FE","MN","MO","NI","SI","VA"],"conditions":{"N":1,"P":101325,"T":1273.15,"X_C":0.0155877431,"X_CR":0.0008472115,"X_MN":0.0106244218,"X_MO":0.0001147897,"X_NI":0.0070363047,"X_SI":0.0039212134},"reference":"Steven1956","disabled":false,"model":"martensite_start","inputs":{"martensite_start":618.5,"martensite_type":"lath","PAGS":null,"parent_phase":"gamma","predicted_type":false,"solutionizing_temperature":1273.15},"outputs":{"calculation_error":false,"DG":2318.6214574614,"error":-27.2993544817,"error_message":[],"LC_martensite_start":645.7993544817,"PAGS_energy":0.0,"solutioning_conditions":{"N":1,"P":101325,"T":1273.15,"X_C":0.0155877431,"X_CR":0.0008472115,"X_MN":0.0106244218,"X_MO":0.0001147897,"X_NI":0.0070363047,"X_SI":0.0039212134},"solutionizing_phases":["FCC_A1","","","","","","",""]}}