{"index":757,"components":["C","CR","FE","MN","MO","NI","SI","VA"],"conditions":{"N":1,"P":101325,"T":1273.15,"X_C":0.0069287678,"X_CR":0.0096029531,"X_MN":0.0041404136,"X_MO":0.0008674104,"X_NI":0.0285463603,"X_SI":0.0049384529},"reference":"Steven1956","disabled":false,"model":"martensite_start","inputs":{"martensite_start":688.5,"martensite_type":"lath","PAGS":null,"parent_phase":"gamma","predicted_type":false,"solutionizing_temperature":1273.15},"outputs":{"calculation_error":false,"DG":1684.8354167731,"error":13.1787799358,"error_message":[],"LC_martensite_start":675.3212200642,"PAGS_energy":0.0,"solutioning_conditions":{"N":1,"P":101325,"T":1273.15,"X_C":0.0069287678,"X_CR":0.0096029531,"X_MN":0.0041404136,"X_MO":0.0008674104,"X_NI":0.0285463603,"X_SI":0.0049384529},"solutionizing_phases":["FCC_A1","","","","","","",""]}}