{"index":799,"components":["C","CR","FE","MN","MO","NI","SI","VA"],"conditions":{"N":1,"P":101325,"T":1273.15,"X_C":0.0183079012,"X_CR":0.0056034047,"X_MN":0.0134084472,"X_MO":0.0012605784,"X_NI":0.009647057,"X_SI":0.0041103994},"reference":"Steven1956","disabled":false,"model":"martensite_start","inputs":{"martensite_start":573.5,"martensite_type":"lath","PAGS":null,"parent_phase":"gamma","predicted_type":true,"solutionizing_temperature":1273.15},"outputs":{"calculation_error":false,"DG":2614.9522535558,"error":-13.7630023956,"error_message":[],"LC_martensite_start":587.2630023956,"PAGS_energy":0.0,"solutioning_conditions":{"N":1,"P":101325,"T":1273.15,"X_C":0.0183079012,"X_CR":0.0056034047,"X_MN":0.0134084472,"X_MO":0.0012605784,"X_NI":0.009647057,"X_SI":0.0041103994},"solutionizing_phases":["FCC_A1","","","","","","",""]}}