{"index":781,"components":["C","CR","FE","MN","MO","NI","SI","VA"],"conditions":{"N":1,"P":101325,"T":1273.15,"X_C":0.016949674,"X_CR":0.0306870523,"X_MN":0.0052078455,"X_MO":0.0016631301,"X_NI":0.0141551874,"X_SI":0.0023508614},"reference":"Steven1956","disabled":false,"model":"martensite_start","inputs":{"martensite_start":553.5,"martensite_type":"lath","PAGS":null,"parent_phase":"gamma","predicted_type":true,"solutionizing_temperature":1273.15},"outputs":{"calculation_error":false,"DG":2720.1561661817,"error":-18.7106390476,"error_message":[],"LC_martensite_start":572.2106390476,"PAGS_energy":0.0,"solutioning_conditions":{"N":1,"P":101325,"T":1273.15,"X_C":0.016949674,"X_CR":0.0306870523,"X_MN":0.0052078455,"X_MO":0.0016631301,"X_NI":0.0141551874,"X_SI":0.0023508614},"solutionizing_phases":["FCC_A1","","","","","","",""]}}