{"components": ["FE", "MN", "SI", "VA"], "reference": ["Ishida1974a", "Takaki1990", "Yang2012"], "phases": ["HCP_A3"], "output": "MS", "conditions": {"P": 101325, "N": 1, "T": [408.15, 409.15, 409.15, 300.4102714847, 335.0784219035, 345.5523127638, 343.0, 422.0, 437.0, 441.0]}, "solver": {"mode": "manual", "sublattice_site_ratios": [1, 0.5], "sublattice_configurations": [[["FE", "MN", "SI"], "VA"], [["FE", "MN", "SI"], "VA"], [["FE", "MN", "SI"], "VA"], [["FE", "MN", "SI"], "VA"], [["FE", "MN", "SI"], "VA"], [["FE", "MN", "SI"], "VA"], [["FE", "MN", "SI"], "VA"], [["FE", "MN", "SI"], "VA"], [["FE", "MN", "SI"], "VA"], [["FE", "MN", "SI"], "VA"]], "sublattice_occupancies": [[[0.7739, 0.1968, 0.029300000000000003], 1.0], [[0.8174, 0.17250000000000001, 0.010100000000000001], 1.0], [[0.8087000000000001, 0.17170000000000002, 0.0196], 1.0], [[0.6153771863, 0.2529005062, 0.1317223075], 1.0], [[0.6981075705, 0.26096863260000003, 0.040923796900000003], 1.0], [[0.6643295011, 0.2583820093, 0.0772884896], 1.0], [[0.696805565, 0.2492380448, 0.0539563902], 1.0], [[0.7443078985, 0.15401433990000002, 0.1016777616], 1.0], [[0.7937726601, 0.15406705210000002, 0.0521602878], 1.0], [[0.6612831859, 0.2407593493, 0.0979574648], 1.0]]}, "values": [[[342.3253173532, 342.3253173532, 342.3253173532, 342.3253173532, 342.3253173532, 342.3253173532, 342.3253173532, 342.3253173532, 342.3253173532, 342.3253173532], [202.0117202477, 202.0117202477, 202.0117202477, 202.0117202477, 202.0117202477, 202.0117202477, 202.0117202477, 202.0117202477, 202.0117202477, 202.0117202477], [279.863712726, 279.863712726, 279.863712726, 279.863712726, 279.863712726, 279.863712726, 279.863712726, 279.863712726, 279.863712726, 279.863712726], [1235.5144347989, 1235.5144347989, 1235.5144347989, 1235.5144347989, 1235.5144347989, 1235.5144347989, 1235.5144347989, 1235.5144347989, 1235.5144347989, 1235.5144347989], [557.0191566778, 557.0191566778, 557.0191566778, 557.0191566778, 557.0191566778, 557.0191566778, 557.0191566778, 557.0191566778, 557.0191566778, 557.0191566778], [843.6491628264, 843.6491628264, 843.6491628264, 843.6491628264, 843.6491628264, 843.6491628264, 843.6491628264, 843.6491628264, 843.6491628264, 843.6491628264], [684.4233469475, 684.4233469475, 684.4233469475, 684.4233469475, 684.4233469475, 684.4233469475, 684.4233469475, 684.4233469475, 684.4233469475, 684.4233469475], [1051.997676449, 1051.997676449, 1051.997676449, 1051.997676449, 1051.997676449, 1051.997676449, 1051.997676449, 1051.997676449, 1051.997676449, 1051.997676449], [507.4708355451, 507.4708355451, 507.4708355451, 507.4708355451, 507.4708355451, 507.4708355451, 507.4708355451, 507.4708355451, 507.4708355451, 507.4708355451], [742.553584194, 742.553584194, 742.553584194, 742.553584194, 742.553584194, 742.553584194, 742.553584194, 742.553584194, 742.553584194, 742.553584194]]]}